,0,1,10,11,2,3,48623,48624,48625,48626,48627,48628,48629,48630,48631,48632,48633,48634,48636,49604,49934,51537,51728,6,63629,63959,65562,65753,70583,70584,70585,70587,70589,70590,70591,70592,70593,70594,70595,70596,70597,70598,70599,70601,70602,70604,70605,70606,70607,70608,70609,70610,70611,70612,70613,70614,70615,70616,70617,70618,70619,70620,70621,70622,8,9,4,70568,52023,66048,70582,69893,48637,36278,7,5
0,2.6646968992226903,5.241769425052553,2.6082557057761733,1.3407812961722811,2.664699350207229,2.664705291066639,27.421958510586343,27.42195851175987,27.42195851052305,27.421958510612907,27.4219585446021,27.42195851024133,27.421958509855894,27.42195822167394,27.421958510244313,27.421958510061657,27.421958507146396,27.421958544425223,27.42195850777224,27.327961654092103,27.315287158480714,27.328180491399472,27.326440330063633,5.2417567687771225,27.61734302421428,27.649514107271898,27.50033213867755,27.61998403470352,27.327719097666243,27.328449086855493,0.008761136145639566,27.328351938619228,27.32801879170036,27.328539487805777,27.323652916169088,27.327853769106802,0.007441790728846475,27.32850877003749,27.32844772952569,19.263592737565453,19.42787063456693,27.32312425253243,19.11324424007403,0.0035693672955649756,27.3286697256566,27.325733647106375,27.566180780400828,27.549937024261453,0.00891769436384493,27.60525784368656,27.55808212728516,27.56610081479448,30.78541474051235,27.5625316938349,0.007561046053524478,27.580274358948373,27.53751525282314,22.9314379173029,23.12121375294737,27.573751222353167,22.753552078826033,0.004176120304691722,28.003614344917775,23.29920465042684,2.6647826173775684,1.3407657960869983,2.6646970881629386,27.421958510650693,1.2292613270869779,1.4561558303864954,10.932518319592399,2.6646543753049627,1.2593453369391854,2.6646006021401263,10000.040750323755,2.6008444305443845
1,2.664520030220956,5.2408922475169675,2.6008038830841542,1.3407780956295028,2.6645204503256537,2.6645480720490013,27.421958510585615,27.42195851259253,27.421958510523233,27.42195851061364,27.421958549276066,27.421958510243226,27.42195851030497,27.421958220353556,27.421958510243986,27.421958510397996,27.42195850714489,27.421958549277193,27.421958507770917,27.32772989809248,27.328093837855704,27.328157123710415,27.326114379351566,5.240926506463438,27.612608369454392,27.633075360685325,27.50033341260314,27.619978962371533,27.32767954012518,27.3284417779393,0.008760121099865074,27.328285719241265,27.328012483492223,27.328536277719657,27.260599481943185,27.32783652668782,0.007441965228577705,27.328494579852183,27.328437945293132,19.256525833441838,19.39964308776992,27.32294068381928,19.113091665410515,0.0052533184262016355,27.32865879561942,27.317105845872298,27.566180430416352,27.549937641742872,0.008916096714528976,27.605249297377668,27.55806589187523,27.566103603430747,30.728724247432183,27.56253149822078,0.007559347161077312,27.580273879624656,27.537511512142373,22.92306675609325,23.090714994905284,27.57375139683063,22.753381672644537,0.004078234291228,28.003615526982035,23.29533806270306,2.6645478972586716,1.3407622248996631,2.6645186964742607,27.421958510650747,1.2225579924336776,1.4489322893006242,10.932476874148435,2.6646374880929216,1.2577230488700426,2.664441653962058,10000.040699956098,2.6008213565182814
2,2.664462387199819,5.2403838068257755,2.6006107793509727,1.3407763107425126,2.6644673510381836,2.664501251632828,27.4219585105838,27.42195851266693,27.42195851052142,27.421958510610512,27.421958551375074,27.421958510244437,27.42195851033763,27.421958219543587,27.421958510244128,27.421958510402067,27.42195850714441,27.421958551265543,27.42195850776523,27.32759342948064,27.344719144892224,27.328139003706,27.325892819491855,5.240462194295105,27.615474412146796,27.613086412920893,27.500331992816427,27.619971491096294,27.327624616831244,27.328428911513132,0.008758800481423757,27.328210606433572,27.327976991027608,27.32852826965096,27.318002712042084,27.327787388277628,0.007438635645804701,27.328487726432826,27.328428736327826,19.229284712340657,19.41327339886805,27.322582430630792,19.113041490440935,0.001063726472949277,27.328649808947333,19.5729660368337,27.566179321969685,27.54993666371047,0.008915987546060933,27.605232220768812,27.558060356237547,27.56610189937055,30.62790438762022,27.562530233441066,0.007558088907899219,27.580272502136722,27.537509564032007,22.89068687769577,23.108289582198267,27.573749263583522,22.75333160505579,0.0012186128078610636,28.00361397300758,23.291158633765818,2.664477652318965,1.3407556285674218,2.6644629680231446,27.421958510646615,1.214232381849083,1.4454852166932417,10.932457077390115,2.664621189898753,1.256232163120752,2.6643485637141566,10000.040560621592,2.6007963210995513
3,2.6644392935450014,5.2401311154699215,1.3408844332880108,1.3407685045531252,2.6644456044759863,2.6644331757343025,27.421958510585714,27.421958512462265,27.4219585105217,27.421958510606828,27.421958549328856,27.42195851024744,27.421958510194177,27.421958220190458,27.421958510242746,27.421958510317083,27.421958507147895,27.421958549333258,27.421958507763637,27.32839378558601,27.328247030689454,27.328279645914765,27.327145571844085,5.24004469636202,27.627355456621444,27.624007060407166,27.50033263338628,27.619974493336485,27.328114555987725,27.328535929067,0.008779824378633495,27.328594202606865,27.32820536366162,27.328596444530675,27.304619106042416,27.328158898225155,0.007493858778564841,27.328601649785497,27.32850772334409,19.245112327622174,27.335441096452424,27.323972063669167,19.11315955317288,0.008346738983306106,27.32870978971861,27.328010073835344,27.566178996286908,27.54993597065186,0.008930395595598384,27.605215215326098,27.558066244471775,27.566100611089496,30.61226126422116,27.56252960875645,0.007609204631080502,27.580270709953766,27.53750980677978,22.90782137817223,23.16360947764406,27.573746259658947,22.753374866786544,0.009656826348873437,28.003612886638688,23.295336411175324,2.664452460625398,1.3407480916994245,2.664443273908546,27.42195851064246,1.2142052527038139,1.445457101160338,10.932444217113346,2.6646061829778773,1.2548874061194952,2.6643016656125837,101.87236514098186,2.6007964223717863
4,2.6644303354805743,5.24012061985195,1.3408136650105007,1.3407427165147965,2.664434671147319,2.6644306126818265,27.421958510583103,27.421958512455035,27.42195851051961,27.42195851060361,27.42195854863356,27.421958510247656,27.421958510283705,27.421958220697423,27.421958510248743,27.421958510364448,27.421958507148485,27.421958548474553,27.421958507759726,27.328479783646497,27.335090064558244,27.328324757998256,27.32742305551801,5.240059469082553,27.63462463333599,27.602225891549097,27.50033327946221,27.619972887179756,27.328255578829378,27.328577012077044,0.008791668811873522,27.32864131933784,27.328306244389857,27.328619905154664,27.343851358779656,27.328292472321536,0.007543150583027045,27.328628430084745,27.328541333192653,19.243960456437403,27.322396320746627,27.32518250533822,19.113412633961783,0.005488514025881458,27.328729397102222,27.328356954546933,27.566179859657495,27.549935197492232,0.00893958737651701,27.605198896530055,27.558079737182197,27.56609903185563,30.668946164631052,27.562529683149478,0.007657998881768435,27.5802694640588,27.53751121688947,22.902032107343985,23.087093293510407,27.57374236737087,22.753553048149115,0.00487666835579148,28.003612115863863,23.299197747940564,2.6644391734989767,1.3407340828380256,2.6644320123450598,27.421958510639346,1.2141966374040265,1.4454444650890461,10.932434816531991,2.66458986161706,1.2536893231241573,2.6642781895425287,101.87220275104664,2.6007802201838786
5,2.6644154569603415,5.239650281606373,1.340865890686473,1.340760315024454,2.664419688846465,2.664411752137312,27.421958510581806,27.421958512435417,27.421958510518216,27.421958510600902,27.421958548295596,27.421958510247908,27.421958510202206,27.421958220828774,27.421958510247357,27.421958510314273,27.42195850714967,27.42195854826403,27.421958507756052,27.32858720480971,27.328400512673397,27.328401208417933,27.3276674160752,5.240039181717293,27.62707084932481,27.612822739778494,27.500333596384735,27.619978922839437,27.328404532119514,27.32862465640173,0.008814424391211903,27.32869481481963,27.328407650273157,27.32865380606053,27.324989836041766,27.328429553646927,0.007616326442964202,27.328666006724742,27.32858128768749,27.317375800824138,27.333179965485044,27.32554359965863,19.114147638242336,0.006233991815593189,27.328741098248052,27.32846319210417,27.566180407820866,27.549935046890823,0.008965092389189522,27.60518172396405,27.558098330977373,27.566097292006816,30.713860191717686,27.562530730849176,0.0077312332523433724,27.58026725820855,27.53751185800138,22.964155579933504,23.122769818801316,27.573744053661358,22.75419515153044,0.007356546559094568,28.00361176462472,23.30277625081271,2.664421973071512,1.3407359325246944,2.664417246276571,27.421958510636554,1.2141954781982989,1.4454362674169197,10.932427596884423,2.6645718031832075,1.252632980625806,2.664271514979191,5.250532865036803,2.600760467152213
6,2.664418582962753,5.24003367612022,2.6010138114197616,1.3407423632779683,2.664423241516488,2.664427130253898,27.421958510578985,27.421958512511036,27.421958510515974,27.421958510598476,27.42195854890178,27.421958510247403,27.42195851032649,27.421958220922413,27.421958510246984,27.421958510400305,27.421958507152453,27.42195854876783,27.421958507752684,27.328731806761006,27.31721422876035,27.328596878717278,27.328360799814618,5.239577620623095,27.65838031232306,27.600446272346744,27.50033600205643,27.619985001017994,27.328598246949962,27.328701393946925,0.00891873383886103,27.32876481907309,27.328561543662836,27.328722133525048,27.33089637673897,27.328585448536646,0.007830371391289871,27.3287473936982,27.328673519803043,27.323357631295053,27.328600462883205,27.325683021295525,27.32724312454483,0.004594981429085839,27.328778090059267,27.328700634515087,27.566180452879053,27.54993432804804,0.009051317421835847,27.605166118682973,27.55812056317336,27.566096157768698,30.728523725330888,27.56253127425589,0.0079204499052139,27.580264077820175,27.537513280842177,22.972859786545087,23.12706372913817,27.57374219031044,22.955272263398,0.0052547626928571844,28.003611786711552,23.306097107748155,2.664427442578017,1.340753432648853,2.6644206608107197,27.421958510633765,1.2177460478226805,1.4454299706158218,10.93242178732995,2.6645437734769075,1.2517141817832682,2.6642798936663894,5.250086324618678,2.600770589138847
7,2.664432541883798,5.240291658503338,2.6011375518119166,1.3407636814044963,2.664434554215404,2.664402676584359,27.421958510576506,27.421958512516106,27.421958510513686,27.421958510598085,27.421958548449954,27.421958510244885,27.421958510259806,27.421958221197094,27.42195851024578,27.421958510358788,27.4219585071555,27.421958548453155,27.421958507750166,27.32872415419295,27.32856734848974,27.328577882199703,27.32831266861649,5.23960233145408,27.641915565314775,27.57190261732103,27.500336912193234,27.61998895216675,27.328582307949365,27.328694330286414,0.008899003235268852,27.328760340332884,27.328545233211905,27.32871644719854,27.312719666092267,27.32857097135682,0.007794114180501141,27.32874169535107,27.32866421232361,27.324789025056035,27.33441840615319,27.325572857099417,27.327298503785208,0.01062382126557157,27.328774855435217,27.328686316170646,27.566181133408463,27.549933467013034,0.009041035822519916,27.605151092038795,27.558137150897892,27.56609463753375,30.752901527152062,27.562531715588193,0.00789310718755587,27.580261127544873,27.53751440310225,22.964027326472205,23.14875762178235,27.573736483631365,22.95552573866189,0.011999428261333378,28.00361210648803,23.30918229730504,2.664444444975743,1.3407624845294777,2.6644340977254615,27.421958510631878,1.2141655123010706,1.4454236793831918,10.932417013927518,2.664508462379672,1.2509278811484517,2.664296275253946,5.250212798360735,2.6007690026872297
8,2.664475013691117,5.24008577544555,2.6446781822469347,1.340786033166296,2.6644822149701213,2.664469091459978,27.421958510601062,27.421958512291415,27.421958510526462,27.421958510609528,27.42195854642737,27.42195851023503,27.421958513882448,27.42195822192782,27.42195851026734,27.421958514206317,27.421958507159648,27.421958546294203,27.421958507758617,27.328713798794443,27.323805535161227,27.328558363622456,27.328254244233904,5.2406946830997185,27.658501312060253,27.59207260810399,27.500339729029292,27.61998339366255,27.328561218012993,27.32868391363627,0.008874385327304573,27.32875433956093,27.328523682175543,27.328708112391283,27.32353205194908,27.32855008056103,0.0077550843667162864,27.328735040899417,27.328654061851502,27.322726161461645,27.325103318682693,27.325548011896448,27.32701202297,0.0012478501287706502,27.32877181736953,27.328672062597505,27.566181480342493,27.549933075577428,0.009021052881507785,27.605136747009965,27.55815008258287,27.566091678847442,30.78606718077026,27.562532388639738,0.007862155758630252,27.580257510124284,27.53751518842182,22.976482988837233,23.12878819407706,27.573728477205805,22.955631704460757,0.0003545348190527875,28.003612412363136,23.312047909965884,2.6645012146309455,1.3407703455432056,2.6644771272476646,27.421958510645634,1.214147236838411,1.4454201941372897,10.932413031842046,2.664469973768064,1.2502686458159742,2.6643227220156405,5.250431606647908,2.6007709553668974
9,2.6644816852058284,5.241227381879071,2.60090421611676,1.3408020802744431,2.664483534734245,2.6644613766202383,27.421958510598316,27.421958512184265,27.42195851052643,27.4219585106145,27.42195854530974,27.42195851023243,27.421958510157985,27.4219582227223,27.4219585102622,27.42195851029303,27.421958507173116,27.42195854514438,27.421958507775898,27.328720608845344,27.32855906320583,27.328569886286093,27.328305102606464,5.241119263229848,27.685904257872608,27.555691100331387,27.500339012043696,27.619980375666273,27.328569432573815,27.3286884989344,0.008880924961060885,27.328758909357024,27.328533702243917,27.32871229708543,27.31883909700341,27.328556904097457,0.007761266604339497,27.328739306295706,27.328659365123954,27.324525217504146,27.326954244315125,27.325365288704972,27.32735096203109,0.009606348848564662,27.328774494452908,27.328684194029854,27.566181752723423,27.549932294619794,0.00902577994747844,27.60512740532795,27.558161079850834,27.566090313863242,30.744889162277104,27.56253175893289,0.00786528295975586,27.580254391330527,27.53751594399546,22.97974165632513,23.134176818897686,27.573707530840693,22.955691257806393,0.01096519917700789,28.00361287673879,23.314708286665546,2.664599210398592,1.340773976451601,2.6644846612944093,27.42195851065142,1.214158180784076,1.4454180735697264,10.932409682632425,2.6644290869699034,1.2497414637797926,2.6643550105909526,101.872282775641,2.600772458481515
10,2.6644362633924175,5.240630679178139,2.60124418191117,1.3407883553572901,2.664443099287382,2.664419359749445,27.42195851059462,27.42195851216307,27.421958510523645,27.42195851061381,27.42195854469464,27.421958510230837,27.42195851008565,27.421958222991798,27.421958510256033,27.4219585102491,27.42195850717497,27.42195854459686,27.421958507775024,27.32872253161235,27.32683872351481,27.328573779675317,27.328313846202946,5.240880761022709,27.641392041485233,27.593223236723134,27.50034124207741,27.619983452606903,27.328566971850833,27.32868864941289,0.008881955664916064,27.3287593908906,27.328533068542676,27.32871243089811,27.32878409591429,27.3285589666,0.007766209523213906,27.328741051412585,27.328660519474813,27.323983392822065,27.35025652590152,27.32520603102609,27.327352556077674,0.007630009583035332,27.32877501135679,27.328687513632822,27.566183180237203,27.54993323328563,0.009029201859448222,27.60512312501487,27.558168874262265,27.566088521416532,30.753721917371877,27.56253258108154,0.00786914362652169,27.58025247946898,27.5375171980304,22.982322129115346,23.096635101597712,27.573695572215,22.955706336389994,0.008515896615790552,28.003613380514746,23.317175578013277,4.436023000545902,1.3407797180116177,2.6644396837436943,27.42195851064901,1.2141569891215438,1.445417127006423,10.932406850100245,2.6643971784378664,1.2493537592706427,2.664384406283716,101.87252553552935,2.6007699248657445
11,2.664427909792721,5.240365344734528,2.6007819275073416,1.3407904265513935,2.664442344184863,2.6644863013298163,27.42195851059278,27.421958512226418,27.42195851052347,27.42195851061487,27.42195854485202,27.421958510229842,27.421958510189008,27.421958223116103,27.42195851025167,27.42195851029912,27.4219585071773,27.421958544713824,27.421958507776317,27.3287153405791,27.32854918526573,27.328558149104378,27.328263536606755,5.240211505974003,27.641343240717106,27.623315298309535,27.50034181488445,27.619984373619445,27.328546309777767,27.328681147496713,0.008867139724789353,27.328754376048096,27.328514403657167,27.32870622754903,27.328781852605974,27.328542706623022,0.007734828422786173,27.328734105115032,27.32864297942333,27.33222686856464,27.330733017224745,27.322106470467112,27.32406749337956,0.005842535284847335,27.328772095427706,27.32867199683326,27.566184758576128,27.54993274444314,0.00901469905693375,27.605118531857443,27.55817479612233,27.56608978004624,30.782086628920297,27.562533975453334,0.00783879256414366,27.580249998589352,27.53751734962316,23.003897672653693,23.03416394875785,27.573697545331015,22.95568506610107,0.0062211534605012275,28.003613761926744,23.319460101895825,2.775537125999108,1.3407743059997301,2.6644349796988536,27.421958510651802,1.2141562988371526,1.4454169057988213,10.932404467386151,2.6643867501006753,1.2491032082818265,2.6644108947748464,106.1174178935089,2.6007666947261896
12,2.6644435345588136,5.240665679924859,2.6010193782549322,1.3407742826439062,2.6644520921399817,2.6644333197345986,27.421958510589075,27.42195851219981,27.421958510519758,27.42195851061115,27.421958544500047,27.421958510228254,27.42195851016967,27.421958223132545,27.421958510245133,27.42195851030668,27.4219585071771,27.421958544433707,27.42195850777251,27.328679451389426,27.336320145190257,27.328499756390187,27.3280834547204,5.240606883762666,27.63596948919985,27.616209863295808,27.50033907480065,27.61998778173438,27.328443110519167,27.328645240017245,0.008828806955482611,27.328733565356565,27.328436837112598,27.328680456706998,27.328775358876232,27.328463291617854,0.007657432916367873,27.328712121128067,27.328592347643603,27.330449405454303,27.322058975512302,27.28653519967637,19.28334937523213,0.009690890226193837,27.328761703523718,27.328614436665745,27.566184097358928,27.54993230727814,0.008980645405245014,27.60511305419459,27.55817789414141,27.566091576767576,30.83727971721237,27.562534622826206,0.007779496672810637,27.580247386671545,27.53751866519997,23.003718660445884,23.012717358102236,27.57368975940153,22.955656761589125,0.010728621869930066,28.003613992085125,23.321570879421643,2.664584213462149,1.3407763220420748,2.6644501673727063,27.42195851064645,1.2141615443944607,1.4454173409183693,10.93240247309544,2.664385336180203,1.2489861763079113,2.664438001340386,106.11745797435833,2.6007653118031158
13,2.664438216825147,5.240216140960911,2.601793854671996,1.3407543220710068,2.6644492649174936,2.664451419501347,27.421958510585966,27.42195851221325,27.421958510517577,27.42195851060819,27.42195854477754,27.421958510226816,27.4219585102152,27.42195822314418,27.42195851023906,27.42195851033403,27.42195850717779,27.421958544607072,27.421958507769567,27.328710991138177,27.328538809564634,27.328553299201996,27.328250124939586,5.240106954252042,27.633846903067024,27.600216843698945,27.500340942749972,27.619995684528476,27.328516181430107,27.32867194258294,0.008853105166198411,27.328752486778292,27.328493837207226,27.32870239573274,27.328780715829065,27.32852049384501,0.007716257210267094,27.328732387919402,27.32863071972417,27.332393806254323,27.329516334192785,27.3130269766193,27.319545909815307,0.0009217269144266516,27.328770849294077,27.32866640860705,27.56618413169963,27.54993275536981,0.008999223997307126,27.605109021576936,27.558184975396216,27.56609104022391,30.894239316985477,27.562536344124965,0.007825385255273432,27.58024733426828,27.537520062696785,23.01217856902258,23.020834601724346,27.57368618298824,22.955665361048887,0.0010968446786137065,28.003614043772988,23.323515585230012,2.664485645496825,1.340778501402383,2.664447369523259,27.42195851064501,1.2141559602650986,1.4454186788523808,10.932400820355817,2.664390229840137,1.2490010792891106,2.66446738376726,106.11746931595917,2.600765670376859
14,2.664435968252292,5.240660657693297,2.6106945764004195,1.3407859396666026,2.6644443052846327,2.664450499078157,27.42195851058209,27.421958512153427,27.421958510512496,27.421958510600916,27.421958544535855,27.42195851022489,27.421958510097536,27.421958222924722,27.421958510232223,27.421958510252974,27.42195850717564,27.421958544467444,27.421958507761904,27.328723254053866,27.328561227219325,27.328571879777254,27.32831994211847,5.240420916403309,27.63098158104731,27.59514961792229,27.500339926025845,27.619991998368278,27.32855007702592,27.328683374031044,0.008871448247036215,27.328758587239253,27.328517592724076,27.32871113184183,27.328783115781516,27.3285427669162,0.00775468305665114,27.3287402535559,27.328652121472658,27.331610519104586,27.333465920573417,27.3225876697809,27.32701911652519,0.00577786041280868,27.32877514898327,27.328687244592157,27.566183373795866,27.549931875902985,0.00901771509234095,27.605105452359567,27.55819187403722,27.566089381229176,30.935457840454546,27.562536295348764,0.007861280655561131,27.58024652822678,27.53752071486815,23.02661367195651,23.060205740184756,27.57370134998382,22.955670558489146,0.0065435956694273045,28.00361391293103,23.325301544068793,2.664456136584704,1.3407816414528497,2.66444214918738,27.42195851063581,1.2141591638123783,1.445422410946487,10.932399493101721,2.6643973061036377,1.249150061675847,2.6645069976984814,106.11746912086346,2.6007778715775203
15,2.664489770437285,5.240319296146481,2.664407620099155,1.340798041634116,2.6644925133550714,2.6644884030647518,27.421958510582865,27.42195851223189,27.42195851051211,27.42195851059545,27.42195854581793,27.42195851022696,27.421958510216175,27.42195822238919,27.421958510233647,27.421958510322742,27.421958507174477,27.421958545659223,27.42195850775644,27.328721826587167,27.31447925563043,27.32857576530946,27.32831671475833,5.239936249179664,27.638812594184856,27.602921634521408,27.50034045159373,27.619995394708894,27.328560177099135,27.32868693556272,0.008876101169798506,27.328758348733352,27.32852177724868,27.328711960186425,27.328784541856216,27.328548635377288,0.0077545133357358065,27.328740055816272,27.328653071978774,27.309737094466414,27.30952120414197,27.318861827627032,27.32712750456971,0.006050705084025009,27.328774644386563,27.328685181568456,27.56618279830218,27.5499319712726,0.009021582149216556,27.605102100453223,27.558196906142257,27.566088244242565,30.94190576582696,27.562535215307435,0.007861093450628687,27.580242945392456,27.53752192889624,22.999651170292054,23.026841109523957,27.573712638852157,22.95564884981104,0.006794486405851785,28.003613768503318,23.32693510375486,2.6645072739320312,1.3407918578086537,2.66449185205056,27.4219585106319,1.214305208154163,1.4455121661288857,10.932398453397639,2.6644204833901313,1.249436437848421,2.664585797840118,101.87281563844226,2.600835326455126
16,5.240567904858835,5.2407525926719245,5.2405011609498615,1.340808197050137,5.240636223697948,5.240573948194651,27.421958510579312,27.421958512523414,27.421958510506613,27.42195851058663,27.4219585480464,27.421958510225117,27.42195851027258,27.421958221370886,27.421958510226943,27.421958510369755,27.421958507170697,27.421958548017233,27.421958507746844,27.328727021269497,27.328572271941084,27.3285838211909,27.328329401638257,5.240937810498508,27.63263391422879,27.56517771858853,27.50034177947964,27.61999293170811,27.328573449755044,27.328691790414243,0.00888673921031182,27.328761010152245,27.3285328997272,27.32871575644143,27.32142963969766,27.328561214564218,0.007774258719496425,27.328743560116266,27.328663461408336,27.321766766299078,27.32418521366937,27.324999182551707,27.327369513573558,0.001402267974034868,27.328775838827944,27.328689618812966,27.56618067666568,27.54993135345103,0.009029713803101913,27.605098807443937,27.55819998885272,27.566089304216803,30.907742766801675,27.562534191787563,0.00788258514876361,27.58024057250259,27.537523045513808,23.0050327512472,23.022977706972597,27.57371342207989,22.95559661630068,0.0016598236798017751,28.0036138512899,23.328421830048672,5.240596838211786,1.340799508485361,5.240574628307513,27.421958510620808,2.4162741005209623,2.1567342299054872,10.93239767115768,5.240257770714379,1.2498524469423395,5.240234927698111,101.87435224166438,2.601082719551414
17,5.240510128052847,5.240464046954003,5.240464742675613,1.3407974618439766,5.240489158799392,5.24053251775149,27.421958510576445,27.421958512499003,27.421958510503746,27.42195851058179,27.421958548682657,27.42195851022371,27.42195851025521,27.421958221114277,27.421958510221344,27.42195851034612,27.42195850717597,27.421958548553107,27.42195850774137,27.328722958335455,27.33928671990725,27.328575629751167,27.32832896572836,5.24026486751427,27.612216461840944,27.564429415318955,27.50034218912151,27.61999092649239,27.32856873125119,27.328689702072,0.008882982631737604,27.32875932341154,27.328531561721558,27.32871347320418,27.32236396137522,27.328557915157127,0.0077697649674237975,27.328741435616692,27.328661288020598,27.332248759878148,27.31048922661191,27.325262611147085,27.32721895664738,0.008376208456717457,27.328775320573897,27.32868797133861,27.56617932186964,27.549930912709897,0.009025253033541958,27.605096691571816,27.558197108184686,27.566089013362216,30.936325768967436,27.562532527705116,0.0078747559691692,27.58023791163032,27.537524192532146,23.00131796579626,23.01506718485325,27.57372227684391,22.955492495346334,0.009372046984935878,28.003613716834625,23.329765914811382,5.240539169011754,1.3408012295039953,5.240502792872576,27.421958510616818,2.4308632029256305,2.2486613861985356,10.932397155132424,5.240066644812032,1.2502879947634078,5.24044041911111,101.87335569923744,2.6030669403025968
18,5.241126717006409,5.2409663733124034,5.241094956289089,1.3408096943185228,5.24112545231219,5.241267505951328,27.421958510572644,27.42195851240741,27.4219585104995,27.421958510577387,27.421958548285982,27.421958510221515,27.42195851017365,27.42195822100715,27.421958510215063,27.421958510308205,27.421958507171365,27.42195854822395,27.421958507736456,27.328708303358507,27.328533262720157,27.328551324053247,27.3282524810802,5.240881836771223,27.618567117160637,27.555084884887037,27.50033991026976,27.6199848201868,27.32853206075821,27.32867325974425,0.008854101336738944,27.32875006896591,27.32849370777447,27.328703342500184,27.3305267878291,27.32851916031561,0.00770566513017995,27.328732713024415,27.32864581876185,27.322686103357135,27.323971365768905,27.325081182209072,27.326148286863763,0.0069107832097566645,27.328771296282365,27.328668762659127,27.566178564993606,27.549931555035073,0.009000793517770944,27.605096123714247,27.558191104884827,27.566089355363147,30.971080959770916,27.56253137051317,0.00781901016671327,27.58023670487637,27.537525369030845,23.0016825873754,23.01958618547178,27.573731037551624,22.95531379505337,0.008218992754336796,28.00361369995754,23.330971775726443,5.241143008739527,1.3408039258774807,5.241126246190106,27.421958510610377,2.4417824161562427,2.3011258276600333,10.932396873278437,5.240280621408601,1.250742767042326,5.240645933712585,101.87356401482066,2.608357400618843
19,5.240960341980099,5.240940842222699,5.240931659915077,1.340762831228858,5.240937060572833,5.240935946587342,27.421958510586844,27.421958512426336,27.42195851050817,27.42195851057988,27.42195854835564,27.4219585102228,27.421958510244572,27.421958221081347,27.421958510224133,27.42195851033136,27.421958507168355,27.4219585482471,27.421958507741508,27.328712622334326,27.325782636838994,27.32855958350435,27.328271854819832,5.240993230707318,27.627417310935925,27.562892009638745,27.500337570098054,27.61998880525607,27.328542487096122,27.32867647920244,0.00885902865861954,27.328752929151776,27.328499936563937,27.328708082920905,27.315515962926618,27.328526436554128,0.0077008723941005604,27.328735626457267,27.328648883084046,27.327925102731008,27.323247177819766,27.325020696670606,27.326278359871033,0.013536858778310899,27.328772140995298,27.328672773554782,27.566178510818645,27.549931718065636,0.00900009588622197,27.6050975129383,27.55818321057086,27.566089669302528,30.94511732238061,27.562531020297683,0.0078088006885081995,27.580235179360898,27.537525828822254,23.01635917551539,23.02580740725898,27.573751972973696,22.955083417717105,0.01522107249002147,28.003613837675676,23.33204300875945,5.240981278127947,1.3407982909429847,5.240967592464585,27.421958510616975,2.458038314129694,2.341462586346354,10.93239680447017,5.240327379990049,1.251217642338329,5.240654726185312,106.11749844655606,5.240473781545006
20,5.24160029300765,5.241763232332232,5.24157928317436,1.3408209029494174,5.24159963466991,5.241479561378583,27.42195851058261,27.42195851240009,27.421958510503625,27.421958510575486,27.421958547982424,27.421958510220108,27.421958510186084,27.421958221129366,27.421958510217742,27.421958510307505,27.42195850716404,27.421958547942047,27.42195850773666,27.328698751394633,27.328518665848605,27.328533939667317,27.328208042747065,5.241218227123682,27.630930541048656,27.551271659031045,27.500340969332683,27.619983527241857,27.328507255838037,27.328663922659434,0.00884170854312913,27.328744695568243,27.32846999630976,27.3286999309785,27.309790646797286,27.3284917447916,0.0076619138723914215,27.328728420889263,27.32863490472855,27.316516774157307,27.324628375040085,27.32489052872429,27.323868286783537,0.00016685296907472253,27.32876824909344,27.32865136502755,27.56617760059271,27.54993131197807,0.008981539227534086,27.60509859295962,27.55817259129799,27.56608879745545,30.928201028140393,27.56253081720206,0.0077747128689225065,27.580236331117703,27.537526414165768,22.988316194167055,23.00709008040394,27.573763741336734,22.954743479889657,-0.0004237275079503888,28.00361403906806,23.332982662043776,5.241625739870869,1.3407935322211415,5.241616805138619,27.421958510610573,2.467149242138618,2.3753938804250123,10.93239699792778,5.240282167123951,1.2517131807362707,5.240702392955427,101.87296216514369,5.241344936252062
21,5.2407662231835275,5.240913592280776,5.2406392883676745,1.3407609449513984,5.240785107287593,5.240688284317002,27.42195851057888,27.421958512400803,27.421958510500215,27.421958510570523,27.421958548303,27.421958510217767,27.42195851022605,27.421958221177864,27.421958510212008,27.42195851032874,27.421958507161946,27.421958548159296,27.421958507731382,27.328696871663986,27.332865126323668,27.328530142596016,27.328188729024987,5.241371609161433,27.619980668396238,27.55868988281145,27.500339434505804,27.619982509067995,27.32850574135618,27.328662201964967,0.008841058687287153,27.32874395124602,27.328466256292913,27.32869764935505,27.374332537843223,27.32849396550211,0.007658210936449357,27.328727007030277,27.32863232325986,27.331446540257453,27.331161175036808,27.324855133402096,27.322886878364,0.006649427879237302,27.328767309979366,27.328646662161905,27.566176820100736,27.54993157537865,0.00897953320236411,27.605099155120115,27.558161061722785,27.566088014000343,31.029400501736745,27.562530577026337,0.007767860433887108,27.580237190935804,27.537525445457504,22.996004450487817,23.028161403251943,27.57377661548344,22.954343375864482,0.007169276121203438,28.003614240375793,23.333793160936423,5.240768202173058,1.3407851031679456,5.240768807263521,27.421958510606817,2.4749876301256823,2.4053684565633686,10.932397408805903,5.240269905276364,1.2522290355433727,5.240620819227843,101.87288441380224,5.240584542043507
22,5.240807121712351,5.240858968509201,5.239737928795876,1.340876800039041,5.240909702049976,5.240717005533952,27.421958510574807,27.421958512372136,27.42195851049429,27.421958510561268,27.421958547977184,27.42195851021547,27.421958510164586,27.421958221189627,27.421958510206164,27.421958510298843,27.42195850715837,27.42195854793223,27.421958507721595,27.328694122173236,27.328505043991754,27.32852742635826,27.328192018538175,5.240915333451994,27.62240746234602,27.56239420796919,27.500336519669872,27.619988035063216,27.328491085205844,27.328658141242315,0.008834686447570898,27.328742750024766,27.32845415043926,27.32869498522915,27.320579619899224,27.328475661948616,0.007634608031499579,27.328725700313466,27.32863000914337,27.33757106768302,27.326203088984883,27.324546748893297,27.320929328145063,-0.00542597811312421,27.328767176127403,27.32864555382959,27.56617508758609,27.549932249399717,0.00896934150478046,27.60509969182567,27.558150313454462,27.566086349546822,30.93329431976963,27.562530089786378,0.007739644039247651,27.580236743155183,27.53752375172371,23.024614237958303,23.052207279361028,27.57378390591839,22.953876949068217,-0.00646003799920436,28.003614410289543,23.334476638261886,5.240785038362446,1.3407830241485499,5.240779333194951,27.421958510595477,2.486447834088784,2.4327681192258126,10.932398049650358,5.2401876975836785,1.2527649389374496,5.240569251769557,106.1174774831834,5.240605874325411
23,5.240669043179878,5.240519891511212,3.9339231295743957,1.3405975091591245,5.240720693695039,5.2407203536804445,27.421958510571937,27.42195851241018,27.421958510491233,27.42195851055401,27.421958548275096,27.4219585102158,27.42195851023945,27.421958221247753,27.421958510201996,27.421958510324334,27.42195850715709,27.42195854812951,27.42195850771416,27.326861525370408,27.320560871865382,27.328128790957116,27.326397992423153,5.24087076194337,27.628557917936632,27.60139720461484,27.50033236910349,27.61998931362723,27.32744525647596,27.328402171819008,0.008756973593422942,27.32788248518176,27.32795186104291,27.328530483232,27.313328564977844,27.32772776707964,0.007445489912009282,27.328492836593398,27.328431290868558,19.353530838367092,19.358656979104563,27.32346838919465,19.281075717845503,0.005523709998578255,27.328674936109447,27.326679332978955,27.566173934137623,27.54993172729337,0.008905229542506277,27.60510036726373,27.558138374066402,27.56608377026714,30.930895815383337,27.5625289206655,0.0075770200328406645,27.580237158048476,27.53752208435435,23.038547888323592,23.04195197514491,27.573784774654996,22.95335056618751,0.005759951944128261,28.00361452925253,23.33503498414839,5.240715811858536,1.3407828948929819,5.240683322612313,27.421958510589572,2.496994179267762,2.4581360436598327,10.93239895337629,5.240181872415633,1.2533201080710756,5.240469953732827,10000.040738531907,5.24047933512702
24,5.2407395341451775,5.2407407661448815,5.240668987418758,1.3409598599064338,5.240730309273204,5.240773720548532,27.421958510568118,27.421958512374456,27.42195851048543,27.421958510544528,27.42195854797052,27.421958510213827,27.421958510186638,27.42195822121796,27.421958510196973,27.42195851030209,27.42195850715445,27.421958547926046,27.421958507704208,27.328010485345757,27.328160152956116,27.32824253422163,27.32695259852153,5.240537196661535,27.62565760131656,27.581190044984396,27.500333213598424,27.619990206900184,27.327836108574893,27.328477796000698,0.00876360958901913,27.328418277358836,27.328170787078612,27.328560324636975,27.33001058226375,27.328018703322616,0.007464978728183991,27.32855554004957,27.328491764636215,19.35639401125479,27.33114856542013,27.32325360641446,19.281015731765905,0.009914013356533701,27.328701688992886,27.327970089632988,27.56617368752086,27.549931730574826,0.008916100343412836,27.605101721859683,27.558138832064287,27.566082212770198,30.94591138873693,27.5625281817247,0.007586693205666961,27.58023885356124,27.5375219038433,23.040256383759697,23.070324345471818,27.5737782672295,22.95320018606253,0.011765168879719567,28.00361456654086,23.33546533181595,5.240748730750056,1.3409397805244225,5.240736487652612,27.421958510578037,2.5009850507814337,2.4826214802422033,10.932400128152992,5.240180977389173,1.2538940291700469,5.240349625270028,10000.040758984194,5.240515890149254
25,5.240111254139265,5.240221134803505,5.240041800483596,1.340985461472883,5.240246577777725,5.240111755589169,27.42195851056534,27.421958512413006,27.42195851048276,27.42195851053951,27.421958548348762,27.42195851021273,27.421958510226997,27.421958221233872,27.421958510193434,27.421958510319502,27.421958507158443,27.421958548202152,27.421958507698875,27.32787596443137,27.30324943046071,27.3282255848165,27.32678086678243,5.240178582762383,27.61080630505967,27.605952365196572,27.500333463707648,27.619992203630318,27.327814096319532,27.32847087892135,0.008761361951093683,27.32837038003272,27.32816425354745,27.328554619948285,27.312910578844082,27.32801358139097,0.007462838650352667,27.328543296213553,27.32848628083805,19.33449296479704,27.311542880648926,27.323153345514076,19.280957551736314,0.008069780252711068,27.328696853227285,27.327852638739557,27.56617371595712,27.54993238226598,0.008917174614907708,27.605102273615557,27.558145887620412,27.566079958611226,30.9585682564757,27.562528904027204,0.007584537859656848,27.580239245860867,27.537522941018324,23.01451094668664,23.049429046790465,27.573773641701337,22.953141021836927,0.009326613158918917,28.00361448375433,23.33577000075655,5.240115904889535,1.3409604760345246,5.24011554356548,27.42195851057427,2.500701916489096,2.50636145208258,10.932401586254526,5.23992621393154,1.254486101860462,5.2401056555245304,135.83026013579365,5.239889628765013
26,5.239981483544398,5.240205704754771,5.239935104000324,1.3409153052798501,5.240089346634704,5.239780380872617,27.42195851056204,27.421958512392923,27.421958510478557,27.42195851053389,27.421958548092014,27.421958510211457,27.421958510190386,27.421958221180923,27.42195851018983,27.42195851031271,27.42195850715677,27.42195854801788,27.421958507692736,27.32777227749257,27.328125518255547,27.32821933485137,27.32668780826498,5.239854800032845,27.611157121213182,27.563326996629257,27.500329921440425,27.61998756572757,27.327756609682677,27.328458706057134,0.008760019031796485,27.32833259022386,27.32814180907706,27.328550089422308,27.316781259625223,27.327965503673695,0.007453071380979185,27.328536624742863,27.32847969675499,19.323179849042926,27.333490171468878,27.32282402331926,19.28095830975581,0.009263654543079371,27.328694309724124,27.32777817393102,27.566174703359138,27.54993204418679,0.008913883028071723,27.60510370099655,27.55816266036527,27.566078554411433,30.96896668352929,27.562528884169296,0.007576024405352655,27.58023713311013,27.537524418186877,23.001265866754693,23.073114861083013,27.573768533346083,22.953150935480153,0.010629590038661263,28.003614312078906,23.335949513950663,5.239985108539258,1.3408509028176923,5.239974561594863,27.421958510566544,2.5044411264093984,2.5296908308378017,10.932403385314808,5.239837836030347,1.2550960915356186,5.239954080196185,135.83020770065013,5.239582300549955
27,5.240134306315667,5.240305922925472,5.240052371609636,1.340869783593007,5.240118933670601,5.240107745006753,27.421958510570636,27.421958512460687,27.42195851048392,27.421958510534047,27.421958548347938,27.421958510214846,27.42195851026377,27.42195822118058,27.42195851019995,27.421958510325364,27.42195850715742,27.421958548235384,27.421958507693493,27.328426436636622,27.317133771055524,27.328340460540904,27.32746285893336,5.240837861570981,27.618900686087727,27.559183543644394,27.500332043018716,27.619991423693136,27.328175963211855,27.328553241292532,0.008781224478382496,27.3286171191622,27.32830812860577,27.328611307561616,27.310667206109716,27.328251276941412,0.007521074205886702,27.328627908567725,27.328543653974556,27.31719695410036,27.328220979292,27.3241296212695,19.281205052172762,0.00813743872808294,27.328728214366834,27.32836880166279,27.56617562701831,27.549932025423914,0.008923905121264397,27.60510507970139,27.55818670226472,27.56607682997128,30.914820657810196,27.562530707526093,0.0076420109853643226,27.58023616468745,27.537525711768467,22.98521442517631,23.067688821960473,27.573774922326265,22.953256382319523,0.009668555199823459,28.003614082160773,23.33600436844438,5.24015473844338,1.3408528124364238,5.240130669528298,27.421958510568874,2.4929181758470764,2.5528659653898607,10.93240552582156,5.240135311234553,1.2557237566502246,5.2400587696192815,106.11746560737993,5.239806114219391
28,5.2403131501305324,5.24048001950905,5.240270809701542,1.3409387277733913,5.240317448846326,5.240358534188999,27.421958510567162,27.421958512456783,27.421958510481286,27.421958510533333,27.421958548151746,27.421958510213774,27.421958510249663,27.421958221098905,27.42195851019735,27.42195851034073,27.42195850715726,27.421958548114095,27.421958507692445,27.32850767442177,27.32833837014914,27.328382670974552,27.327678315101366,5.240068110835637,27.62801450779989,27.56704919062031,27.500330999153448,27.619993044956573,27.328299303430043,27.32858984153402,0.00879377394250174,27.328657013955326,27.328381220715475,27.328633091956334,27.349273948075258,27.328354486214547,0.007567898514420596,27.32864876003512,27.328567570974485,27.332900524758884,27.332627759621193,27.32527342591194,19.28157379372335,0.006272867446800279,27.328737157205595,27.328452955093713,27.566177596005218,27.549932968637222,0.008931394597311737,27.60510677501952,27.55821587893115,27.56607416670522,30.972453950153067,27.56253216645746,0.007686839544476243,27.580234937182468,27.53752696168158,23.00430017330291,23.085884861811792,27.573775223920165,22.953514978718886,0.007235129227410653,28.003613820784672,23.33593690954793,5.240279088286115,1.3409248458701768,5.240297096748691,27.421958510566242,2.4917218192434887,2.575763219080311,10.93240802942643,5.240195164384204,1.2563685983938038,5.240121875149271,101.87276709575417,5.239866387555594
29,5.240106027753427,5.240136680966316,5.240106286206355,2.602779083290443,5.239982864761259,5.240121665003244,27.421958510565624,27.421958512517175,27.42195851048321,27.42195851053933,27.421958548663625,27.42195851021441,27.421958510303885,27.421958221067165,27.421958510197417,27.42195851036747,27.421958507159683,27.42195854853158,27.42195850769862,27.328604405593985,27.32124953924722,27.328442669032018,27.327836810856752,5.240335709817373,27.639267473425207,27.552358223632837,27.50033300650466,27.619995100354572,27.328432735869264,27.32863432098613,0.008815901984907525,27.328704163325327,27.328467880963448,27.32866432344766,27.323863778092907,27.32846710000723,0.0076502972877548255,27.328683034255153,27.328604357056403,27.33281154077494,27.328379675550185,27.325568343553726,19.283416739811056,0.008793196735326664,27.328751677252153,27.328560797890162,27.566179264409584,27.54993210509565,0.008958090636951965,27.60510758838427,27.558249135825463,27.566072195557354,30.96304310449159,27.562532889180147,0.007770513138893875,27.580233545766532,27.537528718123212,23.020133452362643,23.109339372966133,27.573770095434156,22.954345659882165,0.010189172864556895,28.003613606271802,23.3357473749818,5.240147090567916,2.602769794228152,5.240129118927143,27.421958510573987,2.4979292292507105,2.598132027205148,10.932411015562582,5.239988491690383,1.257029606549365,5.240140032783529,101.87268667271746,5.239860599671374
30,5.240568443827215,5.240583019543919,5.240577643777215,5.240481307488153,5.240637142593187,5.240532605906992,27.42195851056348,27.421958512515975,27.421958510483886,27.42195851054507,27.421958548535194,27.42195851021515,27.42195851029131,27.421958221028365,27.421958510197562,27.42195851038684,27.421958507160664,27.421958548506613,27.421958507704712,27.32873537365911,27.328600066452054,27.328617132069827,27.328419026354823,5.24073285459599,27.62723155990534,27.576519129261214,27.500336315477398,27.620001965535266,27.32860737032241,27.328708138011372,0.008928272570264033,27.328768339358035,27.328589462181604,27.328727037787722,27.32938949786779,27.32860890128319,0.007905842640853748,27.32875281880076,27.328687319076117,27.337775738837756,27.327825525228484,27.325779189664722,27.32847102131838,0.007925313813187307,27.328781273344806,27.328718520760383,27.566181502570544,27.54993210010616,0.009056524168045144,27.605109087291567,27.558282088839405,27.566068780803107,30.96105143031673,27.56253451273733,0.00799671896493237,27.58023342168417,27.537530288849666,23.026018286784165,23.09488761900502,27.573769346758127,22.956443522210975,0.008019724014957319,28.003613546271982,23.33543593816483,5.240530860681247,5.2404733320963715,5.240554227144457,27.421958510578545,2.528054335874875,2.6204107234309193,10.932414474457229,5.240069098275853,1.2577044466535596,5.240347935385216,49.36862689258305,5.24052722718443
31,5.240918777530169,5.240780176767657,5.240899240694489,5.2408468485373305,5.2408903307496075,5.240895289309265,27.42195851056212,27.4219585125569,27.42195851048698,27.42195851055476,27.421958548513565,27.42195851021518,27.42195851033546,27.421958221394856,27.42195851019947,27.42195851040142,27.42195850716367,27.421958548384595,27.42195850771489,27.328727321582512,27.329681026263643,27.328602316702735,27.32838206703309,5.240966436624149,27.6425820926288,27.59231599485247,27.500337726836733,27.620002317831677,27.328593441641363,27.328700979693295,0.008906648098138561,27.328763961786017,27.32857527891943,27.328722013268475,27.366490884846296,27.328596064469785,0.007864305651529287,27.328747130530907,27.328679651220067,27.32668218520419,27.325792194316072,27.32574000248888,27.328449375415172,-0.004425243344973431,27.32877902683516,27.328708718560776,27.56618346473806,27.549932617183003,0.00904705586435739,27.6051097917898,27.55830587653145,27.56606623267362,30.99159758643691,27.562535002121876,0.00796666780115629,27.580232065382006,27.53753151208548,23.02436257225054,23.095408832839894,27.573766415718637,22.956712217679524,-0.005283163634885568,28.003613643695196,23.33500241748571,5.240925330461323,5.240843281600974,5.240905541504617,27.421958510590265,2.5305194309219257,2.6469419325509804,10.932418548417681,5.240408290221239,1.2583886254411067,5.240705359276035,101.87134162877192,5.240889792072267
32,5.458471907482817,5.458394783951007,5.458439512032783,5.458382470551442,5.458436791604981,5.458496054596253,27.421958510560362,27.421958512182588,27.42195851048813,27.42195851056319,27.421958545770465,27.421958510214996,27.421958510077776,27.421958222221576,27.421958510201804,27.421958510234713,27.42195850716489,27.421958545715377,27.421958507722724,27.328716586776782,27.32856567152885,27.328582463984464,27.328334481975617,5.458085069436493,27.62657720721836,27.58736375573244,27.500334934455168,27.620004455995513,27.328572440989284,27.32869176587385,0.008881305222774768,27.328758397150338,27.328558049550786,27.32871419795615,27.301934392125496,27.32857563396327,0.007808944603279019,27.32874127583768,27.328670024092688,27.322641521319298,27.322456136596255,27.325668989498705,27.3283379613563,0.006236340931791116,27.328776119260645,27.3286956034146,27.566184305303977,27.549932157893636,0.009027502019307576,27.605109984873707,27.558323818668214,27.56606308614755,30.922718944419103,27.562535743689295,0.007919408843008569,27.580231447669576,27.53753223242893,23.001771531289705,23.085225639079,27.57374136378894,22.956860056401638,0.007372781370577286,28.003613553830704,23.334445272919588,5.4584806955772365,5.458409291999487,5.458454849340342,27.42195851059658,2.6385169654315215,2.672151557070972,10.93242335472236,5.240526657067676,1.2590787014438265,5.2409911867835035,101.87267532056103,5.458363006673608
33,5.4584977577360405,5.458600934516653,5.45852121162352,5.458450001327947,5.458463509154171,5.45847001002403,27.421958510582705,27.421958512147164,27.421958510503327,27.42195851058246,27.421958545245555,27.421958510206224,27.421958513780343,27.42195822280775,27.421958510225632,27.421958514121766,27.421958507176846,27.42195854508139,27.42195850774482,27.328724267798226,27.330768337491463,27.32859709584267,27.328371648043685,5.4584959171916125,27.609931347253223,27.557232546816522,27.500337291015967,27.620004346112182,27.328581040384066,27.32869665116261,0.008890748089332498,27.32876239352119,27.328565213885625,27.328718542664593,27.3233191635403,27.32858468854582,0.007828753227506603,27.328745440289094,27.328674342193647,27.335253408133454,27.33108584772596,27.3255380155688,27.328431309172597,0.003901726531422534,27.32877820678096,27.328705428508805,27.566185047217004,27.54993148864014,0.009031831050378969,27.605114765236067,27.55833748225814,27.566062406329365,30.95790055660109,27.562538089647205,0.00793499997962499,27.58023195365422,27.537532907566856,23.012076410799637,23.076966829032244,27.573716067861824,22.956956028596323,0.0038843062011437723,28.003613702291485,23.33376344029784,5.458500131648179,5.458433249466907,5.458474102884793,27.421958510620186,2.6243140176342257,2.6951735734951234,10.932428969520716,5.240557884615555,1.259784434977781,5.241008783414145,101.87284257907231,5.458479611475923
34,5.240710315929391,5.240840007743827,5.240787766573703,5.240580021836649,5.240752092760886,5.240691688888546,27.42195851058231,27.421958512168338,27.42195851050429,27.421958510587924,27.421958544774732,27.42195851020694,27.421958510113637,27.421958222968343,27.421958510225025,27.421958510253823,27.421958507176708,27.42195854467803,27.421958507749316,27.328726938422225,27.32858100654812,27.328601817591725,27.32838285809703,5.240660149487667,27.60904367956209,27.58952287682405,27.50033847341183,27.62001219386002,27.328582860360388,27.32869732582473,0.00889090572460105,27.32876285177401,27.328562963142293,27.32871790717193,27.328787295828214,27.328583769796076,0.007825207730156094,27.328745635481788,27.32867605566045,27.331255399557644,27.324443584125632,27.32529641487168,27.32843381634673,0.00500069266037198,27.328778891976185,27.328707382651505,27.566187337413794,27.549931251585804,0.00903585710148036,27.605123426345017,27.558344902203316,27.56606378667857,30.949282471308834,27.562540135611926,0.007931847050713259,27.58023308122756,27.53753397163746,22.990796670923373,23.060813125575805,27.573696115761777,22.95701511462721,0.005949470363702858,28.003613778790466,23.33295478136368,5.2407726691999414,5.240739136876073,5.2407527063041925,27.421958510623206,2.5021984673080846,2.7173964422895773,10.93243571620951,5.240575082272699,1.2605074315458815,5.240954708362551,101.87288714529313,5.240811335257604
35,5.24100794086371,5.240885512750538,5.240934115829077,5.240941651523826,5.241136262442524,5.240971541534236,27.42195851057916,27.421958512168366,27.421958510503863,27.421958510589853,27.421958544952673,27.42195851020686,27.42195851005292,27.42195822299411,27.421958510221415,27.421958510222073,27.421958507177333,27.4219585448158,27.42195850775105,27.32872060294017,27.314771842333357,27.32858587774409,27.328330086216738,5.241112939609593,27.611439949005216,27.604941936106115,27.50033479855483,27.620015014974342,27.328561154042063,27.328688810166952,0.008873022986975494,27.328756512096337,27.328528204922527,27.32870341441482,27.328785312085444,27.328568591483485,0.007777105598516723,27.328737971071366,27.32866521672524,27.335990011658822,27.327521676470127,27.32430513574551,27.328139816864372,0.002092614010351218,27.328776713852843,27.328697577634024,27.56618848923972,27.549931488489165,0.009018145394293242,27.605131435333533,27.558347728971057,27.566064804490452,30.90388819168038,27.56254121627171,0.007887309249781538,27.580234814509822,27.537536186729994,23.00995881833296,23.06633921791945,27.573694239084944,22.957046661709683,0.0024792974327283446,28.00361377898088,23.332017093767707,5.241004320769207,5.2410550284184865,5.240993470240937,27.421958510626414,2.4834554482937943,2.7403177307815114,10.932444136978159,5.2408380174783815,1.2612488580574572,5.24098046427207,101.87280067030406,5.240998687742831
36,5.24070244460745,5.24084195321484,5.240693347903289,5.240640805504881,5.2406921967794915,5.240676318759142,27.421958510577475,27.421958512233513,27.421958510501955,27.42195851058739,27.421958544611936,27.42195851020735,27.421958510214797,27.421958223087756,27.421958510219586,27.421958510317218,27.421958507175823,27.42195854454591,27.421958507748446,27.328688539677767,27.328507056783565,27.328536395509968,27.32818478601439,5.241031674173428,27.57813330002682,27.61664762714281,27.50033631714541,27.620016271379427,27.328471520446758,27.32865556663495,0.008830306070411444,27.328734062630705,27.328410620147714,27.328662943410354,27.328778754610276,27.328500642413125,0.007665566842723079,27.328711758871385,27.32862896054864,27.31653857823285,27.316487874956795,27.318297568600507,19.29464852222881,0.004871692222547494,27.328768783807764,27.328657343706883,27.566189644936458,27.549931369114347,0.008980841241282178,27.605139029370548,27.558347808284452,27.566064724716853,30.90947973591574,27.56254179334792,0.007794629393174546,27.580237085279805,27.53753716337269,22.974199212052554,23.04729752705316,27.573688262478754,22.957058633801353,0.005613773595541716,28.003613699633302,23.33094764909683,5.240698203419015,5.240719694042127,5.240696961795038,27.42195851062233,2.4305792099733843,2.764686325257097,10.932454907248902,5.240529743165098,1.2620056872830328,5.240863238897873,101.87278188445816,5.24070306071917
37,5.240713864326608,5.240754370352079,5.240718012461002,5.240606009516341,5.240631085387577,5.240708328799883,27.421958510574164,27.4219585122033,27.421958510500325,27.421958510585352,27.421958544891353,27.421958510207325,27.421958510129286,27.421958223065346,27.421958510215656,27.42195851026982,27.42195850717543,27.421958544722305,27.421958507746464,27.3287150720729,27.333060397026202,27.328578319928845,27.32832304146359,5.240495740277765,27.571739268556485,27.611545183346607,27.50033579884075,27.620016367822245,27.328545479267646,27.32868209029365,0.008860410274287227,27.32875413444139,27.328500203761518,27.328698558982126,27.328784452953364,27.328554262304884,0.007743605958105274,27.32873629356689,27.3286592810414,27.32244204287221,27.332047243990736,27.323418225471507,27.328055347236244,-0.001307877052853484,27.328775883821383,27.32869144469648,27.566189410397783,27.549931788787944,0.009007176669911132,27.60514710523057,27.55835284881323,27.566066192719518,30.89646702007849,27.56254164162783,0.007858296674385201,27.58023886137744,27.53753798087746,22.991023449274508,23.06629665309447,27.573688101081643,22.957072821425754,-0.002689317992917495,28.00361346303318,23.329743127058553,5.24072276012339,5.240697850982542,5.240716878466628,27.42195851062183,2.44592897738622,2.7937976349421563,10.932469768262429,5.2405589148147556,1.2627787020588634,5.240909139120049,101.8728100433218,5.240721598534947
38,5.240568606372108,5.24055463271543,5.2405229966461775,5.24054637021618,5.240534319042126,5.240592981026566,27.421958510571876,27.421958512173305,27.42195851049698,27.421958510579273,27.421958544593597,27.421958510208025,27.42195851016909,27.421958222898585,27.421958510212864,27.42195851029305,27.421958507172505,27.421958544523775,27.421958507740037,27.328726974246656,27.328578493041277,27.328600379608066,27.328380338291026,5.240491297141489,27.567507767043935,27.61916740439665,27.500337210633006,27.620017401295627,27.328570738970914,27.328691446733675,0.008880960903629689,27.328762058463766,27.328542973834217,27.328713551941785,27.32878476546574,27.328573597619304,0.0077878129211300514,27.328744184460458,27.328673005821873,27.326875868758847,27.331265702588674,27.325113814455456,27.328404708820557,0.0014651431401215428,27.328778797290166,27.3287058678652,27.566189153094456,27.549931791470954,0.009026506637383136,27.605156172468924,27.55835667980682,27.566067520328943,30.88744217045314,27.56254144994091,0.007897550001871423,27.580240093440807,27.537538675072938,22.98069845084865,23.07784181837269,27.573696206425666,22.957069877575123,0.0016645695195620647,28.00361299181028,23.32840009456235,5.240558606890772,5.240571754891789,5.2405433069579885,27.42195851061389,2.456503874078904,2.8313262213715933,10.932493316031119,5.240505875859526,1.2635703317941895,5.240852166612967,101.87300282353681,5.240570448107974
39,5.240996076276133,5.240979385813262,5.241016298570685,5.241103914529958,5.241052010362182,5.24088306475096,27.421958510568796,27.42195851213767,27.42195851049468,27.421958510575152,27.42195854560131,27.421958510208103,27.42195851005762,27.421958222386746,27.4219585102092,27.421958510226506,27.42195850717081,27.421958545439804,27.421958507735447,27.328726333925452,27.344408081273286,27.328598229058393,27.328374929007623,5.241009598465098,27.577136448822785,27.636107770184026,27.50033908745172,27.620014596259352,27.328577018134677,27.328693341722367,0.008885834133731119,27.32876239707393,27.32855490791461,27.328717795949483,27.328787123858184,27.32857765486318,0.007808338440430146,27.32874555204282,27.328672779293253,27.321023915713177,27.328081099942857,27.32427896570648,27.3284210032399,0.006604621951528066,27.32877867638456,27.32870588390818,27.56618864698612,27.549931486504647,0.009032421457959572,27.605165887909607,27.558356779871247,27.566069272383174,30.87233356597244,27.562540713672206,0.00791833562834654,27.58024219248,27.53753882669116,22.976453900519118,23.083287246750842,27.573703353180463,22.957046610139514,0.0068365548740985105,28.00361245534737,23.326914780763648,5.241020832359936,5.241112169594999,5.240998876040976,27.421958510610867,2.4753396172337845,2.8914173796583804,10.932546000530312,5.240892895999423,1.2643831823977318,5.241002322998611,101.87326734996168,5.240987989660425
40,37.604924579040016,37.60493751481954,37.60493534343186,37.604938868382305,37.604923894316016,37.60493281816707,27.42195851058014,27.421958512561073,27.42195851049904,27.421958510568757,27.4219585480907,27.421958510215095,27.421958510365698,27.421958221344173,27.421958510220833,27.421958510420154,27.421958507166675,27.42195854805912,27.42195850772937,27.328738686213704,27.328608932546558,27.328618033130173,27.328437493548336,37.6049232595451,27.587553332668904,27.667709619629022,27.50034018549559,27.620011887995133,27.32860042702305,27.328706091545392,0.008896964988871034,27.328768359673717,27.328581551669874,27.32872750428655,27.342630137722423,27.328592597900133,0.007828168357307262,27.32875446596712,27.328681947653504,27.330782204400812,27.319610613117995,27.32520546353941,27.328521457621882,-0.0034712700180949616,27.328782925384278,27.328721541177956,27.566188958233397,27.549932198895476,0.009038001042426913,27.605175917806264,27.558354511282232,27.566072673685994,30.875179385340743,27.56253927337275,0.007934579971333733,27.580244704255165,27.53753917900758,22.98531071710204,23.090540374732882,27.573707714536795,22.95700283320184,-0.004132958560148836,28.0036122166503,23.325282916595466,37.60494699895389,37.60494088808082,37.60492441436145,27.421958510603304,11.74226673203833,9.863509888092777,24.291607710187584,37.60398786591759,1.2652137405576311,37.604598946687474,10000.040773770876,37.604929853840076
41,37.60498195453147,37.604993641032706,37.604996507274336,37.604993114524405,37.60497708913863,37.60498718123381,27.42195851057691,27.421958512458055,27.42195851049628,27.42195851056368,27.421958548781756,27.421958510215042,27.42195851022807,27.421958220955965,27.421958510217486,27.42195851033626,27.421958507167606,27.421958548655255,27.421958507723755,27.328736391896147,27.307816360278593,27.328613706123953,27.32842578859527,37.604977067207074,27.582081660981203,27.698752251388214,27.50034078803219,27.620011648607033,27.328596800271573,27.32870512485909,0.00889389441192504,27.328767051411667,27.328581366715788,27.32872683037844,27.32260857478917,27.328590922396415,0.007825200486504928,27.328752543450573,27.328679284442668,27.326974757915934,27.32185323827861,27.32543153093589,27.328499844308215,0.0036598314690639037,27.32878220526289,27.32871881445343,27.566187536338475,27.54993240825206,0.009034793689352227,27.605186610464443,27.55834362351561,27.566076166276616,30.857043100073497,27.562538113405026,0.0079288711767731,27.58024772501085,27.537537541818892,22.973018884380508,23.094999056700544,27.57369695574016,22.956934495348833,0.00399830498463416,28.00361177669786,23.323498562790977,37.60500771100669,37.60499082071874,37.604981782769755,27.421958510599197,11.742272474484489,9.863514831707965,24.2916178667261,37.60399516066718,1.2657807639643028,37.604736035953465,10000.040777686185,37.60498091030604
42,37.605032504025075,37.60504890434095,37.605056868991596,37.605030425142104,37.60503465389411,37.605037806222754,27.421958510575013,27.421958512439108,27.421958510493038,27.421958510557,27.421958548491563,27.421958510216346,27.42195851024146,27.42195822081291,27.42195851021597,27.42195851033468,27.42195850716288,27.421958548434926,27.421958507716692,27.328725693552478,27.3285818484037,27.3285922156899,27.328378142741713,37.60503823113504,27.608617680998577,27.700631950408933,27.50033701400025,27.62000571315366,27.328565734185986,27.328691772707124,0.008862928434062983,27.32876016667951,27.32855099584518,27.328718324414858,27.34781884148681,27.328558008469763,0.007740316904482557,27.328746287501012,27.32866459903095,27.332028320597857,27.32888023670148,27.325315988478533,27.328329519290566,0.008820834484223255,27.328779403336696,27.32870553356982,27.56618734279982,27.549933203265027,0.00900868861208437,27.605199402069047,27.558324802515926,27.566081019973353,30.85892991460969,27.562537428433643,0.007853801069359179,27.58025088625618,27.537536973815804,22.975645619815623,23.110319730711126,27.57371236572908,22.95683701967573,0.010464704128025915,28.003611569210534,23.32155623665422,37.60505994047162,37.6050347039436,37.60503362203235,27.4219585105906,11.742274046701535,9.863516770132557,24.29162210894525,37.6039957336161,1.2660877135857644,37.60478380595123,10000.040781122143,37.60504033625875
43,37.60508565975215,37.60509514116893,37.605136738875444,37.60507058935764,37.60508431817652,37.605085134671754,27.421958510572853,27.42195851245557,27.42195851049222,27.421958510554983,27.42195854890575,27.421958510217515,27.42195851020015,27.42195822074084,27.42195851021443,27.421958510328437,27.421958507159747,27.421958548808753,27.42195850771452,27.3287293835878,27.324838996324615,27.328600024603894,27.328396447173873,37.605084941140376,27.584723041783946,27.68337737128968,27.500341013770594,27.620012938283253,27.32857499289016,27.32869476481547,0.008863752549566832,27.328762048836307,27.328556264098296,27.328722307712187,27.307932261143122,27.32856310730179,0.007746028436725055,27.32874840736545,27.328668474895142,27.32438845391922,27.324295714613186,27.325232502856572,27.328366843525064,0.003992725771051217,27.328780259574216,27.328709648326253,27.566187339396492,27.549932716718104,0.009006529271573527,27.60521495199464,27.55830296822205,27.56608781669638,30.8408848057461,27.562537511659684,0.00785443295535515,27.580254353357304,27.537536053085205,22.97222686043642,23.087507615084178,27.573725139436647,22.95670461307236,0.00470937427780882,28.003611837399227,23.3194493037325,37.60510425890243,37.60506935434569,37.605084653387166,27.42195851059001,11.742275296644925,9.863517628581905,24.291624257308438,37.603993719596474,1.2661380370441826,37.60479888889131,10000.040783214241,37.605089650787704
44,37.60504458270407,37.605060496816805,37.60505054013447,37.605022868927335,37.60504584390401,37.60503051933483,27.42195851057373,27.42195851245478,27.42195851049318,27.42195851055393,27.421958548522635,27.42195851022319,27.421958510274365,27.421958220760647,27.421958510216818,27.421958510345963,27.421958507155157,27.421958548499013,27.4219585077135,27.32871970700332,27.328570647188826,27.328577338076943,27.32834863050084,37.60504463162579,27.608641466647896,27.662242489803248,27.500338908934282,27.62001283590871,27.328546337091687,27.32868470830457,0.00884823408210527,27.328756093241175,27.328535269477094,27.3287146459866,27.318663118582002,27.328537570657893,0.0076973325621532635,27.328742830499596,27.328656013964853,27.336671407097285,27.32622792186645,27.325136357107567,27.32810020065004,0.012533462770616725,27.328777697913576,27.328697607298018,27.566186884572744,27.549933736381718,0.008991032340418315,27.60523062556058,27.558274881595935,27.566092784874854,30.806230593949294,27.56253648958227,0.007809060347426566,27.58025825839286,27.53753319905445,22.984302704000584,23.097501748203285,27.57373729608298,22.95651437385277,0.014496714542474365,28.003612536665972,23.317169599458964,37.605071194388074,37.605026865947366,37.60504935933568,27.421958510587405,11.742274820645882,9.863517738733547,24.29162518919016,37.60398449514287,1.265930937285237,37.60479795545871,10000.040783245095,37.60504917740218
45,37.60499622189491,37.605013668418906,37.605002878080995,37.60496436142785,37.60499505990629,37.604983927170906,27.42195851057502,27.421958512467775,27.421958510497063,27.421958510559417,27.421958548959825,27.421958510227903,27.421958510182154,27.421958220852567,27.421958510219685,27.42195851029193,27.42195850715254,27.42195854883557,27.42195850771887,27.328718514619553,27.32370050456302,27.328577088530547,27.328339036990656,37.60499177876409,27.598051166560253,27.659687523255343,27.50034086625783,27.62000838539825,27.328549989023617,27.328685158838752,0.008847928005214618,27.328755677483873,27.3285350120618,27.3287136465366,27.319644163307306,27.32853786171952,0.007695511047787826,27.328742247050943,27.32865492037445,27.324726360829935,27.329378741195615,27.32507190190324,27.327951624547076,0.005249271040046126,27.32877734800133,27.328696977921872,27.566186564441523,27.549934790777115,0.008985980399302207,27.605246200197143,27.55824297538493,27.56609813828436,30.79380288546963,27.562536251876736,0.007805053804986528,27.58026228271592,27.53753066988247,22.97829378069764,23.119173976541788,27.57374631388484,22.956230406611212,0.006235870525415521,28.0036137531929,23.314707860413897,37.60502156196162,37.60496539034648,37.60499553635964,27.42195851059438,11.742274112910254,9.863517196567702,24.291625157864093,37.603970131218375,1.265468668000337,37.60478644342402,10000.0407829099,37.60499316680762
46,37.604993180491874,37.60502003030706,37.60502860683846,37.60494915514937,37.60498965093757,37.60500618304104,27.421958510577962,27.421958512525347,27.421958510501344,27.421958510566004,27.42195854844768,27.42195851023418,27.42195851033454,27.421958221294172,27.421958510224908,27.421958510393942,27.421958507147867,27.42195854842229,27.42195850772521,27.328718047169225,27.328562937933384,27.32857696864992,27.32834104821086,37.604991322978094,27.586843450388187,27.657673526926374,27.500340149756084,27.620005775457685,27.328540843105905,27.328682300603678,0.008842002951099357,27.328755423255387,27.328524966055802,27.32871167731866,27.303682210182714,27.328524243118345,0.0076696641332247755,27.3287418572654,27.328653825884793,27.334439061953347,27.317503808382867,27.324807887398947,27.327498539877666,0.012182985225414398,27.32877715104937,27.328695890842727,27.566185134255647,27.5499349758029,0.008978353629572666,27.605261398884977,27.558207965892507,27.56610290548997,30.742041420531677,27.562535489705624,0.0077742295234202174,27.58026542045627,27.53752834424813,22.98249889156432,23.112726227444,27.57375602623324,22.95566912641698,0.014396278051208355,28.003615220386763,23.312053385139613,37.6050297325728,37.604952141780814,37.60499278077623,27.42195851059912,11.74227245400812,9.863515831381491,24.291624170353465,37.60395038475508,1.2647539870136637,37.60476490416295,10000.040782613209,37.60499351821818
47,37.60499101465939,37.60500648318157,37.604973827479625,37.60492513488862,37.604982425917115,37.604976555487156,27.42195851057541,27.42195851242427,27.42195851050335,27.42195851057511,27.42195854739103,27.421958510235132,27.421958510223533,27.42195822233717,27.42195851022496,27.42195851033719,27.42195850715416,27.421958547240422,27.42195850772854,27.328433003561127,27.308620354364393,27.328308776090754,27.32759976334637,37.60498425228616,27.606953548298407,27.674516508659508,27.500339069405527,27.62000286114744,27.328045221834756,27.328527716823086,0.00876211485159571,27.328555887457856,27.32823621680287,27.32860323897706,27.326850592315093,27.328010058108525,0.007463595014383441,27.328628487640167,27.328492600426404,19.862376756715108,27.329727465976422,27.323856942710655,19.11550065107517,0.004964930107013096,27.328733719130927,27.328358938731217,27.56618436552526,27.549935076627662,0.008908640604204265,27.60527394339806,27.5581692299711,27.566105660769608,30.7775565443535,27.56253475404992,0.007596490053401794,27.580268695201084,27.537524581501202,22.967046397741797,23.138055796813205,27.57377362845,22.755804449538118,0.005763067951193079,28.003616345819644,23.309193333672884,37.60501596730501,37.60491428680871,37.60498335134616,27.421958510608214,11.742262050779367,9.863513017653206,24.291621952103295,37.60392130609944,1.263787836152996,37.60472685097193,10000.040783615435,37.60497647428747
48,37.604979324536544,37.60500148628671,37.60497052225219,37.60489461533143,37.604977228817006,37.60497649308127,27.42195851059038,27.421958512398867,27.421958510517204,27.421958510592237,27.421958545853077,27.421958510238195,27.421958510325705,27.421958223541843,27.421958510241495,27.42195851039997,27.42195850715119,27.421958545822836,27.421958507750055,27.328625469879775,27.32843888608113,27.328442666124687,27.327979622212297,37.604981086024054,27.610932050140036,27.646249415149214,27.500337994099027,27.619998633328578,27.328364611029304,27.328619674076265,0.008790747499811546,27.32869304794933,27.328376569233868,27.328632170292618,27.367715675364774,27.328261898689732,0.007528993089398415,27.328656434330206,27.328579564330006,27.317980723746853,27.326468237826905,27.324393839787927,20.703720549418325,0.0010607849896049032,27.328745812580298,27.328592414731403,27.56618360648099,27.54993518176343,0.008939157425629674,27.605285764348082,27.55813756282987,27.566106205471442,30.820579069395535,27.56253415618812,0.007645674460945884,27.58027221991142,27.537522156326304,22.96535738748389,23.13930137803436,27.573770511937255,22.755049107025116,0.0009586359774402808,28.00361541229152,23.306107882474002,37.605012739788435,37.60489326840798,37.6049788735254,27.421958510628826,11.742259531827962,9.8635086004515,24.291617596908388,37.60387818285926,1.2625685645865397,37.60466702458689,10000.040783000417,37.60497684701113
49,37.60496064954896,37.604979525225644,37.60496014798446,37.60486138217311,37.6049583325057,37.60496219799643,27.421958510588293,27.421958756525157,27.421958510521115,27.421958510605513,27.42195853972197,27.421958510240042,27.421958510156415,27.421958489449317,27.42195851024317,27.42195851028168,27.421958507149565,27.421958539479075,27.42195850776445,27.328622659600438,27.328438781423756,27.328440852832948,27.32797299852973,37.60495893862753,27.61918106829944,27.66400274443913,27.50033339280344,27.62000190454637,27.328371929828627,27.328620812906,0.008790038483495171,27.32869284654736,27.328378667919274,27.32862937262791,27.325014676000865,27.328262685703592,0.007523361855269685,27.328652541387797,27.328578888595267,27.30367791414132,27.329895181777264,27.324505526549714,19.151502914961974,0.004449501663452278,27.328744483465886,27.32859192473139,27.566181031568703,27.549935874792936,0.008936608808653546,27.60528725144286,27.558109558407523,27.566101120264648,30.78622815488052,27.56253117687993,0.007638132088686689,27.580273211286112,27.53751918213129,22.946678798614812,23.15449254152918,27.573749742143264,22.75429411146615,0.005197406178922392,28.003609066886103,23.302776760611344,37.60499539148077,37.60485539275578,37.60495974984224,27.42195851064284,11.742247801027727,9.863498814358552,24.291607275806317,37.60380411032202,1.261091359932585,37.60446135954771,10000.040782105874,37.60495742967032
