,0,1,10,11,2,3,36278,4,48623,48624,48625,48626,48627,48628,48629,48630,48631,48632,48633,48634,48636,48637,49604,49934,5,51537,51728,52023,6,65562,66048,69893,7,70568,70582,70583,70584,70585,70587,70589,70590,70591,70592,70593,70594,70595,70596,70597,70598,70599,70601,70602,70604,70605,70606,70607,70608,70609,70610,70611,70612,70613,70614,70615,70616,70617,70618,70619,70620,70621,70622,8,9
0,-3.7055428947496694e-08,-4.00696080760099e-08,-1.5062141756061465e-08,-2.059698545053834e-08,4.89001195091987e-09,4.649336915463209e-09,5.009326287108706e-13,1.026743120746687e-06,3.572495188564062e-09,-5.238689482212067e-10,0.0,-1.4847501006443053e-10,-1.3387762010097504e-09,-1.928128767758608e-09,-6.511982064694166e-10,0.0,-6.257323548197746e-10,-6.111804395914078e-10,1.4988472685217857e-09,4.18367562815547e-11,3.609784471336752e-09,1.0947741140751501e-05,0.00044072644806725236,0.0004388696583816909,3.6807250580750406e-09,0.00043888149046722447,0.00043944268869111625,1.201666136041446e-08,3.334798748255707e-08,-1.3657477926365402e-14,9.594858241257498e-09,-6.559730536537245e-11,-2.64162736129947e-08,5.22525118499856e-06,4.1736880120879505e-06,0.0004395371161977383,0.0004407420882443212,0.00039426905816266657,0.0004407494979221829,0.0004402083557697367,0.000440513795240348,0.00044092061023093265,0.00044079005101415073,0.00039212245399333767,0.00043996946647008404,0.00044020472127205426,0.0004238168782458103,0.0004240919071859992,0.00044055274253596444,0.00042553581072207703,0.0003920146967857363,0.0004400372906151317,0.00044016890908064876,-2.1603378808077167e-14,-3.531376580045986e-14,0.0,-5.264755645328911e-14,-2.880291491424991e-14,-8.449924787656826e-14,-1.9312568082501674e-06,-1.6165888072627865e-14,-1.0658141036401503e-14,-1.1756741413737615e-13,-3.66872331125645e-14,2.2702509738792287e-07,3.350064098128769e-06,2.0990154059319366e-16,2.842170943040401e-14,3.1036506698001176e-10,0.0006332713936724019,0.0007944729306221155,-4.3829459173139185e-08,3.949935489799827e-09
1,2.9181933314248454e-08,2.879460225813091e-09,3.217155608581379e-08,3.1066065275808796e-09,-3.0288447305792943e-09,-2.5509962142677978e-08,2.4158453015843406e-13,9.8086275102105e-07,1.928128767758608e-09,1.1641532182693481e-09,-1.3642420526593924e-12,3.4924596548080444e-10,2.473825588822365e-10,-1.3606040738523006e-09,-7.648850441910326e-10,0.0,2.750311978161335e-09,1.5861587598919868e-09,1.862645149230957e-09,5.270095471132663e-11,3.613422450143844e-09,1.0944917176301198e-05,0.00044081592950817594,0.00043890996239781543,1.007265382213518e-09,0.0004388406932491762,0.00043943001441348883,1.0689750307157908e-08,3.3337528293486685e-08,2.5435382966509934e-15,9.126808198089975e-09,5.621245691145305e-10,1.7148522601928562e-08,5.181049254224983e-06,4.1806644048847375e-06,0.0004395624567906202,0.00044075142269465323,0.0003942618695926374,0.00044076933759766915,0.00044024506609810195,0.0004405186970984445,0.00044073372669117816,0.0004408029673766663,0.0003921161022297781,0.00044000945440827305,0.00044024244466519397,0.00042393182092193525,0.00042406848477177274,0.00044047180801905575,0.0004255781922728255,0.00039198712511279155,0.00044008176074237983,0.0004401302183000416,-5.9527036078144135e-15,-2.1740421962679335e-14,0.0,2.084703937255128e-15,-7.887787645266542e-15,8.014075514317653e-14,-3.587313682860277e-07,-3.586584154668948e-14,2.1316282072803006e-14,-9.727461891539946e-15,8.601192674762004e-15,9.668530651651963e-07,-1.3576889108080081e-05,-1.986258379993444e-16,-5.684341886080802e-14,2.6284396881237626e-10,0.0006333067485371838,0.0007947528482736342,-2.7901478460989892e-08,-2.5433109840378165e-08
2,-1.8126002032659017e-08,-2.7529495127964765e-08,-3.8282450987026095e-08,4.254229679645505e-08,3.953573468606919e-09,-1.5338628145400435e-09,2.2026824808563106e-13,9.74338036030531e-07,3.017703420482576e-09,-5.820766091346741e-10,1.3642420526593924e-12,-2.7057467377744615e-10,2.6193447411060333e-10,2.6266206987202168e-09,-1.418811734765768e-10,0.0,1.331500243395567e-09,1.8189894035458565e-09,9.167706593871117e-10,9.822542779147625e-11,3.610693966038525e-09,1.0947801062652276e-05,0.00044113929164701915,0.00043913589452415636,-4.694356903200969e-09,0.00043911867388146675,0.00043971781673235455,4.3072873046057225e-10,3.3332753446302377e-08,1.1726730697603216e-15,9.069708539755084e-09,-4.2592773752403446e-10,-1.7236743588000536e-08,5.112473968478222e-06,4.176896879926062e-06,0.0004398778804854866,0.0004410532581064393,0.0003944893785397391,0.00044108187643832845,0.0004405647145940407,0.00044081191626727965,0.0004411164356952213,0.0004411137302013394,0.00039235014947713864,0.0004403171988331179,0.00044054225839282833,0.0004240923910795811,0.00042458242370511977,0.00044072984595514746,0.0004258844665035741,0.0003921762545360252,0.00044039218192271556,0.00042378184993731066,-2.3183278213823044e-14,1.3742479376688266e-14,1.7763568394002505e-15,-3.671932549687007e-14,2.4711135915289617e-15,2.5871232239849107e-14,-6.470887534137937e-09,5.043708506402567e-16,1.0658141036401503e-14,-3.775018492246929e-14,3.084338340286763e-15,3.446326957146084e-08,6.869800344588839e-06,-3.178880769727499e-16,0.0,-2.0600054995156825e-10,0.0006332357827174982,0.0007947496256317521,3.528293746057898e-08,4.1294697439298034e-08
3,1.0988173926307354e-08,-7.647940947208554e-09,-4.08153937314637e-08,2.7862256501975935e-08,4.625348992703948e-09,-7.435119186993688e-10,2.4158453015843406e-13,9.950763342203572e-07,7.530616130679846e-10,6.984919309616089e-10,9.094947017729282e-13,-3.5288394428789616e-10,4.94765117764473e-10,-3.3051037462428212e-09,-8.130882633849978e-10,0.0,3.346940502524376e-09,1.2078089639544487e-09,-4.656612873077393e-10,-6.275513442233205e-11,3.609784471336752e-09,1.0948209373319237e-05,0.0004402854151042135,0.0004385087262619436,-8.590177458245307e-10,0.0004384521063087732,0.0004390114028893777,7.560191861433196e-09,3.3345941119478084e-08,9.691900060282421e-15,8.994447853183374e-09,-1.5791101759532467e-10,1.7857018974609673e-08,5.194552951783026e-06,4.1881157244461065e-06,0.0004391211523732969,0.00044040259547706035,0.00039401793620214877,0.0004403880293555695,0.00043987850996196533,0.00044019453380846323,0.0004406024385730234,0.00044037872646901077,0.0003918747411137957,0.0004397069686109846,0.0004399035202444475,0.0004235900216662137,0.00044036033967803645,0.0004401066967532467,0.0004252640451378243,0.00039167871875633864,0.0004397882029582357,0.00043972334974054506,1.0013691265076119e-14,3.448586902154993e-14,-1.7763568394002505e-15,-1.4206517906512062e-14,-5.94099422435157e-15,-6.155883094938197e-14,-6.196927074004349e-07,1.1583182329966135e-14,1.7763568394002505e-14,-3.4820670652413455e-14,-3.926633324047302e-14,-6.360746986899812e-07,2.0902453193413946e-07,-2.4936649967166602e-15,-2.842170943040401e-14,3.6425262806005776e-10,0.0006331949255507755,0.0007943893890547315,2.8743670554831624e-08,3.755940269911662e-08
4,2.022261469392106e-09,4.709545464720577e-08,1.181797415483743e-08,8.271058504760731e-09,7.853486749809235e-10,-6.371010385919362e-10,1.5631940186722204e-13,9.82064193522092e-07,-2.5556801119819283e-09,-2.0372681319713593e-10,-4.547473508864641e-13,2.693241185625084e-10,-4.3655745685100555e-10,-3.67435859516263e-09,-1.0743406164692715e-10,0.0,1.2660166248679161e-09,-2.444721758365631e-09,2.9103830456733704e-11,8.185452315956354e-11,3.611603460740298e-09,1.0948122205941754e-05,0.0004402538146077717,0.00043863784601683165,2.706201485125348e-09,0.0004384125355016977,0.00043893825557717037,1.9330520933946715e-08,3.3356570838805055e-08,-9.154135782729611e-15,8.95624907570891e-09,-4.1325165511807427e-10,-9.323230187874287e-09,5.162407908872874e-06,4.170264276126545e-06,0.00043906100019918716,0.0004403808013457248,0.00039401816625267254,0.0004403877582174259,0.00043982984202275456,0.0004401847975708021,0.0004406522844533356,0.00044031277187791575,0.0003918714702031423,0.0004397026979504398,0.0004398815897927672,0.00042382466234285607,0.0004402537673712237,0.00044004228819851483,0.0004251793174927412,0.0003916845898856991,0.0004397797480225089,0.000439594716664507,-5.170516792496471e-14,-4.259917071869346e-14,0.0,1.0044482606774707e-14,1.5720064139301826e-14,4.470165557157735e-14,-1.0279582083431993e-06,-6.979052752376091e-14,1.7763568394002505e-14,2.582526206773572e-14,8.360499792470222e-15,-3.163114117299415e-07,1.202416842811067e-05,-1.5890067039947553e-15,-1.8474111129762605e-13,-1.1550582712516189e-10,0.0006331859626533243,0.0007941483516101921,-1.1994416126981378e-08,4.67516656499356e-08
5,3.3769538276828825e-09,4.2769897845573723e-08,4.7783032641746104e-08,-1.9701019482454285e-08,4.333372771725408e-09,-1.6079866327345371e-09,6.750155989720952e-14,9.73841451923363e-07,-2.0227162167429924e-09,1.5133991837501526e-09,-9.094947017729282e-13,2.994511305587366e-10,8.440110832452774e-10,-9.49512468650937e-10,1.4970282791182399e-09,-1.8189894035458565e-12,1.7171259969472885e-09,-7.989001460373402e-09,1.6007106751203537e-09,6.275513442233205e-11,3.612512955442071e-09,1.0947931797752105e-05,0.00043991270305632213,0.000438120118445795,2.0509105524979532e-10,0.00043806470432627975,0.0004385537280242602,4.805271180963189e-10,3.335071596666239e-08,-3.246274776769198e-14,8.932602213462815e-09,5.464357855089474e-10,1.0483745427336544e-08,5.198736409971292e-06,4.186139506145992e-06,0.0004386803560926379,0.0004400489303619465,0.0003937696485449508,0.0004400722495903186,0.0004394641582360103,0.0004398665616854496,0.00044054094860257464,0.00043992060951253886,0.0003916232852141377,0.00043938904309451677,0.0004395490981542287,0.00044085645755842506,0.0004395652969745867,0.00043968627059005764,0.0004247518442624561,0.00039142489902133093,0.00043947450538496394,0.0004392371203916362,9.870142897439038e-15,-1.2645266778132935e-14,0.0,2.912149688061305e-13,5.943162628696541e-15,2.615659425164729e-14,4.522176947247512e-06,-3.9193041173613e-14,-1.4210854715202004e-14,-8.711347615486531e-14,-2.2442117608711953e-14,5.509814996072695e-07,-3.874355867206211e-06,-3.148523108897905e-16,1.8474111129762605e-13,-1.0788880899781361e-10,0.0006331840880766325,0.0007939607684848259,3.7987774703651667e-08,2.8589056455530226e-08
6,-1.899024937301874e-09,-2.7238456823397428e-08,1.1692463885992765e-08,-1.844080088631017e-08,2.8756232950399863e-09,1.1941665434278548e-09,5.684341886080802e-14,9.988389138015918e-07,2.801243681460619e-10,-9.89530235528946e-10,4.547473508864641e-13,3.864215614157729e-10,-3.7834979593753815e-10,-5.620677256956697e-10,-2.2259882825892419e-10,0.0,2.3283064365386963e-10,2.4010660126805305e-09,1.7025740817189217e-09,6.548361852765083e-11,3.611603460740298e-09,1.0947687574251307e-05,0.0004396393512244856,0.00043778294005392127,2.31239027925767e-09,0.000437718167404455,0.00043801019647560224,2.4943354326456557e-09,3.3341407856823935e-08,5.915840733949906e-15,8.917944605002504e-09,-4.660535068978788e-09,4.483854354475625e-08,5.10476302009082e-06,4.169486203409178e-06,0.0004383178079621973,0.0004397766087368333,0.0003935671479436305,0.00043981644252013815,0.00043910258888937544,0.00043960464211840284,0.0004400994377533607,0.00043955296616627433,0.0003914160723237359,0.00043912395358767804,0.00043926123185791376,0.00043983681254677887,0.00043944539409196404,0.00043940457479415456,0.00044048314828160073,0.0003912468460924856,0.0004392162779627987,0.00043890060603955783,-4.260133912303843e-14,3.2270193461858554e-14,0.0,-4.472451055337334e-13,-4.1750457258071805e-14,3.560953615311391e-14,1.9267301206767756e-06,-7.647918756625849e-14,7.105427357601002e-15,-1.3975062426729856e-13,1.0963452368173421e-14,7.112551562958591e-07,1.2212009299290448e-05,-1.3205582460873444e-15,4.888537491476441e-14,-1.3301360013429075e-11,0.0006331848865289529,0.0007938058913216689,3.6005985748488456e-08,3.319655661471188e-10
7,-4.557477950584143e-09,1.1997144611086696e-08,-2.7141140890307724e-08,4.3526256376935635e-08,-2.544879862398375e-09,-2.7516762202139944e-09,1.3500311979441904e-13,9.483337635174394e-07,3.268723958171904e-09,4.656612873077393e-10,4.547473508864641e-13,-3.178683982696384e-10,9.74978320300579e-10,3.510649548843503e-10,-1.6025296645238996e-09,0.0,-1.0986695997416973e-09,2.582964953035116e-09,1.1059455573558807e-09,-1.9383605831535533e-11,3.6088749766349792e-09,1.094752708005178e-05,0.00043965907292253803,0.0004377874105898627,-2.4128894438035786e-09,0.0004377370204338149,0.00043804273161640594,1.2264738141753995e-08,3.3359384588038665e-08,2.800711051964555e-15,8.903953130356967e-09,4.476817139220657e-09,-2.9129296308383346e-08,5.666241386924537e-06,4.182657448836835e-06,0.00043833179208194835,0.00043978744040855475,0.00039357811416199616,0.0004398317272685669,0.00043912131100498804,0.000439615657437551,0.0004400014687462317,0.00043957455322721087,0.00039142125798896643,0.0004391353443466274,0.0004392745357132124,0.00043986117740502095,0.00043946857956611574,0.0004394354071985294,0.0004406140623984811,0.0003912239714241039,0.00043922593941137953,0.0004389072478739736,-2.5925876029342376e-14,-1.434052529503127e-13,0.0,-3.292409747612801e-13,-2.51912206372662e-14,9.682142240730052e-14,-5.54745887811417e-06,5.483460907562687e-15,-7.105427357601002e-15,-3.0826036168107862e-15,1.3014762878515995e-14,3.478229947972457e-07,2.1745406515204842e-06,2.9607392926234155e-15,7.958043946043603e-15,1.58786761517149e-10,0.0006331922716396304,0.0007936862236827651,9.213181328959763e-10,1.5639670891687274e-08
8,1.253556547453627e-08,-2.434717316646129e-09,-3.7445715861395e-08,2.3736788534733932e-08,3.24382654071087e-09,3.0631781555712223e-09,1.2079226507921703e-13,9.407185643794946e-07,2.027263690251857e-09,-7.275957614183426e-10,0.0,3.6220626498106867e-10,-8.003553375601768e-10,-1.3624230632558465e-09,-2.2146195988170803e-10,-1.8189894035458565e-12,2.3865140974521637e-09,-5.748006515204906e-10,1.57160684466362e-09,1.2732925824820995e-11,3.609784471336752e-09,1.0955558049191485e-05,0.00043963192410956253,0.0004376728485908643,1.7357706383336335e-09,0.0004377546673595134,0.0004380683115385864,1.7059150730913686e-08,3.333786935399985e-08,4.006473972029134e-14,8.888491720426828e-09,1.8877699403674342e-10,-2.6911948225460947e-08,4.942802814128728e-06,4.168303860296874e-06,0.0004383323344461722,0.00043977806483138857,0.0003935641790705005,0.000439811088454283,0.00043912398867324573,0.0004396075057088696,0.00044008421076568993,0.00043958267746461955,0.0003914169735281803,0.0004391296115450645,0.00043927046987976255,0.0004398612846090444,0.00043957575560987783,0.00043945489479928906,0.0004407491546700726,0.0003912374638730398,0.0004392131906387239,0.0004388919119840129,1.8148677005669356e-14,-1.3812735677465326e-15,0.0,-1.4659714414611003e-14,-4.1157181829287737e-14,-1.7618458775237045e-13,-2.458992545755975e-07,-1.7449583444850703e-14,-5.3290705182007514e-14,1.4974436621240095e-13,7.634518017773928e-15,1.9753620488665614e-07,-4.934927654525302e-06,-2.0834028946481453e-15,-6.281195182034072e-14,6.139089236967266e-11,0.0006331954058867192,0.0007935641155878863,4.910816642222926e-08,-4.614412318915129e-08
9,3.2505340641364455e-09,2.186607162002474e-08,3.319655661471188e-08,-2.216575012425892e-08,1.4730687780684093e-09,4.197318048682064e-10,-3.730349362740526e-14,9.583791324985214e-07,-7.457856554538012e-10,1.1059455573558807e-09,0.0,-1.8565060599939898e-10,5.384208634495735e-10,-3.7052814150229096e-09,-6.293703336268663e-10,1.8189894035458565e-12,-5.748006515204906e-10,-4.212779458612204e-09,1.178705133497715e-09,-1.0913936421275139e-11,3.6088749766349792e-09,1.0964714150291013e-05,0.0004396478004586868,0.0004378122174841792,-5.511537892743945e-10,0.0004377663047137048,0.00043805850405931324,1.4076874083057689e-08,3.335060227982467e-08,-8.28503932126523e-15,8.891220204532146e-09,-2.360366124776192e-09,-3.271452442277223e-08,5.318186410848053e-06,4.187459524018777e-06,0.000438342830552935,0.00043979480186651576,0.0003935752325480088,0.0004398241333377559,0.0004391309378389257,0.0004396230362241158,0.0004401121428827537,0.00043959299775818373,0.0003914292192384039,0.00043913347948239517,0.0004392856591037787,0.00043988898079661,0.00043949868309811624,0.000439495862552972,0.0004406426630509941,0.0003912484348802536,0.0004392355118737084,0.0004389023243229345,-5.518502321777419e-14,-1.8108127844418398e-13,0.0,-2.9911923632441884e-13,-6.174184427609752e-14,-8.589179714690864e-14,4.922329471159642e-07,3.0526796368501863e-15,1.4210854715202004e-14,4.359524893859934e-13,2.0814513307376714e-14,2.5657776241399394e-07,3.642180256409073e-06,-1.7247488159899405e-15,-7.048593479719312e-14,4.868070391239598e-10,0.0006332024805104381,0.0007934628343583992,2.1487721824087203e-08,-2.587512426543981e-08
10,-3.6909113987348974e-08,-4.9674781621433794e-08,4.185858415439725e-08,-4.0058807826426346e-08,-1.93040250451304e-09,-2.0377228793222457e-09,4.4941828036826337e-13,1.0345356713514775e-06,-1.6998455976136029e-09,-7.275957614183426e-10,0.0,1.6643753042444587e-10,7.421476766467094e-10,3.487002686597407e-09,-1.684384187683463e-09,0.0,-5.748006515204906e-10,1.0251824278384447e-08,9.458744898438454e-10,-1.9099388737231493e-11,3.6152414395473897e-09,1.0966208389438792e-05,0.0004396324865947321,0.00043777009889822693,9.645191312301904e-10,0.00043776756041324916,0.0004380587374157585,-5.876550607242237e-09,3.333934728289023e-08,3.784255894756505e-14,8.891220204532146e-09,-2.2910171537660062e-09,-1.0659277904778719e-09,5.507150129017806e-06,4.171294790467073e-06,0.0004383551282049697,0.00043979987366335677,0.00039357490637589344,0.00043983166685826903,0.00043913232319844203,0.00043961947525330896,0.0004402387223194637,0.0004395879114783767,0.00039143269949803994,0.0004391350879112241,0.0004392852460855237,0.0004400646443478706,0.0004394160404928016,0.0004395161412963644,0.0004406441576634279,0.00039125841439613396,0.000439225678760838,0.00043890006999343367,-3.546338570026286e-14,-4.1900077157874804e-14,0.0,-1.796744177051668e-13,3.52808060544163e-14,-5.2250304777290424e-14,8.673617379884035e-19,1.2704681057185141e-14,1.7763568394002505e-14,-1.3404945556350079e-13,-2.6773288447357046e-14,9.618082572157745e-08,7.45513700816324e-06,-2.647621705209602e-15,6.195933523189812e-14,4.5338310883380473e-10,0.0006332088054148686,0.0007933672349805497,-1.8397258827462792e-08,-9.565610525896773e-09
11,-3.7425706977956e-08,-3.514014679240063e-08,1.2707459973171353e-08,-8.473421075905208e-09,-4.620346771844197e-09,-4.344656190369278e-09,2.0250467969162855e-13,9.690302249509841e-07,2.1846062736585736e-09,5.384208634495735e-10,0.0,2.56704879575409e-10,-6.111804395914078e-10,8.949427865445614e-10,9.731593308970332e-10,-1.8189894035458565e-12,3.1213858164846897e-09,7.494236342608929e-09,1.3533281162381172e-09,9.458744898438454e-11,3.610693966038525e-09,1.0966600967557243e-05,0.00043960934362274884,0.0004378124580171061,1.4597389963455498e-10,0.0004377635003436353,0.00043806991646988536,4.11151476753524e-09,3.3349465411447454e-08,-3.9902109394418517e-14,8.878487278707325e-09,4.250750862411223e-09,1.2725649867206812e-08,4.941963426566341e-06,4.184013050689828e-06,0.00043835356844848516,0.0004397803304102732,0.00039355941251283805,0.0004398118355032638,0.0004391284212090325,0.00043960088816497,0.00044026986927292455,0.0004395803110040174,0.0003914230426573795,0.00043912601796850404,0.000439278934978539,0.00043995385852735325,0.00043947835359525733,0.00043951579956853695,0.0004411938782009628,0.00039125823543884053,0.0004392102168014689,0.000438884001344203,-7.051781034106419e-14,9.240481643746357e-14,0.0,-8.930009509633408e-14,1.183862036180372e-14,-1.339366985375623e-13,0.0,-4.308445961109797e-14,-3.552713678800501e-15,-1.7812053915156056e-13,-2.3892780115497558e-14,9.59507832822698e-07,6.496331994254503e-06,-2.8635947779687143e-15,7.212004431156327e-14,1.2138201554989791e-10,0.0006332108100954147,0.0007932636014814053,1.1723386705853045e-08,-3.2819116313476115e-08
12,-1.7425918485969305e-09,2.1009327610954642e-09,-2.958404365926981e-08,-7.711605576332659e-09,3.578747964638751e-09,-5.356923793442547e-10,2.4069635173873394e-13,1.0154390110983513e-06,-2.371052687522024e-09,4.656612873077393e-10,0.0,2.8546764951897785e-10,1.3096723705530167e-10,2.6902853278443217e-09,1.255102688446641e-09,0.0,-2.648448571562767e-09,-8.752977009862661e-09,1.8480932340025902e-09,1.2732925824820995e-11,3.6079654819332063e-09,1.0966805730083622e-05,0.00043989261297383564,0.00043817586424665933,-4.5888555177953094e-09,0.00043807773886328505,0.00043843580830582596,-1.2124669074298211e-08,3.334361053930479e-08,-4.7144579906621686e-14,8.878487278707325e-09,4.833282218896784e-09,-3.9313817978836596e-08,4.883303643715871e-06,4.172368562649353e-06,0.0004386913724070481,0.0004400684818165485,0.0003937833473979316,0.0004400918487718515,0.00043946433172898204,0.00043989240972577446,0.0004405707147157045,0.00043992646662853506,0.000391649954796236,0.0004394014839807772,0.00043958193962071205,0.00044059442826061,0.00043982821326160604,0.00043966701256516454,0.00042508261379340653,0.0003914662223110099,0.0004394942644528072,0.0004391749631559583,-4.1386165328116675e-14,6.305502994741197e-14,0.0,7.791337020002231e-14,-6.326146204105321e-14,9.963384284272792e-14,0.0,-2.0147945811732626e-14,-7.105427357601002e-15,6.530626733836087e-14,-4.9731919971041094e-14,-1.2275216572984332e-07,-8.753784897842266e-07,-2.2208797301193073e-15,4.263256414560601e-14,7.452172212651931e-11,0.0006332120002956187,0.0007931635099038125,3.7446625356096774e-08,1.0995790944434702e-08
13,-4.7873982111923397e-08,2.0954757928848267e-08,3.418062988203019e-08,4.3517729864106514e-08,-3.974491846747696e-09,2.500655682524666e-09,3.730349362740526e-13,1.0186267900280654e-06,2.43198883254081e-09,-1.1932570487260818e-09,-1.8189894035458565e-12,-2.7898749976884574e-10,1.7462298274040222e-10,6.45741238258779e-10,5.566107574850321e-10,0.0,3.587047103792429e-09,1.0550138540565968e-09,-9.604264050722122e-10,2.1827872842550278e-11,3.612512955442071e-09,1.0966994250061896e-05,0.00043960247784724515,0.00043782195055541706,3.7230165617074817e-09,0.000437772493370403,0.0004380790885107899,-1.689203082966273e-08,3.33428715748596e-08,-2.7935553176261507e-14,8.894858183339238e-09,-8.294591680169106e-10,2.9827788239344954e-08,5.5054760979959295e-06,4.183434270998987e-06,0.0004383710734220396,0.0004397750118161508,0.00039355264376527734,0.00043980693143536335,0.0004391443042189966,0.00043960349854969003,0.00044026980629041645,0.00043960293384509184,0.00039142462821573076,0.0004391228414264191,0.00043928078037721923,0.000439917931608802,0.0004394159423957156,0.00043946886361899895,0.00044115711115555456,0.00039122979615058284,0.00043920065508346517,0.00043887987875596,-3.761747857655706e-15,6.885594525107841e-14,0.0,2.3301239410189467e-14,3.5392695718616807e-15,1.852597936169431e-14,8.673617379884035e-19,-6.593683932187844e-15,2.842170943040401e-14,3.172765869474681e-14,-5.427082394593441e-15,-1.002821272955189e-06,1.6494678205720677e-05,5.69639821423884e-15,4.742864087581289e-14,-1.382431946694851e-10,0.000633212770220098,0.0007930630644070308,-3.7744939618278295e-08,-7.743892638245597e-09
14,-4.1838575270958245e-08,3.804234438575804e-08,-1.1885276762768626e-08,-1.5370346773124766e-08,2.237754870293429e-09,3.4474396670702845e-09,7.460698725481052e-14,9.822952051763423e-07,7.257767720147967e-10,2.0954757928848267e-09,-9.094947017729282e-13,-1.9963408703915775e-10,9.89530235528946e-10,2.928572939708829e-09,3.5652192309498787e-10,0.0,-1.0331859812140465e-09,-8.94215190783143e-09,5.675246939063072e-10,-8.913048077374697e-11,3.612512955442071e-09,1.0966743459006872e-05,0.0004396145343754654,0.0004378267086337928,-4.069534043082967e-09,0.0004377773402097773,0.00043805943678876247,-2.0725865468307347e-10,3.334005782562599e-08,-7.052865236278905e-14,8.89849616214633e-09,-4.769049155584071e-09,-1.0659277904778719e-08,4.681962036228436e-06,4.171082309767371e-06,0.00043836886189129376,0.00043978000886028346,0.0003935539166548263,0.00043981433350049606,0.0004391365445248984,0.0004396023607191441,0.00044023799608794434,0.00043959687406032325,0.0003914370841222592,0.0004391391422442284,0.00043928453058798746,0.0004396031881978013,0.00043951806206032895,0.0004395436599077627,0.0004407188956250252,0.0003912239868100187,0.0004392204440184463,0.00043889312409998993,-3.9520903910572613e-14,-1.0084814927591168e-14,0.0,-6.428364784927254e-14,4.989932078647286e-15,-3.109838775383622e-14,1.734723475976807e-18,-2.2732250110069074e-14,1.0658141036401503e-14,-1.6179982700870177e-13,7.07637073937839e-15,3.8044640424659583e-07,-3.7585572920306384e-06,-9.410874857174178e-16,-4.774848051669611e-14,3.155946615152061e-10,0.0006332067468947356,0.0007929523782860143,-1.799890014808625e-09,3.896593625540845e-08
15,-1.7749698599800467e-08,-1.2167220120318234e-08,1.1244992492720485e-08,4.6728473535040393e-08,-4.886544502369361e-09,-3.1495801522396505e-09,1.0871303857129533e-12,1.0070898497360758e-06,3.408786142244935e-09,-2.3283064365386963e-10,0.0,-2.0952484192093834e-10,1.6007106751203537e-10,3.3487594919279218e-09,2.3101165425032377e-10,0.0,3.5070115700364113e-09,4.190951585769653e-09,-1.760781742632389e-09,-2.3646862246096134e-11,3.6088749766349792e-09,1.0959247833171575e-05,0.00043960742003967823,0.00043762001641312054,-1.420630724169314e-09,0.00043779050562875454,0.00043805245522321457,1.131130791809376e-08,3.333514086989453e-08,-2.1249928899846893e-14,8.989388788904762e-09,1.0227267921436578e-09,-3.374589141458273e-08,5.126555349235502e-06,4.184683632502129e-06,0.00043833798291813926,0.0004397588672033891,0.00039354097700983366,0.0004397925327927965,0.0004391010997094806,0.00043958825700369337,0.00044013687607957763,0.00043956640383317194,0.000391427482743012,0.00043910918229674283,0.00043926535714060863,0.00043986367911941215,0.00043946765792890474,0.0004395530486552661,0.00044063466914678884,0.00039129092335943305,0.0004392024871891615,0.0004388706403331277,-1.703324981061627e-14,7.859164707912925e-15,0.0,-8.058614539563358e-14,-6.646592998205136e-15,2.2255981779739642e-13,0.0,-4.161037833738668e-14,-1.0658141036401503e-14,-1.66569015525031e-13,6.974585839425451e-14,9.558000430586779e-07,1.5265216244219997e-06,2.8579569266717897e-16,-4.263256414560601e-14,1.1300471669528633e-10,0.0006331978237339533,0.0007928416708555418,2.631713869050145e-08,-2.8005160856992006e-08
16,8.22456058813259e-09,-1.2824784789700061e-08,-2.1591404220089316e-09,3.2337993616238236e-08,-3.890932021022309e-09,1.6102603694889694e-09,5.684341886080802e-14,9.900213626679033e-07,-2.4929249775595963e-09,-2.9103830456733704e-10,0.0,-1.8627588360686786e-10,-3.2014213502407074e-10,1.546140993013978e-10,-3.5288394428789616e-10,0.0,-1.0113581083714962e-09,1.7898855730891228e-09,9.022187441587448e-10,7.275957614183426e-11,3.611603460740298e-09,1.0948358473596284e-05,0.0004571460049085374,0.0004551690943515041,3.6470737541094422e-09,0.0004551171698778944,0.00045538607294304256,-6.950569314545518e-09,3.335208020871505e-08,-1.2946241301214911e-14,1.7077907164819717e-08,-4.476575554690498e-09,-5.114998202770948e-09,5.250906955356024e-06,4.155684791840031e-06,0.00045568546486435876,0.0004573079575011696,0.00040755239286324046,0.00045736145826190833,0.00045654580466334164,0.00045712698831712906,0.0004576542634708858,0.0004570816830498448,0.0004052016406355108,0.0004565635446369949,0.00045673842763916577,0.00045729900082069896,0.00045693033229443625,0.00045704197335426095,0.000458131632825598,0.0004050990850608116,0.0004566769631689951,0.00045629499961670483,-5.0828265207858436e-14,-1.6676807504389934e-13,1.7763568394002505e-15,1.5972032724187457e-13,-3.7202879665798605e-14,-1.0253950466498907e-13,2.4844046508654127e-06,2.4424906541753444e-15,1.0658141036401503e-14,8.554441877084429e-14,1.840801816532789e-14,-1.7782414623484025e-07,1.2644080963415249e-05,-4.243567303108264e-15,3.694809215526451e-14,1.1937117960769683e-10,0.0006332037901144107,0.0007927776806501963,-4.163575795246288e-08,-4.6667992137372494e-08
17,-4.626599547918886e-08,1.710759534034878e-08,3.047625796170905e-08,-3.9877932067611255e-09,-1.3064322956779506e-09,1.5866135072428733e-09,5.204725539442734e-13,9.573250281391665e-07,3.9108272176235914e-10,1.2514647096395493e-09,0.0,4.3706904762075283e-10,5.529727786779404e-10,6.293703336268663e-10,-8.585629984736443e-10,0.0,2.4010660126805305e-10,-2.1827872842550278e-09,1.2369127944111824e-09,-4.547473508864641e-11,3.610693966038525e-09,1.0947672363457745e-05,0.00045708344340944507,0.0004553868892855917,-2.9153852665331215e-09,0.00045515629469150554,0.0004553948332670643,3.6439953277067616e-09,3.337117959745228e-08,-3.250828425893637e-14,2.5039712608920794e-08,-1.7424781617592089e-09,-3.892637323588133e-10,5.644756785901702e-06,4.168851205577084e-06,0.0004556631408586466,0.0004572378787057411,0.00040748250825418985,0.00045728413412993423,0.00045648846192021487,0.0004570624283565007,0.000457384546166395,0.0004570210639300589,0.0004051961470477039,0.00045649664762243943,0.0004566707427648689,0.00045735491759524294,0.00045688922725994896,0.0004570926989360558,0.0004580682548294135,0.0004051017729125306,0.00045661333393539694,0.0004562412832140178,-3.684552662974738e-15,-1.2189251344385532e-13,0.0,-5.458957938464515e-14,9.45337558233561e-15,9.109510021310108e-14,3.5209849535552604e-06,-3.9118014383277e-14,2.842170943040401e-14,1.2926291981241178e-13,-1.3926793746010802e-14,-7.677731363741908e-07,5.137010610925009e-06,2.2403953692240464e-15,-1.5916304732521702e-14,4.459934643818997e-10,0.0006331942735173153,0.0007926767289911268,1.735179466777481e-08,-8.558345143683255e-09
18,-2.545311872381717e-08,-4.0268332668347284e-08,1.9953404262196273e-08,-4.148500920564402e-08,3.637353529484244e-09,-3.4337972465436906e-09,2.8421709430404007e-13,1.0172134352615103e-06,-2.6830093702301383e-10,-6.402842700481415e-10,0.0,8.304823495564051e-11,7.712515071034431e-10,2.153683453798294e-09,-1.280568540096283e-09,0.0,1.4770193956792355e-09,3.470631781965494e-09,1.3096723705530167e-09,-6.366462912410498e-11,3.611603460740298e-09,1.0947768486418248e-05,0.00045700783197943906,0.0004552418739933728,-3.2327989174518734e-09,0.0004551952735027953,0.00045543466806918786,-2.958768785532584e-10,3.335208020871505e-08,-9.998078753792328e-15,2.6233767012884268e-08,-4.430106059771788e-09,4.509001882979646e-08,4.813377437197703e-06,4.186969079000846e-06,0.0004556525761989865,0.0004571710335274917,0.000407413172301425,0.0004572152807781728,0.00045645839594115516,0.00045699769002121443,0.00045747769070203503,0.0004569896324234067,0.00040518493771912745,0.0004564321298454921,0.0004566060919462406,0.00045747048966315873,0.0004567379171771524,0.00045717304776151735,0.00045834852137005555,0.0004051353672167579,0.0004565523742689425,0.00045618346617613825,-9.181023996607252e-16,2.665489357012163e-14,-1.7763568394002505e-15,-6.897737589439679e-14,-2.6297106853201413e-14,-1.0474650660730056e-13,-1.1921415223065807e-06,8.553054098303647e-15,-4.973799150320701e-14,-1.3437861934306738e-13,-2.466082893448629e-14,8.434548014689923e-07,-5.512979575632683e-06,-4.7271214720367993e-17,-3.808520339376731e-14,-1.638227331568487e-10,0.0006331944148908527,0.0007926063612650074,-1.6511876310687512e-09,-3.463674147496931e-08
19,-1.7532329366076738e-08,-4.3474187805259135e-08,-1.6432750271633267e-08,-1.6223111742874607e-10,3.6745859688380733e-09,1.1891643225681037e-10,-1.4210854715202004e-13,1.004806108539924e-06,-8.185452315956354e-12,1.1059455573558807e-09,1.8189894035458565e-12,1.878674993349705e-10,-2.0372681319713593e-10,-3.4378899727016687e-10,2.9467628337442875e-10,0.0,1.433363649994135e-09,-5.238689482212067e-10,2.9103830456733704e-10,1.000444171950221e-10,3.6088749766349792e-09,1.0947798771223944e-05,0.00045699245507258013,0.0004552495490486308,3.857167030218989e-09,0.00045521917547830526,0.0004554434528785123,-1.2031118101774041e-08,3.3337528293486685e-08,1.975416358268589e-14,2.5973349658536815e-08,-4.845901457883883e-10,-8.394636097364128e-09,5.447500595244189e-06,4.1688278429319325e-06,0.0004556562292864284,0.00045717063646267403,0.0004074085430762959,0.0004572093545021222,0.000456453879565789,0.0004569988441851967,0.00045741727632275797,0.0004569858624462542,0.00040519751476431054,0.00045642687732489655,0.0004566038213553816,0.000457299272855316,0.00045681692900145787,0.0004572161989269195,0.0004582364899050617,0.0004051559569404617,0.00045654387493081205,0.00045618396379661086,-5.836650607271565e-14,-1.2866704229841375e-13,0.0,-2.652036576455963e-13,-2.2845007136007567e-14,-1.9803256257056034e-13,-1.21040025845634e-06,-7.346553920761778e-16,1.0658141036401503e-14,2.2667197979719944e-14,4.779900433793394e-14,-3.1907768054464936e-08,1.3912337133579122e-05,-2.5326962749261384e-15,1.9610832055483307e-14,8.475353752146475e-10,0.0006332005374810796,0.0007925625865748158,-9.904056241794024e-09,-4.325920599512756e-08
20,4.261346475686878e-08,-1.2424607120919973e-08,-1.552325556986034e-08,1.041598807205446e-09,-4.237790562910959e-09,-4.3860381992999464e-09,7.105427357601002e-14,9.391915227752179e-07,2.1336745703592896e-09,-1.0186340659856796e-09,-9.094947017729282e-13,4.4281023292569444e-10,-5.966285243630409e-10,1.8280843505635858e-09,1.1132215149700642e-09,0.0,2.5393092073500156e-09,4.132743924856186e-09,6.111804395914078e-10,7.366907084360719e-11,3.610693966038525e-09,1.0947787128650537e-05,0.00045701785291285546,0.0004553167588881024,-3.3946889743674546e-09,0.00045527864239147675,0.00045551881130734273,-1.2129227400237141e-08,3.335117071401328e-08,-2.7584705353245198e-14,2.514691388802448e-08,2.8753319725183246e-09,2.1001142158638686e-08,5.506426177917566e-06,4.190100185041956e-06,0.0004557146660607186,0.000457194559145837,0.00040742336214264017,0.00045723778121736823,0.0004565044017206662,0.0004570236281415639,0.0004575914808242487,0.0004570381165756839,0.000405229276676522,0.0004564552502631823,0.00045663386249509413,0.00045753524400082846,0.00045666705117342055,0.0004572771374684141,0.0004586800649377665,0.00040518532068745117,0.00045657572466270297,0.00045621811279383806,-3.354434785496352e-14,-3.314622881722684e-15,1.7763568394002505e-15,-1.6455500156942193e-13,-3.7838655819744105e-14,-5.899447597101926e-14,-1.3032314700213432e-06,-1.6273440928138427e-14,2.4868995751603507e-14,-7.709978488978919e-15,-5.616037149214215e-14,-3.9132551751916607e-07,1.6566656669212256e-05,-6.94323071259717e-16,-9.592326932761353e-14,-2.89347212856228e-10,0.0006332066748909208,0.0007925283330843429,-2.8045178623870015e-08,4.9470145313534886e-08
21,4.944740794599056e-08,-2.1852883946849033e-08,-3.1871422834228724e-08,-7.407606972265057e-09,2.5203235054505058e-09,-3.432433004491031e-09,5.364597654988756e-13,9.377436072099954e-07,-1.0659277904778719e-09,1.1350493878126144e-09,0.0,-1.8488321984477807e-10,1.4551915228366852e-10,4.94765117764473e-10,-1.3660610420629382e-09,0.0,-2.6921043172478676e-10,8.64383764564991e-09,-2.9103830456733704e-11,6.548361852765083e-11,3.6088749766349792e-09,1.0947781636375066e-05,0.0004570133980905666,0.00045529457449333677,4.389676178107038e-09,0.0004552948831815229,0.00045554328508501385,4.4053504177909986e-09,3.334844222990796e-08,-1.1351163065054237e-14,2.404132273467474e-08,-3.2209044320552493e-09,3.036348061868921e-08,5.193920960540593e-06,4.173704837739933e-06,0.0004557277106487299,0.0004571827908765435,0.00040740982149517924,0.0004572199384110529,0.0004565105007642645,0.00045701300420969383,0.0004574722816528265,0.0004570286869517489,0.00040523923443913645,0.000456458185739742,0.0004566333078632073,0.00045740050714693226,0.00045677982524527927,0.00045730110709619413,0.0004587054241280697,0.00040516572948945395,0.0004565729460872946,0.00045622461632589817,6.344751113385172e-16,-2.8171909249863347e-14,0.0,-7.650737682274311e-14,-6.370078076134433e-14,9.199932482495399e-14,1.3901146125819969e-06,-5.2954168827668013e-14,-2.842170943040401e-14,-8.556697017603199e-14,-2.1083829127022113e-14,-6.782406272178541e-08,-2.1578278688316743e-06,1.1888059980869059e-14,1.4637163009423304e-14,1.801083726604702e-10,0.0006332106437347234,0.0007924964164932335,3.397326509002596e-08,-2.810520527418703e-08
22,-3.1908712117001414e-08,1.6082140064099804e-09,-2.8985596145503223e-09,-6.4618461692589335e-09,2.3021584638627246e-10,4.551111487671733e-09,5.044853423896711e-13,9.414070518687367e-07,1.431544660590589e-09,7.566995918750763e-10,-9.094947017729282e-13,-8.988365607365267e-11,1.4551915228366852e-10,3.54702933691442e-09,7.457856554538012e-10,0.0,7.275957614183426e-11,-7.654307410120964e-09,1.1059455573558807e-09,9.276845958083868e-11,3.612512955442071e-09,1.0947759657817854e-05,0.0004569944088714806,0.00045533260905017414,6.439222488552332e-10,0.0004552912783708507,0.000455533239204442,-4.289800403789457e-09,3.334935172460973e-08,1.3516531643942287e-14,2.283614661952038e-08,2.9618121288876864e-09,2.3046595742926e-08,5.693994613789632e-06,4.185550835700269e-06,0.00045572430817982,0.00045716597686208975,0.0004073941590400803,0.0004572025244250809,0.00045650420942630176,0.0004569965088106866,0.0004574587139813957,0.0004570267821484412,0.0004052323715644235,0.00045644473220084235,0.00045661765142796483,0.0004574533428685079,0.00045678901242651726,0.0004573143174554208,0.0004587173602246253,0.00040520779657526873,0.00045655455012128584,0.0004562087252945879,-2.2422601969607214e-14,4.513620380230954e-14,0.0,9.13180121797641e-14,-4.819148552437369e-14,-5.365759919717661e-14,4.2268628609298114e-06,-2.7313221129254828e-15,4.263256414560601e-14,-1.6958613333062367e-13,3.3272429950104154e-14,1.0290147314062463e-06,1.4826878999238966e-05,4.575766848757823e-15,-1.0729264698916552e-14,-6.184563972055912e-11,0.0006332127728013582,0.0007924678789801313,2.9372813514783047e-08,-4.3037289287894964e-09
23,-4.494404493016191e-08,-1.0522398952161893e-08,-1.2290911399759352e-08,4.948890364175895e-08,3.742229637282435e-09,-2.04463503905572e-08,-5.5289106626332796e-14,9.601499186828732e-07,2.3919710656628013e-09,1.1641532182693481e-10,9.094947017729282e-13,4.142108878113504e-10,3.7834979593753815e-10,-1.4915713109076023e-09,-1.8426362657919526e-09,0.0,-3.245077095925808e-09,1.382431946694851e-09,1.7316779121756554e-09,-1.127773430198431e-10,3.6052369978278875e-09,1.0947713472835366e-05,0.00045837423888883677,0.0004564777213573734,-2.0540937839541584e-09,0.0004564165952132271,0.00045692823961829276,4.01228084090377e-09,3.336936060804874e-08,-3.684118982105744e-15,2.1338389499803156e-08,-4.6874930603735265e-09,2.2630956664215773e-08,5.111972287265157e-06,4.174638775111816e-06,0.00045706760544950197,0.0004582061980491106,0.00040810961970835953,0.00045832330591447134,0.00045767986978670436,0.0004579486902464413,0.0004584402030900492,0.00045830169419196166,0.0004059650598442488,0.0004573939709358447,0.00045763917262952886,0.0004402987248577784,0.0004401991541714764,0.000458270368432163,0.0004421236426333129,0.0004059332870860466,0.00045747665865201407,0.0004576236314213916,-9.304189363401605e-15,7.342217112071836e-15,0.0,-5.645397344045122e-14,-6.239366662219581e-15,-6.28429600024738e-14,-1.7144150783812706e-06,-4.420205521049603e-14,-1.7763568394002505e-14,-2.5080198334803683e-14,-5.806639891137166e-14,-5.401545166705546e-08,1.3148316361011325e-05,-1.0166780611831072e-14,-2.842170943040401e-14,-4.3168313368369127e-10,0.0006332139415780977,0.0007924398175895319,-4.974481271347031e-08,9.817085810936987e-09
24,8.347797120222822e-09,3.687318894662894e-08,-1.7838829080574214e-08,1.8122932488040533e-08,-3.645027391030453e-09,-2.3462689568987116e-08,8.943956686380261e-13,9.980467439163476e-07,1.6796093404991552e-09,-7.8580342233181e-10,0.0,2.1188384380366188e-10,3.055902197957039e-10,-3.3014657674357295e-09,9.931682143360376e-10,0.0,-3.2232492230832577e-09,-7.508788257837296e-09,1.8189894035458565e-09,3.228706191293895e-11,3.613422450143844e-09,1.0947656677406112e-05,0.0004578614768053768,0.0004561645584431062,3.969034878537059e-09,0.00045609455619910477,0.0004565963014471208,2.8081281744363196e-10,3.3341166272293776e-08,1.2077144839750531e-14,2.019353891741238e-08,-4.0897276676332694e-09,1.3031240087002516e-08,5.2140321460076655e-06,4.184166186860239e-06,0.00045667434708428906,0.00045788294267869786,0.00040788755875101985,0.00045788582635794247,0.00045730565852889924,0.00045765866904060514,0.0004580839320169616,0.00045791521271725324,0.00040574749822397393,0.0004571043843404547,0.0004573237249345164,0.00043960053088380876,0.0004578229573430903,0.0004579993519759399,0.00044178844131876087,0.00040570768260295154,0.0004571934271434424,0.00045712526731717107,-1.470698562933137e-14,-5.972869768222644e-14,-1.7763568394002505e-15,-1.4090985323012006e-13,-1.856717904424876e-14,1.9935008505056473e-14,-4.895255438612522e-07,2.0866555011656018e-14,3.552713678800501e-15,2.92300905702092e-15,-1.0397932515004982e-14,2.288513982762197e-07,1.2341664319146482e-05,-5.9054323930940456e-15,0.0,6.730260793119669e-11,0.0006332134517184687,0.0007924183737595513,-1.2186774256406352e-08,2.4010660126805305e-10
25,-3.482568899926264e-08,4.546564014162868e-08,3.782679414143786e-08,2.506340024410747e-09,-4.376374818093609e-09,4.358071237220429e-08,4.263256414560601e-14,1.004269506665878e-06,-3.0479441193165258e-09,-4.656612873077393e-10,-9.094947017729282e-13,1.242028702108655e-10,1.4551915228366852e-10,-1.4224497135728598e-09,5.493347998708487e-10,0.0,2.939486876130104e-09,1.367880031466484e-09,-9.458744898438454e-10,-1.1095835361629725e-10,3.610693966038525e-09,1.094761978750222e-05,0.00045796429919420234,0.00045615019540434787,6.571099220309407e-10,0.0004561644526006603,0.00045668319601332996,-9.900325004252863e-11,3.335208020871505e-08,-1.987385950252829e-14,1.8998718494256384e-08,-1.588205122970976e-10,4.2059582483489066e-08,5.237113499557142e-06,4.174558455360966e-06,0.00045674318323326267,0.0004579457651643615,0.00040793328868400603,0.00045795508765353104,0.0004573691216931035,0.00045771888925577554,0.0004581886875598684,0.00045797594944603157,0.0004057969762580882,0.00045716555807855195,0.0004573864621437449,0.00043964179633947977,0.00045802357833024665,0.0004580618953078123,0.00044185113042938566,0.0004057442683915724,0.00045725273382817185,0.00045722280152932226,-3.119336386414595e-14,1.4029576111962427e-14,0.0,-1.4408179510594366e-14,-1.2265362336894015e-14,-2.6112792483878877e-14,1.579617229607519e-06,-8.952474178647307e-15,3.552713678800501e-15,-1.4225946809443002e-13,7.209944447028604e-15,2.946644812595878e-07,2.735609129693754e-06,5.325601071248798e-15,-2.842170943040401e-14,-2.8694557840935886e-10,0.0006332133407462117,0.0007924003560342474,3.7025984056526795e-08,1.049829734256491e-08
26,3.868920828153932e-08,3.788454705500044e-08,4.274625098332763e-08,2.6912516659649555e-08,4.275648279872257e-09,2.70042619376909e-08,5.115907697472721e-13,1.0039038897957653e-06,-5.042863904236583e-10,6.693881005048752e-10,0.0,2.9109514798619784e-10,1.2660166248679161e-09,3.47245077136904e-09,-1.6261765267699957e-09,1.8189894035458565e-12,2.764863893389702e-09,-4.649336915463209e-09,-8.149072527885437e-10,-7.821654435247183e-11,3.613422450143844e-09,1.094758030918447e-05,0.00045803150944934146,0.00045629631522103864,-2.9808688850607723e-09,0.0004562182857625885,0.0004567425644310674,-6.715381972721701e-09,3.334207576699555e-08,-8.165777082291825e-15,1.7989428266473872e-08,8.969891496235505e-11,-3.6468918551690876e-08,5.191604829193116e-06,4.186598800970387e-06,0.00045681013872050057,0.0004579889331406263,0.0004079614846218089,0.00045800954980268526,0.0004574212734222115,0.0004577588594075724,0.0004581711078799344,0.00045803243217008675,0.0004058349182436416,0.0004572053605624471,0.0004574311693261858,0.000439541446109238,0.0004581263585352602,0.0004581143941355193,0.0004418905910044137,0.00040577587562795614,0.0004572938536636993,0.0004572864341611804,-4.6802839381854255e-15,-2.5922840263259417e-14,0.0,-3.468796430650123e-14,-2.2573089231148202e-15,-8.912965851481935e-14,-1.5867108605696623e-06,-3.651679653104978e-14,-7.105427357601002e-15,4.809130524363603e-14,-3.7751919645945264e-15,7.294764223786387e-07,3.099967633843825e-06,-1.6059202578855292e-15,-2.842170943040401e-14,-2.431761458865367e-10,0.0006332122450683078,0.0007923906987842278,-4.0557551983511075e-08,-2.9340299079194665e-09
27,1.270652205676015e-08,-3.89341039408464e-08,1.8184437067247927e-08,-4.1934299588319845e-08,-1.392777448927518e-09,-2.387105269008316e-08,1.5631940186722204e-13,1.0103885870194063e-06,3.0817659535387065e-09,6.111804395914078e-10,0.0,-2.4488144845236093e-10,-9.313225746154785e-10,2.6411726139485836e-09,6.175469025038183e-10,-1.8189894035458565e-12,-9.313225746154785e-10,6.752088665962219e-09,-1.1059455573558807e-09,-6.730260793119669e-11,3.614331944845617e-09,1.0947535986928101e-05,0.00045748980383031324,0.0004558837264738713,2.1304913389030844e-09,0.00045588642174720917,0.00045630934506135645,-8.181906679949336e-09,3.336754161864519e-08,2.1001429761913215e-14,1.702519143720327e-08,4.2086867324542254e-10,-1.3576936908066273e-08,5.211588744917159e-06,4.174864898232045e-06,0.0004563639170838728,0.00045763505453934967,0.00040772141227162243,0.0004576348366988406,0.00045704404028648615,0.00045744106291775765,0.0004577979498208151,0.0004576038340335267,0.000405612395162791,0.000456897805753012,0.00045709899841178507,0.00045813189542043276,0.00045741023683376625,0.00045784294593931513,0.00044144693491162063,0.00040558911982202517,0.0004569980696610097,0.0004567813582385116,-2.498999271405289e-14,-6.868203922261173e-14,-1.7763568394002505e-15,2.861903422579637e-14,-7.016782987978587e-14,2.796157402840116e-14,2.622754429141422e-07,4.598968775249013e-14,-1.0658141036401503e-14,-6.068843344531061e-14,1.2842157892656303e-14,-2.9325101701615196e-07,-4.024208425317411e-06,-3.2053353027361453e-15,-2.842170943040401e-14,9.239897735824343e-11,0.0006332106553379483,0.0007923830153585714,-3.8563939597224817e-08,-2.406522980891168e-08
28,2.0330730876594316e-08,-1.044554664986208e-09,3.000695869559422e-08,-4.361470473668305e-08,-1.9356320990482345e-09,2.622209649416618e-08,0.0,9.433824743609875e-07,3.291646066827525e-09,-6.402842700481415e-10,0.0,6.752998160663992e-11,1.1204974725842476e-09,2.788510755635798e-09,1.7425918485969305e-09,1.8189894035458565e-12,-2.6921043172478676e-09,4.729372449219227e-10,-1.1641532182693481e-10,5.866240826435387e-11,3.612512955442071e-09,1.0947530728367804e-05,0.00045744023377913834,0.0004559069036247365,-4.36239133705385e-09,0.00045587501014665577,0.0004562406584724954,-1.8632796139339547e-09,3.3362084650434554e-08,-2.2896181478548883e-14,1.6103198247074957e-08,1.0265921446261927e-10,-2.5146619009319693e-08,5.203896710152703e-06,4.187413082945568e-06,0.0004562990418946625,0.0004575994559047449,0.00040770477344911817,0.0004576171295200943,0.00045698414381700097,0.00045741916880867855,0.00045784577378071845,0.00045752438524767226,0.00040561062417232563,0.0004568811799031229,0.00045707052023565443,0.0004582502543499789,0.0004572576851809562,0.0004578089301832504,0.0004413071112149688,0.0004055846835626653,0.0004569825305208177,0.0004567268372242944,-7.407963131811357e-14,-6.3287049212323865e-15,0.0,-1.1736445149068686e-13,-3.191153938320035e-14,-1.7027828799753841e-13,-1.1374007271268416e-06,-1.9138336748714124e-14,3.907985046680551e-14,-5.796405022628903e-14,5.1510445214786316e-14,-2.3916730626191186e-07,-3.2943934599584477e-06,2.4173371637736807e-15,-5.684341886080802e-14,-5.03632691106759e-10,0.0006332074370449855,0.0007923819371381657,-3.1153376767179e-08,-4.6202330850064754e-10
29,3.038098839169834e-08,4.208641257719137e-08,-8.186361810658127e-09,-1.0262851901643444e-08,1.7466845747549087e-09,4.695743882621173e-08,4.050093593832571e-13,9.669029168435372e-07,2.702336132642813e-09,5.238689482212067e-10,0.0,-2.8475710678321775e-10,2.0372681319713593e-10,-1.4679244486615062e-09,2.000888343900442e-11,0.0,-3.092281986027956e-09,2.546585164964199e-09,-6.548361852765083e-10,8.913048077374697e-11,3.6070559872314334e-09,1.094743075229286e-05,0.00045739491262253296,0.0004557720594107195,-4.584308044286445e-09,0.0004558567038941419,0.0004561844105239743,1.081483738674116e-08,3.334571374580264e-08,4.112769153019613e-14,1.4869225357927451e-08,3.0615865398431197e-10,3.278000804129988e-08,5.394655480978126e-06,4.176680079126527e-06,0.00045621726501819757,0.0004575740820598768,0.00040769924377372395,0.0004576091528664776,0.0004569058031194126,0.00045739608345278385,0.00045806724290287093,0.0004574276893003228,0.00040560838362324603,0.0004568624321663979,0.0004570373861151429,0.0004580324446932238,0.00045720048879160924,0.00045779345773151476,0.00044072967001476367,0.0004055918866470165,0.00045696753707755253,0.0004566595575939414,1.042048392019268e-14,9.435594666706848e-14,-1.7763568394002505e-15,3.52886123100582e-15,2.182759181734717e-14,-1.1381217149275535e-13,1.9079130926004384e-07,1.5420390658826832e-14,2.4868995751603507e-14,-1.6835925015223907e-14,-5.858074442199879e-14,-6.986611784227069e-08,-6.841697470029266e-06,-5.139551978450285e-15,2.842170943040401e-14,-2.5579538487363607e-10,0.000633203740326342,0.0007923885735685175,-1.7727870726957917e-08,-5.858510121470317e-09
30,7.231989229694591e-09,-1.4959482541598845e-08,-4.7525645641144365e-08,-2.7332021090842318e-08,-2.355591277591884e-09,4.4219177652848884e-08,1.900701818158268e-13,1.0316243788111024e-06,-2.2382664610631764e-09,7.275957614183426e-10,0.0,3.626658973132635e-10,-1.8917489796876907e-10,8.421920938417315e-10,1.5425030142068863e-09,-1.8189894035458565e-12,1.4115357771515846e-09,4.838511813431978e-09,-1.3969838619232178e-09,-7.844391802791506e-11,3.6079654819332063e-09,1.0947146883132476e-05,0.0004571452801513942,0.00045539843699771154,-3.141394699923694e-09,0.0004553909383844257,0.0004555301412096924,9.017374819064727e-09,3.333389031467959e-08,1.1649101822053254e-14,1.3593830623659375e-08,7.01874114383827e-10,-3.843706508632749e-08,5.070981949197983e-06,4.186612784451427e-06,0.0004557694169258922,0.00045736574293175295,0.0004075893655034299,0.00045742116991745463,0.0004565197835097027,0.0004571676885101743,0.0004577136207331023,0.0004570841387009565,0.00040532490475442273,0.0004565652807234366,0.0004567492806545493,0.00045732704333398266,0.00045685866056316415,0.0004573401003060795,0.00045788200084473374,0.0004053076440868608,0.00045669152133649,0.0004563104647733879,2.788307779111321e-14,1.679602637527644e-14,0.0,-2.8956004261004864e-14,-7.118004102801834e-15,-2.8138515822950794e-14,-9.421925266182157e-07,-3.701249376431015e-14,3.552713678800501e-15,8.082553723531838e-14,-5.3884414291660576e-14,-7.23610275043824e-08,-3.1668608817671078e-06,-3.8142232428040046e-15,6.366456840878332e-14,-4.729372449219227e-11,0.0006332031155687609,0.0007924136833560851,9.737163964018691e-09,-4.6100467443466187e-08
31,1.1097426977357827e-08,2.7470605346024968e-08,7.566995918750763e-10,4.018340860056924e-08,-1.982243702514097e-09,2.3520499325968558e-08,5.423994586806202e-13,1.0147136322302686e-06,3.68982000509277e-09,-3.7834979593753815e-10,0.0,-1.368789526168257e-10,-5.820766091346741e-11,-3.1341187423095107e-09,-6.71207089908421e-10,0.0,-2.204615157097578e-09,-5.384208634495735e-10,1.178705133497715e-09,-7.09405867382884e-11,3.6088749766349792e-09,1.0946908681748512e-05,0.00045828638691425283,0.00045373807003556976,2.797378328978084e-09,0.0004537940832278764,0.0004543343396790078,-4.295741040660772e-09,3.333843778818846e-08,6.217942827291267e-14,1.40165338155529e-08,-2.2450308279076125e-10,-4.591129254549742e-08,5.310311254187478e-06,4.167821714418096e-06,0.0004550471632515699,0.000459227351284521,0.00040946796790683254,0.0004594527133351136,0.0004568366543157925,0.0004586548153149815,0.00046066671376365775,0.00045838924510210183,0.0004045298667350039,0.00045698945310944936,0.00045744757142622636,0.0004590796641191497,0.0004581063527614726,0.00045511561735470715,0.00046107022252073193,0.0004040634995305936,0.00045736454391550555,0.00045643221043009663,-4.1737013151132984e-14,-1.5764299587939234e-15,0.0,-3.717026686445024e-13,-2.5916768731093498e-14,-1.0129093744315476e-13,-3.6161557630670638e-06,-3.4620743771807128e-15,7.105427357601002e-15,-1.7549676989414564e-13,9.47956990682286e-14,-1.878159417280454e-07,-9.159617609537634e-06,-5.502976546667426e-15,1.1425517650043293e-13,5.866240826435387e-11,0.0006332115335510851,0.0007924731357961978,-4.9531308832229115e-08,-7.052676664898172e-09
32,-3.877119070239132e-09,3.008932480952353e-08,4.4243222419027006e-08,3.2004436434363015e-08,-2.681872501852922e-09,-9.10220876448875e-09,1.9895196601282805e-13,9.90691603419691e-07,1.355147105641663e-10,7.566995918750763e-10,0.0,-5.4285465012071654e-11,-1.7462298274040222e-10,-1.940861693583429e-09,9.74978320300579e-10,-1.8189894035458565e-12,-4.802132025361061e-10,-5.4424162954092026e-09,5.820766091346741e-11,-8.822098607197404e-11,3.6088749766349792e-09,1.0959031752893556e-05,0.00045959800299755216,0.0004557336548600688,-2.07319317269139e-09,0.00045557627038306236,0.0004560509022013548,8.013978369802999e-11,3.332934284117073e-08,-1.8354241737572607e-14,1.3785613955930032e-08,2.3886709693554664e-09,1.8724676920101047e-08,5.5018921937641675e-06,4.182956558906881e-06,0.000456644491749147,0.0004606409657400474,0.00041052759999157893,0.0004608812199838651,0.00045831572088614846,0.00046005115792973304,0.00046223748421425626,0.0004598151168722377,0.0004058370121597932,0.0004584425048653859,0.0004588787379341567,0.0004605946034941244,0.00045955881926881825,0.00045698448129832293,0.00046288032909558297,0.00040548574088461464,0.00045880129597435136,0.0004578837679170139,-7.072727820078839e-14,-1.4231931605435122e-13,0.0,-2.2134551136421265e-13,-5.259464738727182e-14,-2.9422731612216424e-13,1.4894815439370213e-06,1.0473826667078967e-14,-1.4210854715202004e-14,-1.7772025170947892e-13,-7.020078962582943e-14,-9.223948192627757e-07,1.130054189385412e-06,7.632783294297951e-16,6.934882355869032e-14,8.503775461576879e-11,0.0006332111606362255,0.0007925091428791196,-3.7538086417043814e-08,1.9510935089783743e-09
33,2.8077579372620676e-08,-3.055140496144304e-08,2.608072691145935e-08,-3.857530828099698e-08,-3.6570781958289444e-09,-2.929198217316298e-09,3.410605131648481e-13,1.0201091527051176e-06,2.646629582159221e-09,1.4551915228366852e-10,9.094947017729282e-13,2.6909674488706514e-10,5.966285243630409e-10,-3.1868694350123405e-09,-1.6461854102090001e-09,1.8189894035458565e-12,-2.6775524020195007e-09,-7.523340173065662e-09,7.275957614183426e-10,-9.822542779147625e-11,3.612512955442071e-09,1.0963829611425249e-05,0.000459491526065392,0.0004559651911790752,-8.308234100695699e-10,0.00045574799725045523,0.000456166331730401,2.5471875719773607e-09,3.335208020871505e-08,5.898450131103239e-14,1.2823127788774702e-08,2.4361560130303772e-09,3.0228875402826816e-08,4.9449212666087886e-06,4.166313658515719e-06,0.00045672155932550973,0.0004605292467648038,0.00041040228196132606,0.0004607594823027401,0.00045829191754524334,0.0004599533177557908,0.0004621186920417131,0.00045972205418282584,0.00040592704467101726,0.000458418612110469,0.0004588353453485413,0.00046058100993717765,0.0004594067091439613,0.0004572336706099634,0.00046267013807010926,0.0004055905101267854,0.0004587575171262079,0.0004578775776698518,5.194195767943555e-15,3.326375633272427e-14,0.0,-2.720393355026829e-14,1.9311809096311805e-15,-1.1137705341335291e-13,-8.377856326458044e-07,2.703696641570552e-14,3.907985046680551e-14,8.646772534093294e-14,3.116300620331636e-14,1.7248376805046456e-07,-1.1143103069088988e-05,8.023096076392733e-16,-6.423312402803472e-14,2.9103830456733704e-11,0.000633220116070777,0.0007925708368315802,4.472406089917058e-08,-6.531990948133171e-09
34,-2.0437028069864027e-08,1.625346612854628e-08,-4.7289972826547455e-08,2.4221549210778903e-08,-1.831267582019791e-09,4.133949005336035e-08,4.121147867408581e-13,9.399692544320715e-07,3.6561687011271715e-09,-1.6298145055770874e-09,9.094947017729282e-13,-2.2089352569309995e-10,5.820766091346741e-10,-2.764863893389702e-09,9.531504474580288e-10,-1.8189894035458565e-12,8.003553375601768e-11,-8.076312951743603e-10,1.7316779121756554e-09,-3.092281986027956e-11,3.609784471336752e-09,1.096491760514272e-05,0.0004581249182891156,0.00045438766653660423,-1.7854517864179797e-09,0.00045423503343045013,0.00045467209568528233,2.7632222898699155e-09,3.335117071401328e-08,-9.970626754784995e-14,1.1492152424130708e-08,-3.3849687497422565e-09,-3.807508619502187e-08,4.80717909675122e-06,4.179365816980862e-06,0.0004552790039060186,0.00045918719865035333,0.00040937527697323343,0.00045945058367269885,0.00045691047702773203,0.0004586210943074644,0.00046115560201087646,0.0004583834660075339,0.0004047654472891793,0.00045702524173184744,0.00045746281753513904,0.0004589760486353178,0.00045819227296384213,0.00045571870119629583,0.0004613771162667035,0.00040441123019263614,0.00045736743945404626,0.00045647116114581887,-6.023827270329463e-16,-9.812289869515212e-14,0.0,1.2642361116310674e-13,-2.027848375329988e-14,-1.6884497272551258e-13,1.734723475976807e-18,-2.7949864644938316e-14,1.4210854715202004e-14,-2.554722926262354e-13,-3.056365924236637e-14,-3.7945131275323243e-07,-2.9434451879839594e-06,-1.1300422403381916e-14,-2.6716476253518806e-14,9.094947017729282e-13,0.0006332218526519284,0.0007926197487256386,-4.556557087198598e-08,-3.8917733036214486e-08
35,3.7167410482652485e-08,-2.672652499313699e-08,1.1582073966565076e-08,1.746366251609288e-08,1.5761543181724846e-09,-3.944052195947734e-08,1.3322676295501878e-14,9.460987939746701e-07,5.566107574850321e-10,1.8044374883174896e-09,0.0,4.4872194848721847e-10,3.637978807091713e-10,6.45741238258779e-10,-5.893525667488575e-10,1.8189894035458565e-12,1.4551915228366852e-11,3.725290298461914e-09,-1.8044374883174896e-09,-1.0550138540565968e-10,3.610693966038525e-09,1.096571522239036e-05,0.00045826759654232774,0.00045421705954140634,1.4870238373987377e-09,0.0004542141351180362,0.0004546990572436016,-5.8524122215075636e-09,3.3377546060364693e-08,-3.270300696911477e-14,9.934747580153669e-09,2.2276367417362053e-09,5.9753801906481385e-09,5.099378043434827e-06,4.1756367750167556e-06,0.0004553333046560153,0.00045939200768861524,0.000409553088289453,0.0004596462208507051,0.00045704222524262745,0.0004587923512432905,0.0004615560272327457,0.0004585546154663965,0.00040477983617392965,0.00045714017179763816,0.00045759188760678563,0.0004593455406772806,0.00045824835080721105,0.0004556803095849965,0.00046183858378867626,0.00040439439787220977,0.0004574849670061511,0.0004565688660188999,-5.1606288686834034e-14,9.66284344205981e-15,-1.7763568394002505e-15,-5.6482162696935845e-14,2.9763518039072068e-15,7.284797765017004e-14,3.469446951953614e-18,-4.1505861247959075e-14,2.1316282072803006e-14,-2.8408265323465187e-14,-1.121932408088e-14,6.653033379322004e-07,-6.5068717410010895e-06,4.508979994932716e-15,1.1368943980683e-15,3.574314177967608e-10,0.0006332228861371256,0.0007926612339126992,-1.3668568499269895e-09,-8.254573913291097e-09
36,-4.334287950769067e-08,2.8621229830605444e-08,1.2004534255538601e-08,1.4190845831763e-08,1.245325620402582e-09,-1.517378223070409e-08,2.1316282072803006e-13,9.540227665638668e-07,-1.875378075055778e-09,-3.2014213502407074e-10,0.0,-3.433342499192804e-11,2.6193447411060333e-10,-4.82032191939652e-10,6.530171958729625e-10,0.0,3.4560798667371273e-09,1.4479155652225018e-09,9.604264050722122e-10,-1.8189894035458565e-11,3.609784471336752e-09,1.0966196579604431e-05,0.00045845798418042705,0.00045489734571901863,4.2959982238244265e-09,0.0004547510934287402,0.00045524049167511293,2.753912375919043e-10,3.3345258998451754e-08,-8.881350516132258e-15,8.205090620827526e-09,2.929709808086045e-09,3.647619450930506e-08,5.467097500126347e-06,4.1882733512466075e-06,0.0004557805411599721,0.00045954233334432205,0.00040962021690610665,0.0004597724181951688,0.00045740537237615045,0.0004589582377196497,0.00046165068147274724,0.00045879559317925324,0.00040512705559336837,0.00045740681329860386,0.00045784424915106935,0.0004597896970927051,0.000458419756124151,0.0004562340428955307,0.00044410079424057674,0.0004047946659397894,0.000457734378700286,0.0004568683118498229,-5.156942581296953e-14,-9.062585751284935e-14,0.0,-4.390342256410662e-13,1.5243882545146192e-15,-4.0550028612695854e-14,3.469446951953614e-18,-4.085187049751582e-14,-3.197442310920451e-14,-2.780588259643224e-14,-3.794317290917171e-14,4.542420612362822e-07,-4.918798864395231e-06,-2.0517441912115686e-15,-1.509903313490213e-14,2.2384938347386196e-10,0.00063322591013952,0.00079271514979644,-4.7313164941442665e-08,-2.180968294851482e-08
37,9.456471161684021e-09,-1.1800011634477414e-08,2.0557308744173497e-08,-1.989542397495825e-08,-3.2630396162858233e-09,2.4940050025179517e-08,6.039613253960852e-14,9.765981303644367e-07,2.9576767701655626e-09,-7.8580342233181e-10,9.094947017729282e-13,-4.297362465877086e-10,4.656612873077393e-10,3.181412466801703e-09,-3.019522409886122e-10,1.8189894035458565e-12,-1.2150849215686321e-09,2.1391315385699272e-09,2.3283064365386963e-10,-6.548361852765083e-11,3.610693966038525e-09,1.096648966582574e-05,0.00045809403362007117,0.00045460262947472074,-3.4965523809660226e-09,0.00045453465872924426,0.00045494917560517933,4.648706863896734e-09,3.334571374580264e-08,-6.267469182530405e-14,6.304980870730503e-09,-3.8021426007617265e-09,-1.1557858670130372e-08,5.071939969825872e-06,4.1690226453283685e-06,0.0004554843601345007,0.0004591467595019636,0.0004092890212811979,0.00045938269570828085,0.000457024078055172,0.0004585781251065686,0.0004611856796827851,0.00045838424582179266,0.00040494037101623803,0.000457084458561421,0.0004574978727081096,0.00045914429188442796,0.00045809399546392626,0.0004561019153501663,0.00046152936485555074,0.00040464495089054253,0.0004573930170525516,0.00045655882690785743,-1.7722368711448055e-14,-7.213543998241256e-14,1.7763568394002505e-15,-9.686132104724798e-14,6.101889826748419e-15,-3.458778402576357e-14,1.734723475976807e-18,4.3573217950454435e-14,-1.4210854715202004e-14,8.959413072551214e-15,9.187615945815963e-14,-2.8656606049009756e-07,-2.3508974312403536e-06,-8.575605503491346e-15,1.4324544155008834e-13,-1.8894752429332584e-10,0.0006332279706363717,0.0007927691648500484,-2.7433770810603164e-08,-3.222771738364827e-08
38,1.2343662092462182e-08,-4.794947017217055e-08,1.4149009075481445e-08,9.84687176242005e-09,4.563844413496554e-09,-1.2471446098061278e-10,1.1368683772161603e-13,9.59329554461874e-07,-1.9354047253727913e-09,8.440110832452774e-10,9.094947017729282e-13,-8.839151632855646e-11,-6.257323548197746e-10,-2.6338966563344e-09,4.001776687800884e-11,0.0,3.6816345527768135e-09,-4.954927135258913e-09,-1.4406396076083183e-09,1.0186340659856796e-10,3.611603460740298e-09,1.0966289720707552e-05,0.0004580187651992418,0.00045480342157588893,1.6570993466302752e-09,0.00045469290142818863,0.0004550533355995867,-9.728542360587511e-09,3.3352989703416824e-08,-2.144768737610825e-14,4.569006922805485e-09,4.986304702470079e-10,3.482455213088542e-08,4.926428318814159e-06,4.187665126664797e-06,0.0004555577364300121,0.0004590245393554229,0.00040915649216501614,0.00045923716908861587,0.00045698005687929777,0.0004584791535833764,0.00046088949034128746,0.00045828477053346363,0.0004050297641029488,0.00045706574443046084,0.0004574593714819198,0.0004589362323659252,0.00045802170877973225,0.0004563055808425357,0.0004610737659760389,0.00040478507150965015,0.00045736237403107196,0.00045657123747380735,2.3421802691769855e-14,-2.997515430314124e-14,0.0,-1.6996386936751762e-14,-4.629543276513104e-14,-3.4566967344051847e-14,-1.3877787807814457e-17,-5.580995734999483e-14,2.4868995751603507e-14,1.5875625467010046e-13,5.867962366012947e-14,3.0183224719593227e-07,-3.4913547708017093e-06,6.401129626354418e-16,5.911699081651012e-14,4.710045686806552e-10,0.0006332239202638361,0.0007928092940616093,-4.091407390660606e-08,4.812136467080563e-08
39,5.253468771115877e-09,1.4667648429167457e-08,3.3530341170262545e-08,-2.3546476768387947e-08,3.0486262403428555e-09,-2.730530468397774e-09,8.384404281969182e-13,1.0223047866020352e-06,1.5243131201714277e-09,1.4551915228366852e-09,-9.094947017729282e-13,2.7426949600339867e-10,1.6007106751203537e-10,1.1095835361629725e-10,8.36735125631094e-10,0.0,2.5538611225783825e-09,6.359186954796314e-09,-1.1204974725842476e-09,3.456079866737127e-11,3.6052369978278875e-09,1.0960472649831129e-05,0.000458083390309838,0.0004560781616476106,-1.317857822868973e-09,0.00045587834011939776,0.000456094120124817,7.010500152615506e-09,3.3372089092154056e-08,-4.260220648477642e-14,2.544112476243754e-09,-2.814317667798605e-10,-4.937282938044518e-08,4.795291044257959e-06,4.1735450508895156e-06,0.0004563359587053191,0.0004587266449569516,0.00040876851389121203,0.0004588716291771687,0.00045726684835655125,0.0004583530305094204,0.00045994126696768944,0.00045820662862110055,0.00040582516649934064,0.000457330095053323,0.00045762017206350813,0.0004586601355023312,0.0004580296841767417,0.0004577475346941931,0.0004602584289941092,0.00040571027655289527,0.0004575374551132414,0.0004569991441835536,-1.6286451354208253e-14,-1.1746983594185245e-13,-1.7763568394002505e-15,-3.75251045514613e-14,-3.0804785805527146e-14,5.409344847051578e-14,1.734723475976807e-18,-7.750440914056078e-14,-3.552713678800501e-15,2.942303518882472e-13,-6.607258143387362e-14,-4.8764249172082025e-08,-5.431611097921367e-06,-4.202367620553815e-15,1.0089693837367353e-13,-3.084466015934595e-11,0.0006332141951396072,0.0007928470208465399,-1.067269295162987e-08,2.2766244001104496e-08
40,2.4403675524808932e-08,-4.628418537322432e-08,-5.438778316602111e-10,4.8435140342917293e-08,1.36196831590496e-10,1.5895238902885467e-08,4.263256414560601e-14,9.6070743893506e-07,1.6543708625249565e-09,-1.1932570487260818e-09,9.094947017729282e-13,1.723066134218243e-10,5.384208634495735e-10,-2.055458026006818e-09,8.390088623855263e-11,0.0,2.2628228180110455e-09,-7.275957614183426e-11,1.1496013030409813e-09,8.321876521222293e-11,3.614331944845617e-09,1.0948097346031075e-05,0.0007985213550021962,0.0007978360338825041,4.530420483206399e-10,0.0007981215210293158,0.0007978256995215816,1.1265018530406262e-08,3.335117071401328e-08,-5.0319123867659243e-14,8.753013407830634e-09,-4.5922377012175275e-09,-2.5862391339614987e-08,5.255731495841238e-06,4.176055451561036e-06,0.0007976388906737243,0.0007988798757925927,0.0006574742980518359,0.0007989045713786211,0.0007980923340589318,0.000798620594868809,0.0007992506288550809,0.0007986196185871177,0.0006553258371440052,0.0007980259787780494,0.000798220550960663,0.0007990574466626432,0.0007986315449804438,0.0008046347498252074,0.0007998767465835499,0.00065588945676609,0.0007981146537293406,0.0007978549115104372,4.3108745739761645e-14,-3.464676462394678e-14,0.0,-8.736284265453698e-14,-9.269928574751063e-15,1.3615844562941959e-14,4.135066754546932e-06,3.860280151091189e-14,-3.197442310920451e-14,-2.554115773045762e-13,6.082807868512674e-15,7.307858727843841e-07,1.0085187361879439e-07,6.552917930502389e-16,-3.240073140342581e-14,6.775735528208315e-11,0.0006332226621029334,0.0007929399019651999,4.4040461943950504e-08,1.39489202410914e-08
41,1.9158733266522177e-08,3.441937224124558e-08,-4.461981006897986e-08,-4.405637810123153e-08,1.6916601452976465e-10,-1.9255821825936437e-08,1.4921397450962104e-13,9.587629392626695e-07,-2.472006599418819e-09,2.0372681319713593e-10,0.0,3.3637093110883143e-10,-4.0745362639427185e-10,-1.102307578548789e-09,-1.127773430198431e-10,-1.8189894035458565e-12,5.748006515204906e-10,-4.212779458612204e-09,-1.4260876923799515e-09,-2.7284841053187847e-11,3.614331944845617e-09,1.094729043584939e-05,0.0007981791441405055,0.0007965860791045998,6.489244697149843e-10,0.0007975622119715808,0.0007973597125783272,1.2561790623324964e-08,3.334935172460973e-08,-6.318036371855129e-14,8.710773449771558e-09,2.7794939683190023e-09,2.5471308617852628e-08,4.574963670365864e-06,4.15845132593158e-06,0.000797176139304483,0.0007985544576513781,0.0006572842181339374,0.0007985791580809726,0.0007976708846082524,0.0007982728758723257,0.0007990918455854728,0.0007982589400197006,0.0006550390903719006,0.0007976133491774226,0.0007978310458046467,0.0007979301684049034,0.0007979324221332185,0.0008037183844123528,0.0007996797781402165,0.0006555275854225329,0.0007977197844936273,0.0007974288885691516,1.0207980294385521e-14,-3.639102907904146e-14,0.0,-1.0197658689703459e-13,-6.194697532713178e-14,-8.658481917556138e-14,-1.2194042034504443e-06,-6.881344452591698e-14,3.197442310920451e-14,2.6995333052282078e-14,4.2037553993345966e-14,-4.1405399386473113e-07,-4.179299521163285e-06,-8.295881342990086e-15,-6.593835720491992e-14,2.601154847070575e-10,0.0006332081564979835,0.0007929821215818911,3.3588094083825126e-08,-3.363629730301909e-08
42,-1.1812744560302235e-08,-1.0733629096648656e-08,-4.299545253161341e-08,-1.0097892300109379e-08,-2.4617747840238735e-09,-5.3923940868116915e-09,2.2026824808563106e-13,1.0271569408359937e-06,2.850356395356357e-09,2.3283064365386963e-10,0.0,-1.2816769867640687e-10,5.820766091346741e-11,-2.0554580260068178e-10,1.0913936421275139e-10,0.0,-1.1059455573558807e-09,2.5902409106492996e-09,5.529727786779404e-10,-7.003109203651547e-11,3.613422450143844e-09,1.094720825550933e-05,0.0007977052320587037,0.0007962925869264836,-1.3742180726694642e-09,0.0007963489248368205,0.0007964565580778071,1.3962696644286704e-08,3.3334799809381366e-08,-6.037748426224177e-14,8.741664077500932e-09,-1.222709045123338e-09,-3.131390258204192e-08,4.51659504397794e-06,4.167705871455595e-06,0.0007962626262349106,0.0007983662488268923,0.0006573318610286806,0.0007984182042524699,0.000796943833883167,0.0007979196383564812,0.0007992444947438225,0.0007979014463214353,0.0006544782394826143,0.0007968684311576127,0.0007972043759492758,0.0007984903974929125,0.0007975719811176285,0.0008017274906476201,0.000800366257863061,0.0006548145794340599,0.0007970521667311349,0.0007965984462614262,-7.418501576927916e-14,-1.330003815414038e-13,0.0,3.1450276410938116e-13,2.8634213056211166e-14,2.116262894091836e-13,-4.1225167517547345e-07,-6.104275071527887e-14,1.0658141036401503e-14,3.286667812907318e-13,2.271316815183333e-14,1.389367099591688e-07,-1.2238175333134649e-06,-7.494005416219807e-16,5.798031325887631e-14,-2.5715962692629546e-10,0.0006332002052926028,0.0007930523523293558,3.5394577935221605e-08,-4.059461389260832e-08
43,-6.961272447369993e-09,7.759126674500294e-09,-1.2109012459404767e-08,3.9254018702195026e-08,1.7394086171407253e-09,1.0813892004080117e-08,1.7053025658242404e-13,9.630675776861608e-07,2.315118763362989e-09,1.3969838619232178e-09,0.0,2.8049385036865715e-10,1.3533281162381172e-09,-1.3096723705530167e-09,-4.802132025361061e-10,0.0,1.622538547962904e-09,-1.0477378964424133e-09,-9.022187441587448e-10,-9.731593308970332e-11,3.610693966038525e-09,1.094599039363212e-05,0.000797406026111222,0.0007965086557533141,-1.4779288903810084e-11,0.0007964232690937934,0.0007964808651479416,6.7782577237683606e-09,3.334298526169732e-08,-8.19830314746639e-15,8.794190013358683e-09,2.269025856094231e-09,1.926946424646303e-08,5.28267361077047e-06,4.155565216318129e-06,0.0007962576182287554,0.0007979387392246817,0.0006569373648707582,0.0007979551283522276,0.0007967913890409204,0.000797551571865267,0.0007986421662549426,0.0007975563526389762,0.0006544973054598557,0.0007966903928074832,0.0007969791996590733,0.0007982807310038531,0.000797467086151249,0.0008019575670739939,0.0007995933533422317,0.0006548245314661472,0.0007968117754610293,0.0007964841181132831,3.839853782161562e-14,7.513521055324546e-15,0.0,-4.581474088993787e-13,2.7378273259603958e-14,-4.812730075576255e-14,-3.909845090119268e-06,3.589750025012606e-14,-1.4210854715202004e-14,2.9116162605924423e-13,1.7750557967932679e-15,-3.581585717783199e-07,1.3553943970377909e-06,-6.298347260402792e-15,3.979021973021801e-14,2.603428583825007e-10,0.0006331987971071799,0.0007931575443435917,-8.244796845247038e-09,-2.0542529455269687e-08
44,2.2123856524558505e-08,8.215920388465747e-09,1.4671968529000878e-08,-2.984847924381029e-08,3.9972292142920196e-10,-1.9998424249934033e-08,2.842170943040401e-14,1.03104866866488e-06,-2.958131517516449e-10,-2.0372681319713593e-10,0.0,4.22659240939538e-10,-9.458744898438454e-10,-3.2396201277151704e-09,8.958522812463343e-10,0.0,6.912159733474255e-10,-7.203198038041592e-10,-4.511093720793724e-10,9.140421752817929e-11,3.609784471336752e-09,1.0946548008790758e-05,0.0007975741447949771,0.0007963170135667497,1.3085355021758005e-09,0.0007963882269734768,0.0007965071026490023,8.372586410201194e-09,3.335844667162746e-08,-3.2953674511393416e-14,8.75515038332303e-09,-4.8727528678682575e-09,-3.498826117720455e-08,4.733824996598418e-06,4.170995929211017e-06,0.0007962734898612936,0.0007982050968136007,0.0006571818155585582,0.0007982428083219313,0.000796895738748997,0.0007977771862255627,0.0007989496574440451,0.0007978093373181925,0.0006544700233757084,0.000796792489922015,0.0007971094036314293,0.0007983983327397581,0.0007975130679460651,0.000801842731460797,0.0008003798138389584,0.00065473684094286,0.0007969531927109223,0.0007965377433042237,7.364768517259535e-15,3.3283705652698004e-14,1.7763568394002505e-15,2.2866691179457277e-13,-1.4854870805658393e-14,1.5124143257216893e-13,2.1270607485426862e-06,-3.6977799294790614e-14,-2.4868995751603507e-14,-1.5482970808222696e-13,-2.3874131838130808e-15,-1.5756803904308156e-07,6.825783702204494e-06,3.968179951296946e-16,9.066510563149333e-14,4.0540726331528276e-10,0.000633194222973611,0.0007932751805860892,2.812566890497692e-08,8.39827407617122e-09
45,-2.008192723224056e-08,2.2198491933522746e-09,-4.9081791075877845e-08,3.8215489439608064e-08,-2.4942892196122557e-09,-4.273533704690635e-08,1.2789769243681803e-13,1.0151543392566964e-06,2.1777850633952767e-09,4.0745362639427185e-10,0.0,2.9170976745263033e-10,1.3242242857813835e-09,-3.221430233679712e-09,8.440110832452774e-10,1.8189894035458565e-12,3.5652192309498787e-10,4.773028194904327e-09,-6.984919309616089e-10,1.0732037480920553e-10,3.6088749766349792e-09,1.094675202375654e-05,0.0007979590222123177,0.0007970109939776648,3.754621502594091e-09,0.0007972004510463648,0.0007971703690685672,1.4032174779771145e-08,3.332388587296009e-08,-1.9152648217390933e-14,8.757106690834848e-09,3.2962503837552504e-09,-1.7440470401197672e-08,4.829914532493494e-06,4.1617925436188705e-06,0.0007969130385952925,0.0007983943389975458,0.0006572152446904549,0.0007984228839643024,0.0007974771942438528,0.0007980763358074899,0.0007990442124689151,0.0007981548024648625,0.0006548362068770075,0.0007973453058684604,0.0007975922439567508,0.000798954923728612,0.0007981378996905764,0.0008032253226969372,0.0008002684154462258,0.0006552959714554163,0.000797459626809386,0.00079714403387382,-3.607227364033072e-14,-8.155282005262166e-14,1.7763568394002505e-15,-3.399225345646073e-13,3.6348094673011033e-14,1.2135821861325446e-13,-2.4313059428619777e-06,3.672886647598794e-14,-3.552713678800501e-15,-1.6352284110121573e-13,-9.107298248878237e-18,4.3730160758097443e-07,-1.0552755878858898e-05,1.7594432855094766e-15,8.526382724860504e-15,1.8150103642256e-10,0.0006332044075326765,0.0007934589665559593,4.458183866518084e-08,-2.463275450281799e-08
46,2.1018649931647815e-08,3.1125864552450366e-08,-6.467871571658179e-09,3.11649728246266e-08,-2.787601260934025e-10,3.816239768639207e-08,3.552713678800501e-14,1.0068783922179136e-06,-1.413809513906017e-09,-5.820766091346741e-10,-9.094947017729282e-13,-2.078337502098293e-10,-1.0040821507573128e-09,2.510205376893282e-10,-8.662937034387141e-10,1.8189894035458565e-12,-3.6452547647058964e-09,-1.2732925824820995e-09,6.693881005048752e-10,1.318767317570746e-11,3.610693966038525e-09,1.094659134047996e-05,0.0007979989969036062,0.0007971562957038714,-3.471541276667267e-09,0.0007973293420491245,0.0007972750186979738,1.0490387113669397e-08,3.333298081997782e-08,-1.226276025168005e-14,8.760125695152221e-09,-2.898779882798408e-09,-2.499655238352716e-08,5.439350563367492e-06,4.170781165864696e-06,0.0007970235304862634,0.0007984128151510132,0.0006572057611279093,0.0007984404584919979,0.0007975687027981563,0.0007981085124607558,0.0007989598332283718,0.0007982203708886857,0.0006548972096052097,0.0007973996077680905,0.0007976509863053599,0.0007986743941472696,0.0007979762514508382,0.0008034844660396046,0.0008002468727710266,0.0006554733736265916,0.0007975146587091389,0.0007972187183875878,5.2043005321911195e-14,1.0129614161358269e-13,1.7763568394002505e-15,-3.119271334284246e-13,-7.53043460921532e-14,-1.6759163501411933e-13,-5.368522251157637e-07,-6.759350024143629e-15,3.552713678800501e-15,-1.0832914426606166e-13,3.7841691585827064e-14,-4.1049594585724873e-07,-1.2975560491491466e-06,-8.244273319579776e-16,-6.8213663884098e-15,2.9103830456733704e-11,0.0006332472294000831,0.000793750472173965,2.736442183959298e-09,2.7841224436997436e-08
47,7.711605576332659e-09,4.264666131348349e-08,-4.7043158701853827e-08,-1.265448190679308e-09,1.0757048585219309e-09,-3.617287802626379e-09,6.483702463810914e-13,1.0161788850382436e-06,-1.5279510989785194e-09,6.693881005048752e-10,-9.094947017729282e-13,7.031530913081951e-11,1.1641532182693481e-09,-2.8358044801279902e-09,4.0381564758718014e-10,0.0,3.2523530535399914e-09,-2.473825588822365e-09,-9.022187441587448e-10,-1.0186340659856796e-10,3.6070559872314334e-09,1.0946208827750028e-05,0.0008000504397901796,0.000799484882676893,2.7675923774950206e-09,0.0007998542517384521,0.0008003495352610912,1.1985054480107005e-08,3.335117071401328e-08,-4.903195904848445e-15,8.75200262782927e-09,-4.2369663333374774e-11,-6.948539521545172e-10,5.0241998539333815e-06,4.159630599609855e-06,0.000799756131921096,0.0008003873861716759,0.0006583726369325743,0.0008003125593476165,0.0008000017984942107,0.000800004283830319,0.0008007016324333596,0.0008009034126187143,0.0006562474454891998,0.0007993830285374583,0.000799763337744841,0.0007505414449773657,0.0008011697929909412,0.000805957006483908,0.000750720866222211,0.0006568287704666886,0.0007994350390854881,0.0007995310324848959,1.124100812432971e-15,7.554720737878995e-14,0.0,7.351541250755211e-14,4.113896723278998e-15,1.0004150285958247e-14,1.0146368707233955e-06,-4.398217900991597e-14,-3.552713678800501e-15,-1.307357000435161e-13,-2.2236119195939708e-14,6.743319119206781e-07,-8.192908177315867e-06,-8.623744079949702e-15,-4.263256414560601e-14,-2.9695002012886107e-10,0.0006332967362554353,0.0007940519513134796,4.456978786038235e-09,-3.0028331821085885e-08
48,-3.498706746540847e-08,1.2818873074138537e-08,-2.228534867754206e-08,3.5202560866309796e-08,-4.3037289287894964e-09,-4.37416929344181e-08,2.3092638912203256e-13,9.682341897132574e-07,1.9845174392685294e-09,-2.9103830456733704e-10,0.0,-3.3810465538408607e-10,1.1641532182693481e-10,-6.566551746800542e-10,3.0104274628683925e-10,0.0,-2.0227162167429924e-09,-8.731149137020111e-11,-7.275957614183426e-11,6.093614501878619e-11,3.610693966038525e-09,1.0946144309822081e-05,0.0007989304021895618,0.000798572421388144,3.1759554985910654e-09,0.0007987736678956026,0.0007989722056294113,1.3821318871516663e-08,3.334935172460973e-08,-3.196228004487267e-16,8.736523751835812e-09,4.218492222207715e-11,-4.333378456067294e-08,5.014095218466375e-06,4.1711389252893204e-06,0.0007984123231347998,0.0007992931566130016,0.0006577128684128962,0.0007992751804182796,0.0007988467214180388,0.000799022739540143,0.0007995887059629072,0.0007995944618525205,0.000655624087400497,0.0007984302734630813,0.0007986891320650971,0.0008008887835799783,0.0007993344315222473,0.0008051247867974492,0.0007593384438693025,0.0006562940707226517,0.0007984842361025615,0.0007983058275140564,-1.6554032450377676e-14,-1.707271476969474e-14,0.0,2.2581719480441187e-13,1.7719332945365096e-14,7.495566667348186e-14,6.208533731913435e-08,-2.16233281280509e-14,3.552713678800501e-15,2.825474229584124e-14,-7.388447492706618e-14,1.979265053363849e-07,-5.423377552702486e-06,-2.465042059363043e-15,1.1933162791244456e-14,2.546585164964199e-10,0.0006331949049075206,0.0007939193279418398,3.6141045711701736e-08,4.13160705647897e-08
49,1.191790488519473e-08,1.718717612675391e-08,-4.0480244933860376e-08,9.732616490509827e-09,3.557488525984809e-09,-1.7103047866839916e-08,5.044853423896711e-13,9.373584362037946e-07,-1.0459189070388675e-10,6.548361852765083e-10,9.094947017729282e-13,-8.969891496235505e-11,4.511093720793724e-10,1.95359461940825e-09,-9.822542779147625e-10,0.0,2.495653461664915e-09,4.725734470412135e-09,-7.130438461899757e-10,3.637978807091713e-11,3.612512955442071e-09,1.0949837868861321e-05,0.0007994550973221088,0.0007968383476111285,-2.5452209229115397e-09,0.0007967391659917666,0.0007973828424354679,1.2175516198552339e-08,3.336026566103101e-08,-3.334311993175021e-14,8.711490313839665e-09,2.268620846734848e-10,3.572768036974594e-08,4.935727254913049e-06,4.172056789458105e-06,0.0007971953267448483,0.0008004806066612478,0.0006591561711605685,0.0008007084872202041,0.0007984660559848863,0.0007998114448606445,0.0008020865656611434,0.0008002220563007381,0.0006548347405939126,0.0007981581005249939,0.0007986540856202021,0.0008017104885098547,0.000799838306061007,0.0008018228068719662,0.0007518141570286179,0.0006549138655600473,0.000798409525718244,0.0007976881161139149,-9.855397747893235e-15,-6.84530557237828e-14,0.0,1.015424723471714e-13,-1.9912457099868774e-14,-3.4871411314085776e-14,1.1538296834524148e-06,8.604011600410466e-14,-2.1316282072803006e-14,-8.925455860508968e-14,7.324869877312068e-15,-2.651204528093462e-07,-7.79782863142859e-06,-7.797582024515748e-16,-6.94999613415348e-14,2.1941559680271894e-10,0.0006329395018110401,0.0007934535665299796,-4.940829967381433e-09,-4.6442892198683694e-08
