name,scn_name,bus,carrier,p_nom,p_min_pu,p_max_pu,marginal_cost,efficiency,committable,min_up_time,min_down_time,up_time_before,ramp_limit_start_up,ramp_limit_shut_down,e_nom_max,control,ramp_limit_up,weight,p_nom_opt
0 biomass,eGon2035,4,biomass,65.09529472169834,0.0,1.0,42.10810215380389,1.0,False,0,0,0,1.0,1.0,inf,Slack,,65.09529472169834,65.09529472169834
0 central_biomass_CHP,eGon2035,4,central_biomass_CHP,77.02114805887521,0.0,1.0,42.106519501888954,1.0,False,0,0,0,1.0,1.0,inf,PV,,77.02114805887521,77.02114805887521
0 industrial_biomass_CHP,eGon2035,4,industrial_biomass_CHP,430.032932383539,0.0,1.0,42.107816860118525,1.0,False,0,0,0,1.0,1.0,inf,PV,,430.032932383539,430.032932383539
0 load shedding,,4,load shedding,38243880.0,0.0,1.0,10000.007733789711,1.0,False,0,0,1,1.0,1.0,0.0,PQ,,38243880.0,38243880.0
0 others,eGon2035,4,others,28.950447731779718,0.0,1.0,0.00882076172624498,1.0,False,0,0,0,1.0,1.0,inf,PV,,28.950447731779718,28.950447731779718
0 reservoir,eGon2035,4,reservoir,0.19222095739250195,0.0,0.65,0.008463770768606842,1.0,False,0,0,0,1.0,1.0,inf,PV,,0.19222095739250195,0.19222095739250195
0 run_of_river,eGon2035,4,run_of_river,17.595141352277768,0.0,0.65,0.006620054044046414,1.0,False,0,0,0,1.0,1.0,inf,PV,,17.595141352277768,17.595141352277768
0 solar,eGon2035,4,solar,232.84975234565331,0.0,0.9999999999999999,0.017634768548886754,0.9999999999999999,False,0,0,0,1.0,1.0,inf,PV,,232.84975234565331,232.84975234565331
0 solar_rooftop,eGon2035,4,solar_rooftop,3858.0049300743203,0.0,1.0,0.018969261419239037,1.0,False,0,0,0,1.0,1.0,inf,PV,,3858.0049300743203,3858.0049300743203
0 wind_offshore,eGon2035,4,wind_offshore,4000.0,0.0,1.0,2.569998695175541,1.0,False,0,0,0,1.0,1.0,inf,PV,,4000.0,4000.0
0 wind_onshore,eGon2035,4,wind_onshore,6691.318701352448,0.0,0.9999999999999999,1.3085573233783054,0.9999999999999999,False,0,0,0,1.0,1.0,inf,PV,,6691.318701352448,6691.318701352448
1 biomass,eGon2035,4,biomass,77.4562072088946,0.0,0.9999999999999999,42.10850672067211,0.9999999999999999,False,0,0,0,1.0,1.0,inf,PV,,77.4562072088946,77.4562072088946
1 central_biomass_CHP,eGon2035,4,central_biomass_CHP,67.6667748843871,0.0,0.9999999999999999,42.11017156735256,0.9999999999999999,False,0,0,0,1.0,1.0,inf,PV,,67.6667748843871,67.6667748843871
1 industrial_biomass_CHP,eGon2035,4,industrial_biomass_CHP,334.09967652669656,0.0,1.0,42.107561375509796,1.0,False,0,0,0,1.0,1.0,inf,PV,,334.09967652669656,334.09967652669656
1 load shedding,,4,load shedding,59823760.0,0.0,1.0,10000.008180034285,1.0,False,0,0,1,1.0,1.0,0.0,PQ,,59823760.0,59823760.0
1 oil,eGon2035,4,oil,17.0,0.0,1.0,101.83419863104844,1.0,False,0,0,0,1.0,1.0,inf,PV,,17.0,17.0
1 run_of_river,eGon2035,4,run_of_river,70.97177400765194,0.0,0.65,0.007762806033841013,1.0,False,0,0,0,1.0,1.0,inf,PV,,70.97177400765194,70.97177400765194
1 solar,eGon2035,4,solar,3731.79194988125,0.0,1.0,0.018456822087496872,1.0,False,0,0,0,1.0,1.0,inf,PV,,3731.79194988125,3731.79194988125
1 solar_rooftop,eGon2035,4,solar_rooftop,4239.909618120246,0.0,1.0,0.017631227062247113,1.0,False,0,0,0,1.0,1.0,inf,PV,,4239.909618120246,4239.909618120246
1 wind_onshore,eGon2035,4,wind_onshore,6929.171739067655,0.0,1.0,1.308490231233402,1.0,False,0,0,0,1.0,1.0,inf,PV,,6929.171739067655,6929.171739067655
10 biomass,eGon2035,4,biomass,32.66475093096963,0.0,1.0,42.108092627652915,1.0,False,0,0,0,1.0,1.0,inf,PV,,32.66475093096963,32.66475093096963
10 central_biomass_CHP,eGon2035,4,central_biomass_CHP,42.7812971690574,0.0,0.9999999999999998,42.10707371559063,0.9999999999999998,False,0,0,0,1.0,1.0,inf,PV,,42.7812971690574,42.7812971690574
10 industrial_biomass_CHP,eGon2035,4,industrial_biomass_CHP,578.8251278990714,0.0,1.0000000000000002,42.1082698594517,1.0000000000000002,False,0,0,0,1.0,1.0,inf,PV,,578.8251278990714,578.8251278990714
10 load shedding,,4,load shedding,36160880.0,0.0,1.0,10000.00814906206,1.0,False,0,0,1,1.0,1.0,0.0,PQ,,36160880.0,36160880.0
10 run_of_river,eGon2035,4,run_of_river,48.74877924374912,0.0,0.65,0.00808607387625512,1.0,False,0,0,0,1.0,1.0,inf,PV,,48.74877924374912,48.74877924374912
10 solar,eGon2035,4,solar,537.7648726442037,0.0,0.9999999999999999,0.018177627282477567,0.9999999999999999,False,0,0,0,1.0,1.0,inf,PV,,537.7648726442037,537.7648726442037
10 solar_rooftop,eGon2035,4,solar_rooftop,4763.212805016866,0.0,0.9999999999999999,0.018718942918359818,0.9999999999999999,False,0,0,0,1.0,1.0,inf,PV,,4763.212805016866,4763.212805016866
10 wind_onshore,eGon2035,4,wind_onshore,6039.965098884806,0.0,1.0,1.308482579684231,1.0,False,0,0,0,1.0,1.0,inf,PV,,6039.965098884806,6039.965098884806
11 biomass,eGon2035,4,biomass,40.68933585022708,0.0,1.0,42.10825206329684,1.0,False,0,0,0,1.0,1.0,inf,PV,,40.68933585022708,40.68933585022708
11 central_biomass_CHP,eGon2035,4,central_biomass_CHP,40.121185105571634,0.0,1.0,42.10888501086535,1.0,False,0,0,0,1.0,1.0,inf,PV,,40.121185105571634,40.121185105571634
11 industrial_biomass_CHP,eGon2035,4,industrial_biomass_CHP,512.5684207612536,0.0,1.0,42.1090953926801,1.0,False,0,0,0,1.0,1.0,inf,PV,,512.5684207612536,512.5684207612536
11 load shedding,,4,load shedding,44909480.0,0.0,1.0,10000.008133670979,1.0,False,0,0,1,1.0,1.0,0.0,PQ,,44909480.0,44909480.0
11 others,eGon2035,4,others,12.931823721898391,0.0,1.0,0.008497570158055542,1.0,False,0,0,0,1.0,1.0,inf,PV,,12.931823721898391,12.931823721898391
11 run_of_river,eGon2035,4,run_of_river,732.4428639386838,0.0,0.65,0.00711606504150233,1.0,False,0,0,0,1.0,1.0,inf,PV,,732.4428639386838,732.4428639386838
11 solar,eGon2035,4,solar,1139.422388728369,0.0,1.0,0.018009536513599673,1.0,False,0,0,0,1.0,1.0,inf,PV,,1139.422388728369,1139.422388728369
11 solar_rooftop,eGon2035,4,solar_rooftop,6654.882737030532,0.0,1.0,0.018440000860135714,1.0,False,0,0,0,1.0,1.0,inf,PV,,6654.882737030532,6654.882737030532
11 wind_onshore,eGon2035,4,wind_onshore,1263.623938834104,0.0,1.0,1.3068357866635119,1.0,False,0,0,0,1.0,1.0,inf,PV,,1263.623938834104,1263.623938834104
12 biomass,eGon2035,4,biomass,61.23747683795517,0.0,1.0,42.1075690769614,1.0,False,0,0,0,1.0,1.0,inf,PV,,61.23747683795517,61.23747683795517
12 central_biomass_CHP,eGon2035,4,central_biomass_CHP,86.44754391233812,0.0,0.9999999999999999,42.108266516048424,0.9999999999999999,False,0,0,0,1.0,1.0,inf,PV,,86.44754391233812,86.44754391233812
12 industrial_biomass_CHP,eGon2035,4,industrial_biomass_CHP,549.8712268931787,0.0,0.9999999999999999,42.10782046611539,0.9999999999999999,False,0,0,0,1.0,1.0,inf,PV,,549.8712268931787,549.8712268931787
12 load shedding,,4,load shedding,42493200.0,0.0,1.0,10000.008230720658,1.0,False,0,0,1,1.0,1.0,0.0,PQ,,42493200.0,42493200.0
12 solar,eGon2035,4,solar,5106.789353410216,0.0,1.0,0.017263314857896363,1.0,False,0,0,0,1.0,1.0,inf,PV,,5106.789353410216,5106.789353410216
12 solar_rooftop,eGon2035,4,solar_rooftop,3697.7283327067694,0.0,1.0,0.018406994908682812,1.0,False,0,0,0,1.0,1.0,inf,PV,,3697.7283327067694,3697.7283327067694
12 wind_offshore,eGon2035,4,wind_offshore,636.0,0.0,1.0,2.5782202063443957,1.0,False,0,0,0,1.0,1.0,inf,PV,,636.0,636.0
12 wind_onshore,eGon2035,4,wind_onshore,11303.732302888911,0.0,1.0,1.3090023765188263,1.0,False,0,0,0,1.0,1.0,inf,PV,,11303.732302888911,11303.732302888911
13 biomass,eGon2035,4,biomass,66.35658749911941,0.0,1.0000000000000002,42.10935495974425,1.0000000000000002,False,0,0,0,1.0,1.0,inf,PV,,66.35658749911941,66.35658749911941
13 central_biomass_CHP,eGon2035,4,central_biomass_CHP,71.99521987802356,0.0,1.0,42.109290139006326,1.0,False,0,0,0,1.0,1.0,inf,PV,,71.99521987802356,71.99521987802356
13 industrial_biomass_CHP,eGon2035,4,industrial_biomass_CHP,280.3761683834677,0.0,1.0000000000000002,42.10694820672013,1.0000000000000002,False,0,0,0,1.0,1.0,inf,PV,,280.3761683834677,280.3761683834677
13 load shedding,,4,load shedding,77487600.0,0.0,1.0,10000.008416640942,1.0,False,0,0,1,1.0,1.0,0.0,PQ,,77487600.0,77487600.0
13 others,eGon2035,4,others,80.09934767980931,0.0,1.0,0.0028531904401583406,1.0,False,0,0,0,1.0,1.0,inf,PV,,80.09934767980931,80.09934767980931
13 reservoir,eGon2035,4,reservoir,7.230152066424107,0.0,0.65,0.008566319686767498,1.0,False,0,0,0,1.0,1.0,inf,PV,,7.230152066424107,7.230152066424107
13 run_of_river,eGon2035,4,run_of_river,407.94309859983855,0.0,0.65,0.007550435361697894,1.0,False,0,0,0,1.0,1.0,inf,PV,,407.94309859983855,407.94309859983855
13 solar,eGon2035,4,solar,3103.096582635811,0.0,1.0000000000000002,0.01794976220608989,1.0000000000000002,False,0,0,0,1.0,1.0,inf,PV,,3103.096582635811,3103.096582635811
13 solar_rooftop,eGon2035,4,solar_rooftop,12134.847824399852,0.0,1.0,0.018416684289406748,1.0,False,0,0,0,1.0,1.0,inf,PV,,12134.847824399852,12134.847824399852
13 wind_onshore,eGon2035,4,wind_onshore,5877.365472520008,0.0,1.0000000000000002,1.3079762087363602,1.0000000000000002,False,0,0,0,1.0,1.0,inf,PV,,5877.365472520008,5877.365472520008
14 biomass,eGon2035,4,biomass,26.481516314563727,0.0,1.0,42.10859565253435,1.0,False,0,0,0,1.0,1.0,inf,PV,,26.481516314563727,26.481516314563727
14 central_biomass_CHP,eGon2035,4,central_biomass_CHP,15.503329880101791,0.0,1.0,42.10752943321811,1.0,False,0,0,0,1.0,1.0,inf,PV,,15.503329880101791,15.503329880101791
14 industrial_biomass_CHP,eGon2035,4,industrial_biomass_CHP,278.8629703063251,0.0,1.0,42.10950047825578,1.0,False,0,0,0,1.0,1.0,inf,PV,,278.8629703063251,278.8629703063251
14 load shedding,,4,load shedding,23662880.0,0.0,1.0,10000.008143153078,1.0,False,0,0,1,1.0,1.0,0.0,PQ,,23662880.0,23662880.0
14 run_of_river,eGon2035,4,run_of_river,1.382218129340104,0.0,0.6500000000000001,0.01611695625561313,1.0,False,0,0,0,1.0,1.0,inf,PV,,1.382218129340104,1.382218129340104
14 solar,eGon2035,4,solar,506.2050786579588,0.0,0.9999999999999999,0.018957260580239544,0.9999999999999999,False,0,0,0,1.0,1.0,inf,PV,,506.2050786579588,506.2050786579588
14 solar_rooftop,eGon2035,4,solar_rooftop,2029.370792438428,0.0,1.0,0.017973555338835406,1.0,False,0,0,0,1.0,1.0,inf,PV,,2029.370792438428,2029.370792438428
14 wind_offshore,eGon2035,4,wind_offshore,11011.0,0.0,1.0,2.5661238761247565,1.0,False,0,0,0,1.0,1.0,inf,PV,,11011.0,11011.0
14 wind_onshore,eGon2035,4,wind_onshore,5152.029733278974,0.0,1.0,1.3089764299529862,1.0,False,0,0,0,1.0,1.0,inf,PV,,5152.029733278974,5152.029733278974
15 biomass,eGon2035,4,biomass,51.07913126884419,0.0,1.0,42.10888583879187,1.0,False,0,0,0,1.0,1.0,inf,PV,,51.07913126884419,51.07913126884419
15 central_biomass_CHP,eGon2035,4,central_biomass_CHP,55.014654461724334,0.0,1.0,42.10841379898526,1.0,False,0,0,0,1.0,1.0,inf,PV,,55.014654461724334,55.014654461724334
15 industrial_biomass_CHP,eGon2035,4,industrial_biomass_CHP,262.78088174463704,0.0,1.0000000000000002,42.107856093706424,1.0000000000000002,False,0,0,0,1.0,1.0,inf,PV,,262.78088174463704,262.78088174463704
15 load shedding,,4,load shedding,27245640.0,0.0,1.0,10000.008036150062,1.0,False,0,0,1,1.0,1.0,0.0,PQ,,27245640.0,27245640.0
15 oil,eGon2035,4,oil,24.8,0.0,1.0,101.84148064538256,1.0,False,0,0,0,1.0,1.0,inf,PV,,24.8,24.8
15 others,eGon2035,4,others,16.110953724118396,0.0,0.9999999999999999,0.007030970940520566,0.9999999999999999,False,0,0,0,1.0,1.0,inf,PV,,16.110953724118396,16.110953724118396
15 reservoir,eGon2035,4,reservoir,157.66656639418525,0.0,0.65,0.008652699241239863,1.0,False,0,0,0,1.0,1.0,inf,PV,,157.66656639418525,157.66656639418525
15 run_of_river,eGon2035,4,run_of_river,75.55058321583687,0.0,0.65,0.00853844035989696,1.0,False,0,0,0,1.0,1.0,inf,PV,,75.55058321583687,75.55058321583687
15 solar,eGon2035,4,solar,1149.7172576815974,0.0,1.0000000000000002,0.017896614579162664,1.0000000000000002,False,0,0,0,1.0,1.0,inf,PV,,1149.7172576815974,1149.7172576815974
15 solar_rooftop,eGon2035,4,solar_rooftop,2681.4785750636815,0.0,0.9999999999999999,0.01787481225860724,0.9999999999999999,False,0,0,0,1.0,1.0,inf,PV,,2681.4785750636815,2681.4785750636815
15 wind_onshore,eGon2035,4,wind_onshore,2374.8128049837496,0.0,1.0000000000000002,1.3085178584750354,1.0000000000000002,False,0,0,0,1.0,1.0,inf,PV,,2374.8128049837496,2374.8128049837496
2 biomass,eGon2035,4,biomass,9.845469537254866,0.0,1.0,42.109024842970165,1.0,False,0,0,0,1.0,1.0,inf,PV,,9.845469537254866,9.845469537254866
2 central_biomass_CHP,eGon2035,4,central_biomass_CHP,27.059705949382305,0.0,1.0,42.106996562806096,1.0,False,0,0,0,1.0,1.0,inf,PV,,27.059705949382305,27.059705949382305
2 industrial_biomass_CHP,eGon2035,4,industrial_biomass_CHP,79.39130335674477,0.0,1.0000000000000002,42.10738650761691,1.0000000000000002,False,0,0,0,1.0,1.0,inf,PV,,79.39130335674477,79.39130335674477
2 load shedding,,4,load shedding,30495120.0,0.0,1.0,10000.00785897672,1.0,False,0,0,1,1.0,1.0,0.0,PQ,,30495120.0,30495120.0
2 others,eGon2035,4,others,100.00000000000001,0.0,1.0,0.008816610286976919,1.0,False,0,0,0,1.0,1.0,inf,PV,,100.00000000000001,100.00000000000001
2 run_of_river,eGon2035,4,run_of_river,282.1253307184528,0.0,0.65,0.009753032427298422,1.0,False,0,0,0,1.0,1.0,inf,PV,,282.1253307184528,282.1253307184528
2 solar,eGon2035,4,solar,1233.0517275057293,0.0,1.0,0.018007608258698415,1.0,False,0,0,0,1.0,1.0,inf,PV,,1233.0517275057293,1233.0517275057293
2 solar_rooftop,eGon2035,4,solar_rooftop,2875.9039931870093,0.0,0.9999999999999999,0.017229952263992782,0.9999999999999999,False,0,0,0,1.0,1.0,inf,PV,,2875.9039931870093,2875.9039931870093
2 wind_onshore,eGon2035,4,wind_onshore,3155.6160145983076,0.0,0.9999999999999999,1.3089527410737647,0.9999999999999999,False,0,0,0,1.0,1.0,inf,PV,,3155.6160145983076,3155.6160145983076
3 biomass,eGon2035,4,biomass,86.97161336573625,0.0,1.0,42.10834387831758,1.0,False,0,0,0,1.0,1.0,inf,PV,,86.97161336573625,86.97161336573625
3 central_biomass_CHP,eGon2035,4,central_biomass_CHP,148.56648617368074,0.0,1.0,42.10852954017007,1.0,False,0,0,0,1.0,1.0,inf,PV,,148.56648617368074,148.56648617368074
3 industrial_biomass_CHP,eGon2035,4,industrial_biomass_CHP,239.6533699939897,0.0,1.0000000000000002,42.10864410654306,1.0000000000000002,False,0,0,0,1.0,1.0,inf,PV,,239.6533699939897,239.6533699939897
3 load shedding,,4,load shedding,43159760.0,0.0,1.0,10000.007723151008,1.0,False,0,0,1,1.0,1.0,0.0,PQ,,43159760.0,43159760.0
3 oil,eGon2035,4,oil,93.5,0.0,1.0,101.84998197148849,1.0,False,0,0,0,1.0,1.0,inf,PV,,93.5,93.5
3 solar,eGon2035,4,solar,2810.2441418612993,0.0,1.0,0.01834804884443514,1.0,False,0,0,0,1.0,1.0,inf,PV,,2810.2441418612993,2810.2441418612993
3 solar_rooftop,eGon2035,4,solar_rooftop,2338.0469446208717,0.0,1.0,0.017696788846989202,1.0,False,0,0,0,1.0,1.0,inf,PV,,2338.0469446208717,2338.0469446208717
3 wind_offshore,eGon2035,4,wind_offshore,1768.0,0.0,1.0,2.5672087949581015,1.0,False,0,0,0,1.0,1.0,inf,PV,,1768.0,1768.0
3 wind_onshore,eGon2035,4,wind_onshore,6782.78569648515,0.0,1.0,1.307643322302267,1.0,False,0,0,0,1.0,1.0,inf,PV,,6782.78569648515,6782.78569648515
36278 load shedding,,36278,load shedding,17080600.0,0.0,1.0,10000.008404737075,1.0,False,0,0,1,1.0,1.0,0.0,Slack,,17080600.0,17080600.0
36280 load shedding,,36278,load shedding,16414040.0,0.0,0.9999999999999999,10000.007411591016,0.9999999999999999,False,0,0,1,1.0,1.0,0.0,PQ,,16414040.0,16414040.0
36284 load shedding,,36278,load shedding,45659360.0,0.0,1.0,10000.008298135008,1.0,False,0,0,1,1.0,1.0,0.0,PQ,,45659360.0,45659360.0
36984 load shedding,,36278,load shedding,10998240.0,0.0,1.0,10000.00868653102,1.0,False,0,0,1,1.0,1.0,0.0,PQ,,10998240.0,10998240.0
36994 load shedding,,36278,load shedding,12581320.0,0.0,1.0,10000.006710781145,1.0,False,0,0,1,1.0,1.0,0.0,PQ,,12581320.0,12581320.0
36998 load shedding,,36278,load shedding,23829520.0,0.0,1.0,10000.007881033964,1.0,False,0,0,1,1.0,1.0,0.0,PQ,,23829520.0,23829520.0
37222 load shedding,,36278,load shedding,23996160.0,0.0,1.0,10000.007877763936,1.0,False,0,0,1,1.0,1.0,0.0,PQ,,23996160.0,23996160.0
4 biomass,eGon2035,4,biomass,91.8287406444644,0.0,1.0,42.108079932279225,1.0,False,0,0,0,1.0,1.0,inf,PV,,91.8287406444644,91.8287406444644
4 central_biomass_CHP,eGon2035,4,central_biomass_CHP,51.25864239284663,0.0,1.0,42.10881841583567,1.0,False,0,0,0,1.0,1.0,inf,PV,,51.25864239284663,51.25864239284663
4 industrial_biomass_CHP,eGon2035,4,industrial_biomass_CHP,610.4837521080048,0.0,0.9999999999999999,42.108907791337835,0.9999999999999999,False,0,0,0,1.0,1.0,inf,PV,,610.4837521080048,610.4837521080048
4 load shedding,,4,load shedding,56241000.0,0.0,1.0,10000.00734234998,1.0,False,0,0,1,1.0,1.0,0.0,PQ,,56241000.0,56241000.0
4 others,eGon2035,4,others,22.236970841666142,0.0,1.0,0.009497584744778343,1.0,False,0,0,0,1.0,1.0,inf,PV,,22.236970841666142,22.236970841666142
4 reservoir,eGon2035,4,reservoir,2.5893032160638585,0.0,0.6500000000000001,0.007792645518498357,1.0,False,0,0,0,1.0,1.0,inf,PV,,2.5893032160638585,2.5893032160638585
4 run_of_river,eGon2035,4,run_of_river,810.2854561416254,0.0,0.65,0.008462152525302621,1.0,False,0,0,0,1.0,1.0,inf,PV,,810.2854561416254,810.2854561416254
4 solar,eGon2035,4,solar,5434.639644004944,0.0,1.0,0.017555627627972453,1.0,False,0,0,0,1.0,1.0,inf,PV,,5434.639644004944,5434.639644004944
4 solar_rooftop,eGon2035,4,solar_rooftop,8066.885586327493,0.0,1.0,0.017920281358925316,1.0,False,0,0,0,1.0,1.0,inf,PV,,8066.885586327493,8066.885586327493
4 wind_onshore,eGon2035,4,wind_onshore,2805.9230912408207,0.0,1.0000000000000002,1.3077435299350118,1.0000000000000002,False,0,0,0,1.0,1.0,inf,PV,,2805.9230912408207,2805.9230912408207
41642 load shedding,,36278,load shedding,23746200.0,0.0,1.0,10000.008050327388,1.0,False,0,0,1,1.0,1.0,0.0,PQ,,23746200.0,23746200.0
42100 load shedding,,36278,load shedding,6249000.0,0.0,1.0,10000.00804694605,1.0,False,0,0,1,1.0,1.0,0.0,PQ,,6249000.0,6249000.0
42102 load shedding,,36278,load shedding,18663680.0,0.0,1.0,10000.008087195756,1.0,False,0,0,1,1.0,1.0,0.0,PQ,,18663680.0,18663680.0
42106 load shedding,,36278,load shedding,17163920.0,0.0,0.9999999999999999,10000.007911472521,0.9999999999999999,False,0,0,1,1.0,1.0,0.0,PQ,,17163920.0,17163920.0
42118 load shedding,,36278,load shedding,14914280.0,0.0,1.0,10000.008509673995,1.0,False,0,0,1,1.0,1.0,0.0,PQ,,14914280.0,14914280.0
42124 load shedding,,36278,load shedding,11748120.0,0.0,1.0,10000.007369243622,1.0,False,0,0,1,1.0,1.0,0.0,PQ,,11748120.0,11748120.0
42128 load shedding,,36278,load shedding,20330080.0,0.0,1.0,10000.007968028356,1.0,False,0,0,1,1.0,1.0,0.0,PQ,,20330080.0,20330080.0
43534 load shedding,,36278,load shedding,23662880.0,0.0,1.0,10000.008664744151,1.0,False,0,0,1,1.0,1.0,0.0,PQ,,23662880.0,23662880.0
43536 load shedding,,36278,load shedding,29328640.0,0.0,1.0,10000.00772449679,1.0,False,0,0,1,1.0,1.0,0.0,PQ,,29328640.0,29328640.0
43761 load shedding,,0,load shedding,749880.0,0.0,1.0,10000.040786525162,1.0,False,0,0,1,1.0,1.0,0.0,Slack,,749880.0,749880.0
43761 oil,eGon2035,0,oil,84.20300295,0.0,1.0,101.8727865251626,1.0,False,0,0,0,1.0,1.0,inf,PV,,84.20300295,84.20300295
43761 others,eGon2035,0,others,1552.2437133000003,0.0,1.0,0.04078652516259929,1.0,False,0,0,0,1.0,1.0,inf,PV,,1552.2437133000003,1552.2437133000003
43761 reservoir,eGon2035,0,reservoir,8301.08374,0.0,0.65,0.04078652516259929,1.0,False,0,0,0,1.0,1.0,inf,PV,,8301.08374,8301.08374
43761 run_of_river,eGon2035,0,run_of_river,6217.211426,0.0,0.65,0.04078652516259929,1.0,False,0,0,0,1.0,1.0,inf,PV,,6217.211426,6217.211426
43761 solar,eGon2035,0,solar,22500.0,0.0,1.0,0.050786525162599294,1.0,False,0,0,0,1.0,1.0,inf,PV,,22500.0,22500.0
43761 wind_onshore,eGon2035,0,wind_onshore,12500.0,0.0,1.0,1.3407865251625994,1.0,False,0,0,0,1.0,1.0,inf,PV,,12500.0,12500.0
43762 coal,eGon2035,1,coal,615.78599922,0.325,1.0,49.3682865251626,1.0,True,5,6,0,0.38,0.38,inf,Slack,1.0,615.78599922,615.78599922
43762 load shedding,,1,load shedding,83320.0,0.0,1.0,10000.040786525162,1.0,False,0,0,1,1.0,1.0,0.0,PQ,,83320.0,83320.0
43762 oil,eGon2035,1,oil,158.2999992,0.0,1.0,101.8727865251626,1.0,False,0,0,0,1.0,1.0,inf,PV,,158.2999992,158.2999992
43762 others,eGon2035,1,others,1530.1999969,0.0,1.0,0.04078652516259929,1.0,False,0,0,0,1.0,1.0,inf,PV,,1530.1999969,1530.1999969
43762 run_of_river,eGon2035,1,run_of_river,148.1999969,0.0,0.65,0.04078652516259929,1.0,False,0,0,0,1.0,1.0,inf,PV,,148.1999969,148.1999969
43762 solar,eGon2035,1,solar,16443.135739999998,0.0,1.0,0.050786525162599294,1.0,False,0,0,0,1.0,1.0,inf,PV,,16443.135739999998,16443.135739999998
43762 wind_offshore,eGon2035,1,wind_offshore,5250.0,0.0,1.0,2.6007865251625994,1.0,False,0,0,0,1.0,1.0,inf,PV,,5250.0,5250.0
43762 wind_onshore,eGon2035,1,wind_onshore,7465.0490675,0.0,1.0,1.3407865251625994,1.0,False,0,0,0,1.0,1.0,inf,PV,,7465.0490675,7465.0490675
43763 load shedding,,2,load shedding,249960.0,0.0,1.0,10000.040786525162,1.0,False,0,0,1,1.0,1.0,0.0,Slack,,249960.0,249960.0
43763 nuclear,eGon2035,2,nuclear,595.0,0.5,1.0,5.2407865251626,1.0,True,6,10,0,0.5,0.5,inf,PV,0.3,595.0,595.0
43763 others,eGon2035,2,others,2086.8406982,0.0,1.0,0.04078652516259929,1.0,False,0,0,0,1.0,1.0,inf,PV,,2086.8406982,2086.8406982
43763 reservoir,eGon2035,2,reservoir,8152.0,0.0,0.65,0.04078652516259929,1.0,False,0,0,0,1.0,1.0,inf,PV,,8152.0,8152.0
43763 run_of_river,eGon2035,2,run_of_river,4113.0,0.0,0.65,0.04078652516259929,1.0,False,0,0,0,1.0,1.0,inf,PV,,4113.0,4113.0
43763 solar,eGon2035,2,solar,14364.3525,0.0,1.0,0.050786525162599294,1.0,False,0,0,0,1.0,1.0,inf,PV,,14364.3525,14364.3525
43763 wind_onshore,eGon2035,2,wind_onshore,1551.0,0.0,1.0,1.3407865251625994,1.0,False,0,0,0,1.0,1.0,inf,PV,,1551.0,1551.0
43764 coal,eGon2035,3,coal,186.0,0.325,1.0,49.3682865251626,1.0,True,5,6,0,0.38,0.38,inf,Slack,1.0,186.0,186.0
43764 lignite,eGon2035,3,lignite,2967.69999245,0.4,1.0,37.605286525162605,1.0,True,7,6,0,0.4,0.4,inf,PV,1.0,2967.69999245,2967.69999245
43764 load shedding,,3,load shedding,83320.0,0.0,1.0,10000.040786525162,1.0,False,0,0,1,1.0,1.0,0.0,PQ,,83320.0,83320.0
43764 nuclear,eGon2035,3,nuclear,4041.0,0.5,1.0,5.2407865251626,1.0,True,6,10,0,0.5,0.5,inf,PV,0.3,4041.0,4041.0
43764 oil,eGon2035,3,oil,6.94999981,0.0,1.0,101.8727865251626,1.0,False,0,0,0,1.0,1.0,inf,PV,,6.94999981,6.94999981
43764 others,eGon2035,3,others,2289.3577880000003,0.0,1.0,0.04078652516259929,1.0,False,0,0,0,1.0,1.0,inf,PV,,2289.3577880000003,2289.3577880000003
43764 reservoir,eGon2035,3,reservoir,1170.3999939,0.0,0.65,0.04078652516259929,1.0,False,0,0,0,1.0,1.0,inf,PV,,1170.3999939,1170.3999939
43764 run_of_river,eGon2035,3,run_of_river,395.0,0.0,0.65,0.04078652516259929,1.0,False,0,0,0,1.0,1.0,inf,PV,,395.0,395.0
43764 solar,eGon2035,3,solar,14499.5,0.0,1.0,0.050786525162599294,1.0,False,0,0,0,1.0,1.0,inf,PV,,14499.5,14499.5
43764 wind_onshore,eGon2035,3,wind_onshore,7761.234055,0.0,1.0,1.3407865251625994,1.0,False,0,0,0,1.0,1.0,inf,PV,,7761.234055,7761.234055
43765 coal,eGon2035,5,coal,447.0,0.325,1.0,49.3682865251626,1.0,True,5,6,0,0.38,0.38,inf,Slack,1.0,447.0,447.0
43765 load shedding,,5,load shedding,249960.0,0.0,1.0,10000.040786525162,1.0,False,0,0,1,1.0,1.0,0.0,PQ,,249960.0,249960.0
43765 oil,eGon2035,5,oil,200.0,0.0,1.0,101.8727865251626,1.0,False,0,0,0,1.0,1.0,inf,PV,,200.0,200.0
43765 others,eGon2035,5,others,578.3999939,0.0,1.0,0.04078652516259929,1.0,False,0,0,0,1.0,1.0,inf,PV,,578.3999939,578.3999939
43765 solar,eGon2035,5,solar,3943.5,0.0,1.0,0.050786525162599294,1.0,False,0,0,0,1.0,1.0,inf,PV,,3943.5,3943.5
43765 wind_offshore,eGon2035,5,wind_offshore,4600.0,0.0,1.0,2.6007865251625994,1.0,False,0,0,0,1.0,1.0,inf,PV,,4600.0,4600.0
43765 wind_onshore,eGon2035,5,wind_onshore,4564.5,0.0,1.0,1.3407865251625994,1.0,False,0,0,0,1.0,1.0,inf,PV,,4564.5,4564.5
43766 coal,eGon2035,5,coal,320.0,0.325,1.0,49.3682865251626,1.0,True,5,6,0,0.38,0.38,inf,PV,1.0,320.0,320.0
43766 load shedding,,5,load shedding,83320.0,0.0,1.0,10000.040786525162,1.0,False,0,0,1,1.0,1.0,0.0,PQ,,83320.0,83320.0
43766 oil,eGon2035,5,oil,212.00000001,0.0,1.0,101.8727865251626,1.0,False,0,0,0,1.0,1.0,inf,PV,,212.00000001,212.00000001
43766 others,eGon2035,5,others,315.20500943,0.0,1.0,0.04078652516259929,1.0,False,0,0,0,1.0,1.0,inf,PV,,315.20500943,315.20500943
43766 solar,eGon2035,5,solar,1690.0,0.0,1.0,0.050786525162599294,1.0,False,0,0,0,1.0,1.0,inf,PV,,1690.0,1690.0
43766 wind_offshore,eGon2035,5,wind_offshore,1809.0,0.0,1.0,2.6007865251625994,1.0,False,0,0,0,1.0,1.0,inf,PV,,1809.0,1809.0
43766 wind_onshore,eGon2035,5,wind_onshore,1300.0,0.0,1.0,1.3407865251625994,1.0,False,0,0,0,1.0,1.0,inf,PV,,1300.0,1300.0
43767 load shedding,,6,load shedding,249960.0,0.0,1.0,10000.040786525162,1.0,False,0,0,1,1.0,1.0,0.0,Slack,,249960.0,249960.0
43767 nuclear,eGon2035,6,nuclear,53597.0,0.5,1.0,5.2407865251626,1.0,True,6,10,0,0.5,0.5,inf,PV,0.3,53597.0,53597.0
43767 oil,eGon2035,6,oil,76.0,0.0,1.0,101.8727865251626,1.0,False,0,0,0,1.0,1.0,inf,PV,,76.0,76.0
43767 others,eGon2035,6,others,4431.7999767599995,0.0,1.0,0.04078652516259929,1.0,False,0,0,0,1.0,1.0,inf,PV,,4431.7999767599995,4431.7999767599995
43767 reservoir,eGon2035,6,reservoir,10094.0,0.0,0.65,0.04078652516259929,1.0,False,0,0,0,1.0,1.0,inf,PV,,10094.0,10094.0
43767 run_of_river,eGon2035,6,run_of_river,13638.0,0.0,0.65,0.04078652516259929,1.0,False,0,0,0,1.0,1.0,inf,PV,,13638.0,13638.0
43767 solar,eGon2035,6,solar,60622.60725,0.0,1.0,0.050786525162599294,1.0,False,0,0,0,1.0,1.0,inf,PV,,60622.60725,60622.60725
43767 wind_offshore,eGon2035,6,wind_offshore,4000.0,0.0,1.0,2.6007865251625994,1.0,False,0,0,0,1.0,1.0,inf,PV,,4000.0,4000.0
43767 wind_onshore,eGon2035,6,wind_onshore,67433.11411380001,0.0,1.0,1.3407865251625994,1.0,False,0,0,0,1.0,1.0,inf,PV,,67433.11411380001,67433.11411380001
43768 lignite,eGon2035,7,lignite,18.0,0.4,1.0,37.605286525162605,1.0,True,7,6,0,0.4,0.4,inf,Slack,1.0,18.0,18.0
43768 load shedding,,7,load shedding,83320.0,0.0,1.0,10000.040786525162,1.0,False,0,0,1,1.0,1.0,0.0,PQ,,83320.0,83320.0
43768 oil,eGon2035,7,oil,194.00000001,0.0,1.0,101.8727865251626,1.0,False,0,0,0,1.0,1.0,inf,PV,,194.00000001,194.00000001
43768 others,eGon2035,7,others,325.0,0.0,1.0,0.04078652516259929,1.0,False,0,0,0,1.0,1.0,inf,PV,,325.0,325.0
43768 solar,eGon2035,7,solar,1237.9538499999999,0.0,1.0,0.050786525162599294,1.0,False,0,0,0,1.0,1.0,inf,PV,,1237.9538499999999,1237.9538499999999
43768 wind_onshore,eGon2035,7,wind_onshore,2404.5,0.0,1.0,1.3407865251625994,1.0,False,0,0,0,1.0,1.0,inf,PV,,2404.5,2404.5
43769 coal,eGon2035,7,coal,3402.0,0.325,1.0,49.3682865251626,1.0,True,5,6,0,0.38,0.38,inf,PV,1.0,3402.0,3402.0
43769 load shedding,,7,load shedding,83320.0,0.0,1.0,10000.040786525162,1.0,False,0,0,1,1.0,1.0,0.0,PQ,,83320.0,83320.0
43769 nuclear,eGon2035,7,nuclear,5111.5,0.5,1.0,5.2407865251626,1.0,True,6,10,0,0.5,0.5,inf,PV,0.3,5111.5,5111.5
43769 oil,eGon2035,7,oil,371.00000003,0.0,1.0,101.8727865251626,1.0,False,0,0,0,1.0,1.0,inf,PV,,371.00000003,371.00000003
43769 others,eGon2035,7,others,4700.411133,0.0,1.0,0.04078652516259929,1.0,False,0,0,0,1.0,1.0,inf,PV,,4700.411133,4700.411133
43769 run_of_river,eGon2035,7,run_of_river,1969.352051,0.0,0.65,0.04078652516259929,1.0,False,0,0,0,1.0,1.0,inf,PV,,1969.352051,1969.352051
43769 solar,eGon2035,7,solar,47966.680995,0.0,1.0,0.050786525162599294,1.0,False,0,0,0,1.0,1.0,inf,PV,,47966.680995,47966.680995
43769 wind_offshore,eGon2035,7,wind_offshore,19335.15,0.0,1.0,2.6007865251625994,1.0,False,0,0,0,1.0,1.0,inf,PV,,19335.15,19335.15
43769 wind_onshore,eGon2035,7,wind_onshore,25168.151905,0.0,1.0,1.3407865251625994,1.0,False,0,0,0,1.0,1.0,inf,PV,,25168.151905,25168.151905
43770 load shedding,,4,load shedding,166640.0,0.0,1.0,10000.040786525162,1.0,False,0,0,1,1.0,1.0,0.0,PQ,,166640.0,166640.0
43771 load shedding,,8,load shedding,83320.0,0.0,1.0,10000.040786525162,1.0,False,0,0,1,1.0,1.0,0.0,Slack,,83320.0,83320.0
43771 nuclear,eGon2035,8,nuclear,243.0,0.5,1.0,5.2407865251626,1.0,True,6,10,0,0.5,0.5,inf,PV,0.3,243.0,243.0
43771 others,eGon2035,8,others,4310.0,0.0,1.0,0.04078652516259929,1.0,False,0,0,0,1.0,1.0,inf,PV,,4310.0,4310.0
43771 run_of_river,eGon2035,8,run_of_river,46.57143021,0.0,0.65,0.04078652516259929,1.0,False,0,0,0,1.0,1.0,inf,PV,,46.57143021,46.57143021
43771 solar,eGon2035,8,solar,20020.0,0.0,1.0,0.050786525162599294,1.0,False,0,0,0,1.0,1.0,inf,PV,,20020.0,20020.0
43771 wind_offshore,eGon2035,8,wind_offshore,8360.0,0.0,1.0,2.6007865251625994,1.0,False,0,0,0,1.0,1.0,inf,PV,,8360.0,8360.0
43771 wind_onshore,eGon2035,8,wind_onshore,13633.24947,0.0,1.0,1.3407865251625994,1.0,False,0,0,0,1.0,1.0,inf,PV,,13633.24947,13633.24947
43772 load shedding,,9,load shedding,83320.0,0.0,1.0,10000.040786525162,1.0,False,0,0,1,1.0,1.0,0.0,Slack,,83320.0,83320.0
43772 others,eGon2035,9,others,341.30299759,0.0,0.9999999999999998,0.04078652516259929,0.9999999999999998,False,0,0,0,1.0,1.0,inf,PV,,341.30299759,341.30299759
43772 reservoir,eGon2035,9,reservoir,36062.200194,0.0,0.65,0.04078652516259929,1.0,False,0,0,0,1.0,1.0,inf,PV,,36062.200194,36062.200194
43772 solar,eGon2035,9,solar,2000.0,0.0,1.0,0.050786525162599294,1.0,False,0,0,0,1.0,1.0,inf,PV,,2000.0,2000.0
43772 wind_onshore,eGon2035,9,wind_onshore,9217.9594595,0.0,1.0,1.3407865251625994,1.0,False,0,0,0,1.0,1.0,inf,PV,,9217.9594595,9217.9594595
43773 coal,eGon2035,10,coal,8437.217028500001,0.325,1.0,49.3682865251626,1.0,True,5,6,0,0.38,0.38,inf,Slack,1.0,8437.217028500001,8437.217028500001
43773 lignite,eGon2035,10,lignite,3505.8599857,0.4,1.0,37.605286525162605,1.0,True,7,6,0,0.4,0.4,inf,PV,1.0,3505.8599857,3505.8599857
43773 load shedding,,10,load shedding,249960.0,0.0,1.0,10000.040786525162,1.0,False,0,0,1,1.0,1.0,0.0,PQ,,249960.0,249960.0
43773 others,eGon2035,10,others,9161.5,0.0,1.0,0.04078652516259929,1.0,False,0,0,0,1.0,1.0,inf,PV,,9161.5,9161.5
43773 reservoir,eGon2035,10,reservoir,362.5,0.0,0.65,0.04078652516259929,1.0,False,0,0,0,1.0,1.0,inf,PV,,362.5,362.5
43773 run_of_river,eGon2035,10,run_of_river,536.5,0.0,0.65,0.04078652516259929,1.0,False,0,0,0,1.0,1.0,inf,PV,,536.5,536.5
43773 solar,eGon2035,10,solar,22190.819985000002,0.0,1.0,0.050786525162599294,1.0,False,0,0,0,1.0,1.0,inf,PV,,22190.819985000002,22190.819985000002
43773 wind_offshore,eGon2035,10,wind_offshore,2400.0,0.0,1.0,2.6007865251625994,1.0,False,0,0,0,1.0,1.0,inf,PV,,2400.0,2400.0
43773 wind_onshore,eGon2035,10,wind_onshore,18065.333720000002,0.0,1.0,1.3407865251625994,1.0,False,0,0,0,1.0,1.0,inf,PV,,18065.333720000002,18065.333720000002
43774 load shedding,,11,load shedding,83320.0,0.0,1.0,10000.040786525162,1.0,False,0,0,1,1.0,1.0,0.0,Slack,,83320.0,83320.0
43774 nuclear,eGon2035,11,nuclear,2925.5,0.5,1.0,5.2407865251626,1.0,True,6,10,0,0.5,0.5,inf,PV,0.3,2925.5,2925.5
43774 others,eGon2035,11,others,4185.0,0.0,1.0,0.04078652516259929,1.0,False,0,0,0,1.0,1.0,inf,PV,,4185.0,4185.0
43774 reservoir,eGon2035,11,reservoir,16630.0,0.0,0.65,0.04078652516259929,1.0,False,0,0,0,1.0,1.0,inf,PV,,16630.0,16630.0
43774 solar,eGon2035,11,solar,7551.0714284999995,0.0,1.0,0.050786525162599294,1.0,False,0,0,0,1.0,1.0,inf,PV,,7551.0714284999995,7551.0714284999995
43774 wind_offshore,eGon2035,11,wind_offshore,750.0,0.0,1.0,2.6007865251625994,1.0,False,0,0,0,1.0,1.0,inf,PV,,750.0,750.0
43774 wind_onshore,eGon2035,11,wind_onshore,27075.605246500003,0.0,1.0,1.3407865251625994,1.0,False,0,0,0,1.0,1.0,inf,PV,,27075.605246500003,27075.605246500003
48623 CH4,eGon2035,48623,CH4,1223.8263116666665,0.0,1.0,30.376595360048114,1.0,False,0,0,0,1.0,1.0,10276424.977699999,Slack,,1223.8263116666665,1223.8263116666665
48623 load shedding,,48623,load shedding,83320.0,0.0,1.0,10000.040786525162,1.0,False,0,0,1,1.0,1.0,0.0,PQ,,83320.0,83320.0
48624 CH4,eGon2035,48624,CH4,22992.144076458335,0.0,1.0,25.6407865251626,1.0,False,0,0,0,1.0,1.0,5938145.446044999,Slack,,22992.144076458335,22992.144076458335
48624 load shedding,,48624,load shedding,83320.0,0.0,1.0,10000.040786525162,1.0,False,0,0,1,1.0,1.0,0.0,PQ,,83320.0,83320.0
48625 load shedding,,48625,load shedding,83320.0,0.0,1.0,10000.040786525162,1.0,False,0,0,1,1.0,1.0,0.0,Slack,,83320.0,83320.0
48626 CH4,eGon2035,48626,CH4,1145.198149375,0.0,1.0,29.81403417183162,1.0,False,0,0,0,1.0,1.0,10031935.788525,Slack,,1145.198149375,1145.198149375
48626 load shedding,,48626,load shedding,83320.0,0.0,1.0,10000.040786525162,1.0,False,0,0,1,1.0,1.0,0.0,PQ,,83320.0,83320.0
48627 CH4,eGon2035,48627,CH4,3411.7605122916666,0.0,1.0,36.63637054532604,1.0,False,0,0,0,1.0,1.0,27624196.192675,Slack,,3411.7605122916666,3411.7605122916666
48627 load shedding,,48627,load shedding,83320.0,0.0,1.0,10000.040786525162,1.0,False,0,0,1,1.0,1.0,0.0,PQ,,83320.0,83320.0
48628 CH4,eGon2035,48628,CH4,66666.77280984167,0.0,1.0,25.6407865251626,1.0,False,0,0,0,1.0,1.0,102689225.3045,Slack,,66666.77280984167,66666.77280984167
48628 load shedding,,48628,load shedding,83320.0,0.0,1.0,10000.040786525162,1.0,False,0,0,1,1.0,1.0,0.0,PQ,,83320.0,83320.0
48629 CH4,eGon2035,48629,CH4,114009.58196449144,0.0,1.0,27.57325936648861,1.0,False,0,0,0,1.0,1.0,144936842.828125,Slack,,114009.58196449144,114009.58196449144
48629 load shedding,,48629,load shedding,83320.0,0.0,1.0,10000.040786525162,1.0,False,0,0,1,1.0,1.0,0.0,PQ,,83320.0,83320.0
48630 CH4,eGon2035,48630,CH4,91.826031,0.0,1.0,35.12388883556847,1.0,False,0,0,0,1.0,1.0,581746.0315599999,Slack,,91.826031,91.826031
48630 load shedding,,48630,load shedding,83320.0,0.0,1.0,10000.040786525162,1.0,False,0,0,1,1.0,1.0,0.0,PQ,,83320.0,83320.0
48631 CH4,eGon2035,48631,CH4,24654.71423279167,0.0,1.0,27.421902613649852,1.0,False,0,0,0,1.0,1.0,47180266.330425,Slack,,24654.71423279167,24654.71423279167
48631 load shedding,,48631,load shedding,83320.0,0.0,1.0,10000.040786525162,1.0,False,0,0,1,1.0,1.0,0.0,PQ,,83320.0,83320.0
48632 load shedding,,48632,load shedding,83320.0,0.0,1.0,10000.040786525162,1.0,False,0,0,1,1.0,1.0,0.0,Slack,,83320.0,83320.0
48633 CH4,eGon2035,48633,CH4,14680.832195275001,0.0,1.0,30.788129269527058,1.0,False,0,0,0,1.0,1.0,69781520.032725,Slack,,14680.832195275001,14680.832195275001
48633 load shedding,,48633,load shedding,83320.0,0.0,1.0,10000.040786525162,1.0,False,0,0,1,1.0,1.0,0.0,PQ,,83320.0,83320.0
48634 CH4,eGon2035,48634,CH4,6417.153026700132,0.0,1.0,25.6407865251626,1.0,False,0,0,0,1.0,1.0,16359361.19955,Slack,,6417.153026700132,6417.153026700132
48634 load shedding,,48634,load shedding,83320.0,0.0,1.0,10000.040786525162,1.0,False,0,0,1,1.0,1.0,0.0,PQ,,83320.0,83320.0
48636 CH4,eGon2035,48636,CH4,1000000000.0,0.0,1.0,41.0172865251626,1.0,False,0,0,0,1.0,1.0,inf,Slack,,1000000000.0,1000000000.0
48636 load shedding,,48636,load shedding,83320.0,0.0,1.0,10000.040786525162,1.0,False,0,0,1,1.0,1.0,0.0,PQ,,83320.0,83320.0
48637 load shedding,,48637,load shedding,2499600.0,0.0,1.0,10000.008877432258,1.0,False,0,0,1,1.0,1.0,0.0,Slack,,2499600.0,2499600.0
48655 load shedding,,48637,load shedding,666560.0,0.0,1.0,10000.00932001182,1.0,False,0,0,1,1.0,1.0,0.0,PQ,,666560.0,666560.0
48663 load shedding,,48637,load shedding,1416440.0,0.0,1.0,10000.007485432068,1.0,False,0,0,1,1.0,1.0,0.0,PQ,,1416440.0,1416440.0
48681 load shedding,,48637,load shedding,749880.0,0.0,1.0,10000.007131549655,1.0,False,0,0,1,1.0,1.0,0.0,PQ,,749880.0,749880.0
48684 load shedding,,48637,load shedding,416600.0,0.0,1.0,10000.00765888566,1.0,False,0,0,1,1.0,1.0,0.0,PQ,,416600.0,416600.0
48687 load shedding,,48637,load shedding,749880.0,0.0,1.0,10000.008610447541,1.0,False,0,0,1,1.0,1.0,0.0,PQ,,749880.0,749880.0
48691 load shedding,,48637,load shedding,1583080.0,0.0,1.0,10000.008833125408,1.0,False,0,0,1,1.0,1.0,0.0,PQ,,1583080.0,1583080.0
48701 load shedding,,48637,load shedding,3582760.0,0.0,1.0,10000.007016125666,1.0,False,0,0,1,1.0,1.0,0.0,PQ,,3582760.0,3582760.0
48747 load shedding,,48637,load shedding,2332960.0,0.0,1.0,10000.00730707018,1.0,False,0,0,1,1.0,1.0,0.0,PQ,,2332960.0,2332960.0
48769 load shedding,,48637,load shedding,2582920.0,0.0,1.0,10000.008437781784,1.0,False,0,0,1,1.0,1.0,0.0,PQ,,2582920.0,2582920.0
48794 load shedding,,48637,load shedding,1583080.0,0.0,1.0,10000.007996845761,1.0,False,0,0,1,1.0,1.0,0.0,PQ,,1583080.0,1583080.0
49604 central_biomass_CHP_heat,eGon2035,49604,central_biomass_CHP_heat,2.413,0.0,0.9999999999999998,0.01246650315230926,0.9999999999999998,False,0,0,0,1.0,1.0,inf,Slack,,2.413,2.413
49604 geo_thermal,eGon2035,49604,geo_thermal,221.664814028039,0.0,1.0,0.008662468947498211,1.0,False,0,0,0,1.0,1.0,inf,PQ,,221.664814028039,221.664814028039
49604 load shedding,,49604,load shedding,83320.0,0.0,1.0,10000.00111188463,1.0,False,0,0,1,1.0,1.0,0.0,PQ,,83320.0,83320.0
49934 load shedding,,49934,load shedding,83320.0,0.0,1.0,10000.000933293213,1.0,False,0,0,1,1.0,1.0,0.0,Slack,,83320.0,83320.0
5 biomass,eGon2035,4,biomass,19.694721765688882,0.0,1.0,42.109173261643754,1.0,False,0,0,0,1.0,1.0,inf,PV,,19.694721765688882,19.694721765688882
5 central_biomass_CHP,eGon2035,4,central_biomass_CHP,84.38079654116575,0.0,1.0,42.10708125306086,1.0,False,0,0,0,1.0,1.0,inf,PV,,84.38079654116575,84.38079654116575
5 industrial_biomass_CHP,eGon2035,4,industrial_biomass_CHP,519.3274483174878,0.0,1.0,42.108150902069646,1.0,False,0,0,0,1.0,1.0,inf,PV,,519.3274483174878,519.3274483174878
5 load shedding,,4,load shedding,38327200.0,0.0,1.0,10000.008815342564,1.0,False,0,0,1,1.0,1.0,0.0,PQ,,38327200.0,38327200.0
5 others,eGon2035,4,others,100.0,0.0,1.0,0.0038578662085752245,1.0,False,0,0,0,1.0,1.0,inf,PV,,100.0,100.0
5 solar,eGon2035,4,solar,1427.1768302242406,0.0,1.0,0.01776463990201578,1.0,False,0,0,0,1.0,1.0,inf,PV,,1427.1768302242406,1427.1768302242406
5 solar_rooftop,eGon2035,4,solar_rooftop,3212.9299642590167,0.0,1.0,0.01777036541201449,1.0,False,0,0,0,1.0,1.0,inf,PV,,3212.9299642590167,3212.9299642590167
5 wind_offshore,eGon2035,4,wind_offshore,7015.0,0.0,1.0,2.5683298946313924,1.0,False,0,0,0,1.0,1.0,inf,PV,,7015.0,7015.0
5 wind_onshore,eGon2035,4,wind_onshore,12867.46686405949,0.0,1.0,1.3075118248586182,1.0,False,0,0,0,1.0,1.0,inf,PV,,12867.46686405949,12867.46686405949
51537 central_biomass_CHP_heat,eGon2035,51537,central_biomass_CHP_heat,0.5660000000000001,0.0,0.9999999999999999,0.006619758867730454,0.9999999999999999,False,0,0,0,1.0,1.0,inf,Slack,,0.5660000000000001,0.5660000000000001
51537 load shedding,,51537,load shedding,83320.0,0.0,1.0,10000.017612138532,1.0,False,0,0,1,1.0,1.0,0.0,PQ,,83320.0,83320.0
51728 load shedding,,51728,load shedding,83320.0,0.0,1.0,10000.002630272947,1.0,False,0,0,1,1.0,1.0,0.0,Slack,,83320.0,83320.0
52023 load shedding,,52023,load shedding,45909320.0,0.0,1.0,10000.007802880604,1.0,False,0,0,1,1.0,1.0,0.0,Slack,,45909320.0,45909320.0
52024 load shedding,,52023,load shedding,6332320.0,0.0,1.0,10000.009303116149,1.0,False,0,0,1,1.0,1.0,0.0,PQ,,6332320.0,6332320.0
52025 load shedding,,52023,load shedding,23829520.0,0.0,1.0,10000.007288746341,1.0,False,0,0,1,1.0,1.0,0.0,PQ,,23829520.0,23829520.0
52027 load shedding,,52023,load shedding,11164880.0,0.0,1.0,10000.00823469363,1.0,False,0,0,1,1.0,1.0,0.0,PQ,,11164880.0,11164880.0
52028 load shedding,,52023,load shedding,21329920.0,0.0,1.0,10000.008045214483,1.0,False,0,0,1,1.0,1.0,0.0,PQ,,21329920.0,21329920.0
52030 load shedding,,52023,load shedding,23912840.0,0.0,1.0,10000.007371053762,1.0,False,0,0,1,1.0,1.0,0.0,PQ,,23912840.0,23912840.0
52031 load shedding,,52023,load shedding,24412760.0,0.0,1.0,10000.00777587135,1.0,False,0,0,1,1.0,1.0,0.0,PQ,,24412760.0,24412760.0
52033 load shedding,,52023,load shedding,16830640.0,0.0,1.0,10000.007654153731,1.0,False,0,0,1,1.0,1.0,0.0,PQ,,16830640.0,16830640.0
52034 load shedding,,52023,load shedding,24079480.0,0.0,1.0,10000.007674806984,1.0,False,0,0,1,1.0,1.0,0.0,PQ,,24079480.0,24079480.0
52036 load shedding,,52023,load shedding,15247560.0,0.0,1.0,10000.007308358956,1.0,False,0,0,1,1.0,1.0,0.0,PQ,,15247560.0,15247560.0
52038 load shedding,,52023,load shedding,29328640.0,0.0,1.0,10000.007871424828,1.0,False,0,0,1,1.0,1.0,0.0,PQ,,29328640.0,29328640.0
52040 load shedding,,52023,load shedding,18913640.0,0.0,1.0,10000.007755393812,1.0,False,0,0,1,1.0,1.0,0.0,PQ,,18913640.0,18913640.0
52050 load shedding,,52023,load shedding,11831440.0,0.0,1.0,10000.008380477022,1.0,False,0,0,1,1.0,1.0,0.0,PQ,,11831440.0,11831440.0
52054 load shedding,,52023,load shedding,17163920.0,0.0,0.9999999999999999,10000.007659743726,0.9999999999999999,False,0,0,1,1.0,1.0,0.0,PQ,,17163920.0,17163920.0
52059 load shedding,,52023,load shedding,17330560.0,0.0,1.0,10000.00731933999,1.0,False,0,0,1,1.0,1.0,0.0,PQ,,17330560.0,17330560.0
52090 load shedding,,52023,load shedding,12747960.0,0.0,1.0,10000.008620174694,1.0,False,0,0,1,1.0,1.0,0.0,PQ,,12747960.0,12747960.0
6 biomass,eGon2035,4,biomass,22.1494865818622,0.0,0.9999999999999999,42.10660167331167,0.9999999999999999,False,0,0,0,1.0,1.0,inf,PV,,22.1494865818622,22.1494865818622
6 central_biomass_CHP,eGon2035,4,central_biomass_CHP,1.5348473000530662,0.0,1.0,42.10886249560831,1.0,False,0,0,0,1.0,1.0,inf,PV,,1.5348473000530662,1.5348473000530662
6 industrial_biomass_CHP,eGon2035,4,industrial_biomass_CHP,292.4382856986241,0.0,0.9999999999999999,42.10805494741575,0.9999999999999999,False,0,0,0,1.0,1.0,inf,PV,,292.4382856986241,292.4382856986241
6 load shedding,,4,load shedding,15497520.0,0.0,1.0,10000.00742075334,1.0,False,0,0,1,1.0,1.0,0.0,PQ,,15497520.0,15497520.0
6 run_of_river,eGon2035,4,run_of_river,0.2659558719085358,0.0,0.6499999999999999,0.013140708415010055,1.0,False,0,0,0,1.0,1.0,inf,PV,,0.2659558719085358,0.2659558719085358
6 solar,eGon2035,4,solar,393.622915015436,0.0,0.9999999999999999,0.017174635952109177,0.9999999999999999,False,0,0,0,1.0,1.0,inf,PV,,393.622915015436,393.622915015436
6 solar_rooftop,eGon2035,4,solar_rooftop,1159.8446184153922,0.0,1.0000000000000002,0.01864608950245036,1.0000000000000002,False,0,0,0,1.0,1.0,inf,PV,,1159.8446184153922,1159.8446184153922
6 wind_offshore,eGon2035,4,wind_offshore,8339.0,0.0,1.0,2.5697458380450056,1.0,False,0,0,0,1.0,1.0,inf,PV,,8339.0,8339.0
6 wind_onshore,eGon2035,4,wind_onshore,6815.249719729669,0.0,1.0,1.3081745030052472,1.0,False,0,0,0,1.0,1.0,inf,PV,,6815.249719729669,6815.249719729669
63629 load shedding,,63629,load shedding,83320.0,0.0,1.0,10000.002887040979,1.0,False,0,0,1,1.0,1.0,0.0,Slack,,83320.0,83320.0
63959 load shedding,,63959,load shedding,83320.0,0.0,1.0,10000.002809194688,1.0,False,0,0,1,1.0,1.0,0.0,Slack,,83320.0,83320.0
65562 load shedding,,65562,load shedding,83320.0,0.0,1.0,10000.002115664449,1.0,False,0,0,1,1.0,1.0,0.0,Slack,,83320.0,83320.0
65753 load shedding,,65753,load shedding,83320.0,0.0,1.0,10000.01151137183,1.0,False,0,0,1,1.0,1.0,0.0,Slack,,83320.0,83320.0
66048 load shedding,,66048,load shedding,45909320.0,0.0,1.0,10000.007831416893,1.0,False,0,0,1,1.0,1.0,0.0,Slack,,45909320.0,45909320.0
66049 load shedding,,66048,load shedding,6332320.0,0.0,1.0,10000.00752305201,1.0,False,0,0,1,1.0,1.0,0.0,PQ,,6332320.0,6332320.0
66050 load shedding,,66048,load shedding,23829520.0,0.0,1.0,10000.007883882065,1.0,False,0,0,1,1.0,1.0,0.0,PQ,,23829520.0,23829520.0
66052 load shedding,,66048,load shedding,11164880.0,0.0,1.0,10000.008711074464,1.0,False,0,0,1,1.0,1.0,0.0,PQ,,11164880.0,11164880.0
66053 load shedding,,66048,load shedding,21329920.0,0.0,1.0,10000.00828981858,1.0,False,0,0,1,1.0,1.0,0.0,PQ,,21329920.0,21329920.0
66055 load shedding,,66048,load shedding,23912840.0,0.0,1.0,10000.008277541636,1.0,False,0,0,1,1.0,1.0,0.0,PQ,,23912840.0,23912840.0
66056 load shedding,,66048,load shedding,24412760.0,0.0,1.0,10000.008287995897,1.0,False,0,0,1,1.0,1.0,0.0,PQ,,24412760.0,24412760.0
66058 load shedding,,66048,load shedding,16830640.0,0.0,1.0,10000.007764265903,1.0,False,0,0,1,1.0,1.0,0.0,PQ,,16830640.0,16830640.0
66059 load shedding,,66048,load shedding,24079480.0,0.0,1.0,10000.00770211207,1.0,False,0,0,1,1.0,1.0,0.0,PQ,,24079480.0,24079480.0
66061 load shedding,,66048,load shedding,15247560.0,0.0,1.0,10000.0077463456,1.0,False,0,0,1,1.0,1.0,0.0,PQ,,15247560.0,15247560.0
66063 load shedding,,66048,load shedding,29328640.0,0.0,1.0,10000.008092258588,1.0,False,0,0,1,1.0,1.0,0.0,PQ,,29328640.0,29328640.0
66065 load shedding,,66048,load shedding,18913640.0,0.0,1.0,10000.007605393806,1.0,False,0,0,1,1.0,1.0,0.0,PQ,,18913640.0,18913640.0
66075 load shedding,,66048,load shedding,11831440.0,0.0,1.0,10000.007241254401,1.0,False,0,0,1,1.0,1.0,0.0,PQ,,11831440.0,11831440.0
66079 load shedding,,66048,load shedding,17163920.0,0.0,0.9999999999999999,10000.008058270323,0.9999999999999999,False,0,0,1,1.0,1.0,0.0,PQ,,17163920.0,17163920.0
66084 load shedding,,66048,load shedding,17330560.0,0.0,1.0,10000.009074580252,1.0,False,0,0,1,1.0,1.0,0.0,PQ,,17330560.0,17330560.0
66115 load shedding,,66048,load shedding,12747960.0,0.0,1.0,10000.007727330889,1.0,False,0,0,1,1.0,1.0,0.0,PQ,,12747960.0,12747960.0
69893 load shedding,,69893,load shedding,23829520.0,0.0,1.0,10000.00787067534,1.0,False,0,0,1,1.0,1.0,0.0,Slack,,23829520.0,23829520.0
69895 load shedding,,69893,load shedding,11081560.0,0.0,1.0,10000.008366291155,1.0,False,0,0,1,1.0,1.0,0.0,PQ,,11081560.0,11081560.0
69897 load shedding,,69893,load shedding,6249000.0,0.0,1.0,10000.008135993143,1.0,False,0,0,1,1.0,1.0,0.0,PQ,,6249000.0,6249000.0
69898 load shedding,,69893,load shedding,23996160.0,0.0,1.0,10000.007681958636,1.0,False,0,0,1,1.0,1.0,0.0,PQ,,23996160.0,23996160.0
69900 load shedding,,69893,load shedding,17163920.0,0.0,0.9999999999999999,10000.008717574645,0.9999999999999999,False,0,0,1,1.0,1.0,0.0,PQ,,17163920.0,17163920.0
69906 load shedding,,69893,load shedding,18913640.0,0.0,1.0,10000.008233406079,1.0,False,0,0,1,1.0,1.0,0.0,PQ,,18913640.0,18913640.0
69909 load shedding,,69893,load shedding,45826000.0,0.0,1.0,10000.008495227949,1.0,False,0,0,1,1.0,1.0,0.0,PQ,,45826000.0,45826000.0
69911 load shedding,,69893,load shedding,11831440.0,0.0,1.0,10000.008102341975,1.0,False,0,0,1,1.0,1.0,0.0,PQ,,11831440.0,11831440.0
69912 load shedding,,69893,load shedding,15080920.0,0.0,1.0,10000.008137464285,1.0,False,0,0,1,1.0,1.0,0.0,PQ,,15080920.0,15080920.0
69913 load shedding,,69893,load shedding,24329440.0,0.0,1.0,10000.008014932715,1.0,False,0,0,1,1.0,1.0,0.0,PQ,,24329440.0,24329440.0
69929 load shedding,,69893,load shedding,16747320.0,0.0,1.0,10000.008080073583,1.0,False,0,0,1,1.0,1.0,0.0,PQ,,16747320.0,16747320.0
69934 load shedding,,69893,load shedding,21163280.0,0.0,1.0,10000.00756398781,1.0,False,0,0,1,1.0,1.0,0.0,PQ,,21163280.0,21163280.0
7 biomass,eGon2035,4,biomass,80.7398243713657,0.0,1.0,42.10801376241879,1.0,False,0,0,0,1.0,1.0,inf,PV,,80.7398243713657,80.7398243713657
7 central_biomass_CHP,eGon2035,4,central_biomass_CHP,70.96526373904494,0.0,1.0,42.108275854093975,1.0,False,0,0,0,1.0,1.0,inf,PV,,70.96526373904494,70.96526373904494
7 industrial_biomass_CHP,eGon2035,4,industrial_biomass_CHP,416.95946846916337,0.0,1.0,42.107832769225055,1.0,False,0,0,0,1.0,1.0,inf,PV,,416.95946846916337,416.95946846916337
7 load shedding,,4,load shedding,57074200.0,0.0,0.9999999999999999,10000.007839512959,0.9999999999999999,False,0,0,1,1.0,1.0,0.0,PQ,,57074200.0,57074200.0
7 oil,eGon2035,4,oil,120.0,0.0,1.0,101.85598764583955,1.0,False,0,0,0,1.0,1.0,inf,PV,,120.0,120.0
7 others,eGon2035,4,others,12.965762257350994,0.0,1.0000000000000002,0.006876366653832457,1.0000000000000002,False,0,0,0,1.0,1.0,inf,PV,,12.965762257350994,12.965762257350994
7 reservoir,eGon2035,4,reservoir,3.9381559248030067,0.0,0.6500000000000001,0.0075605462753222255,1.0,False,0,0,0,1.0,1.0,inf,PV,,3.9381559248030067,3.9381559248030067
7 run_of_river,eGon2035,4,run_of_river,66.27603991700839,0.0,0.6500000000000001,0.006995407402174292,1.0000000000000002,False,0,0,0,1.0,1.0,inf,PV,,66.27603991700839,66.27603991700839
7 solar,eGon2035,4,solar,3855.0062295266466,0.0,1.0,0.01788419816961247,1.0,False,0,0,0,1.0,1.0,inf,PV,,3855.0062295266466,3855.0062295266466
7 solar_rooftop,eGon2035,4,solar_rooftop,5046.060296688674,0.0,0.9999999999999999,0.018181434303104614,0.9999999999999999,False,0,0,0,1.0,1.0,inf,PV,,5046.060296688674,5046.060296688674
7 wind_onshore,eGon2035,4,wind_onshore,8216.045043285021,0.0,0.9999999999999998,1.3078019499993794,0.9999999999999998,False,0,0,0,1.0,1.0,inf,PV,,8216.045043285021,8216.045043285021
70037 load shedding,,69893,load shedding,12747960.0,0.0,1.0,10000.008856999819,1.0,False,0,0,1,1.0,1.0,0.0,PQ,,12747960.0,12747960.0
70235 load shedding,,69893,load shedding,17080600.0,0.0,1.0,10000.007937572527,1.0,False,0,0,1,1.0,1.0,0.0,PQ,,17080600.0,17080600.0
70366 load shedding,,69893,load shedding,23829520.0,0.0,1.0,10000.007674923147,1.0,False,0,0,1,1.0,1.0,0.0,PQ,,23829520.0,23829520.0
70567 load shedding,,69893,load shedding,29162000.0,0.0,1.0,10000.007519170871,1.0,False,0,0,1,1.0,1.0,0.0,PQ,,29162000.0,29162000.0
70568 CH4_NG,eGon2035,70568,CH4_NG,4184013.089589359,0.0,0.9999999999999999,40.98579021289704,0.9999999999999999,False,0,0,0,1.0,1.0,inf,Slack,,4184013.089589359,4184013.089589359
70568 CH4_biogas,eGon2035,70568,CH4_biogas,1673.76567,0.0,1.0,25.607335456821048,1.0,False,0,0,0,1.0,1.0,inf,PQ,,1673.76567,1673.76567
70568 load shedding,,70568,load shedding,51491760.0,0.0,1.0,10000.008117684672,1.0,False,0,0,1,1.0,1.0,0.0,PQ,,51491760.0,51491760.0
70582 load shedding,,70582,load shedding,51491760.0,0.0,1.0,10000.00821170492,1.0,False,0,0,1,1.0,1.0,0.0,Slack,,51491760.0,51491760.0
70583 central_biomass_CHP_heat,eGon2035,70583,central_biomass_CHP_heat,123.7714,0.0,0.9999999999999999,0.006714991416930727,0.9999999999999999,False,0,0,0,1.0,1.0,inf,Slack,,123.7714,123.7714
70583 load shedding,,70583,load shedding,13664480.0,0.0,1.0,10000.008487783438,1.0,False,0,0,1,1.0,1.0,0.0,PQ,,13664480.0,13664480.0
70583 solar_thermal_collector,eGon2035,70583,solar_thermal_collector,476.4221028767879,0.0,0.9999999999999998,0.008188266973256234,0.9999999999999998,False,0,0,0,1.0,1.0,inf,PQ,,476.4221028767879,476.4221028767879
70584 central_biomass_CHP_heat,eGon2035,70584,central_biomass_CHP_heat,103.39699999999999,0.0,1.0,0.009034795190889646,1.0,False,0,0,0,1.0,1.0,inf,Slack,,103.39699999999999,103.39699999999999
70584 load shedding,,70584,load shedding,17830480.0,0.0,0.9999999999999999,10000.008010309191,0.9999999999999999,False,0,0,1,1.0,1.0,0.0,PQ,,17830480.0,17830480.0
70584 solar_thermal_collector,eGon2035,70584,solar_thermal_collector,629.3265174500613,0.0,0.9999999999999998,0.008720183904670631,0.9999999999999998,False,0,0,0,1.0,1.0,inf,PQ,,629.3265174500613,629.3265174500613
70585 central_biomass_CHP_heat,eGon2035,70585,central_biomass_CHP_heat,1214.9227199999996,0.0,1.0000000000000004,0.00877885907737016,1.0000000000000004,False,0,0,0,1.0,1.0,inf,Slack,,1214.9227199999996,1214.9227199999996
70585 geo_thermal,eGon2035,70585,geo_thermal,11.055276265403933,0.0,1.0,0.007643582741453662,1.0,False,0,0,0,1.0,1.0,inf,PQ,,11.055276265403933,11.055276265403933
70585 load shedding,,70585,load shedding,25579240.0,0.0,1.0,10000.00800188381,1.0,False,0,0,1,1.0,1.0,0.0,PQ,,25579240.0,25579240.0
70585 solar_thermal_collector,eGon2035,70585,solar_thermal_collector,672.9918623739475,0.0,1.0,0.008099951613822435,1.0,False,0,0,0,1.0,1.0,inf,PQ,,672.9918623739475,672.9918623739475
70587 central_biomass_CHP_heat,eGon2035,70587,central_biomass_CHP_heat,155.1112,0.0,1.0,0.008821426502527598,1.0,False,0,0,0,1.0,1.0,inf,Slack,,155.1112,155.1112
70587 geo_thermal,eGon2035,70587,geo_thermal,381.95983268292684,0.0,1.0,0.009665990829746177,1.0,False,0,0,0,1.0,1.0,inf,PQ,,381.95983268292684,381.95983268292684
70587 load shedding,,70587,load shedding,25579240.0,0.0,1.0,10000.007778604193,1.0,False,0,0,1,1.0,1.0,0.0,PQ,,25579240.0,25579240.0
70587 solar_thermal_collector,eGon2035,70587,solar_thermal_collector,926.2777453707429,0.0,1.0,0.007411722256341999,1.0,False,0,0,0,1.0,1.0,inf,PQ,,926.2777453707429,926.2777453707429
70589 central_biomass_CHP_heat,eGon2035,70589,central_biomass_CHP_heat,51.346,0.0,1.0,0.007679661904842155,1.0,False,0,0,0,1.0,1.0,inf,Slack,,51.346,51.346
70589 load shedding,,70589,load shedding,9415160.0,0.0,1.0,10000.008799186253,1.0,False,0,0,1,1.0,1.0,0.0,PQ,,9415160.0,9415160.0
70589 solar_thermal_collector,eGon2035,70589,solar_thermal_collector,293.78047119152234,0.0,1.0000000000000002,0.007685373750199409,1.0000000000000002,False,0,0,0,1.0,1.0,inf,PQ,,293.78047119152234,293.78047119152234
70590 central_biomass_CHP_heat,eGon2035,70590,central_biomass_CHP_heat,113.24599999999998,0.0,1.0000000000000002,0.00670387240553096,1.0000000000000002,False,0,0,0,1.0,1.0,inf,Slack,,113.24599999999998,113.24599999999998
70590 load shedding,,70590,load shedding,17830480.0,0.0,0.9999999999999999,10000.007799324794,0.9999999999999999,False,0,0,1,1.0,1.0,0.0,PQ,,17830480.0,17830480.0
70590 solar_thermal_collector,eGon2035,70590,solar_thermal_collector,757.385543316437,0.0,0.9999999999999998,0.008505609683038682,0.9999999999999998,False,0,0,0,1.0,1.0,inf,PQ,,757.385543316437,757.385543316437
70591 central_biomass_CHP_heat,eGon2035,70591,central_biomass_CHP_heat,339.8055,0.0,1.0,0.008752989034587055,1.0,False,0,0,0,1.0,1.0,inf,Slack,,339.8055,339.8055
70591 load shedding,,70591,load shedding,30245160.0,0.0,1.0,10000.007671860742,1.0,False,0,0,1,1.0,1.0,0.0,PQ,,30245160.0,30245160.0
70591 solar_thermal_collector,eGon2035,70591,solar_thermal_collector,850.7696603535462,0.0,0.9999999999999999,0.008097908601094678,0.9999999999999999,False,0,0,0,1.0,1.0,inf,PQ,,850.7696603535462,850.7696603535462
70592 central_biomass_CHP_heat,eGon2035,70592,central_biomass_CHP_heat,163.5219,0.0,1.0,0.006117642142185238,1.0,False,0,0,0,1.0,1.0,inf,Slack,,163.5219,163.5219
70592 load shedding,,70592,load shedding,12498000.0,0.0,1.0,10000.008282040484,1.0,False,0,0,1,1.0,1.0,0.0,PQ,,12498000.0,12498000.0
70592 solar_thermal_collector,eGon2035,70592,solar_thermal_collector,77.4665424744341,0.0,1.0000000000000002,0.00816365517127637,1.0000000000000002,False,0,0,0,1.0,1.0,inf,PQ,,77.4665424744341,77.4665424744341
70593 central_biomass_CHP_heat,eGon2035,70593,central_biomass_CHP_heat,348.43,0.0,1.0,0.007468067005422458,1.0,False,0,0,0,1.0,1.0,inf,Slack,,348.43,348.43
70593 load shedding,,70593,load shedding,7582120.0,0.0,1.0,10000.006091910038,1.0,False,0,0,1,1.0,1.0,0.0,PQ,,7582120.0,7582120.0
70593 solar_thermal_collector,eGon2035,70593,solar_thermal_collector,149.10442401714948,0.0,1.0,0.007805162757322944,1.0,False,0,0,0,1.0,1.0,inf,PQ,,149.10442401714948,149.10442401714948
70594 central_biomass_CHP_heat,eGon2035,70594,central_biomass_CHP_heat,185.1008,0.0,1.0,0.007527538264133746,1.0,False,0,0,0,1.0,1.0,inf,Slack,,185.1008,185.1008
70594 load shedding,,70594,load shedding,12248040.0,0.0,1.0,10000.007456385627,1.0,False,0,0,1,1.0,1.0,0.0,PQ,,12248040.0,12248040.0
70594 solar_thermal_collector,eGon2035,70594,solar_thermal_collector,498.4534588678563,0.0,1.0000000000000002,0.008900681402059617,1.0000000000000002,False,0,0,0,1.0,1.0,inf,PQ,,498.4534588678563,498.4534588678563
70595 central_biomass_CHP_heat,eGon2035,70595,central_biomass_CHP_heat,62.519000000000005,0.0,0.9999999999999999,0.006568844531617788,0.9999999999999999,False,0,0,0,1.0,1.0,inf,Slack,,62.519000000000005,62.519000000000005
70595 load shedding,,70595,load shedding,8415320.0,0.0,1.0,10000.008386603584,1.0,False,0,0,1,1.0,1.0,0.0,PQ,,8415320.0,8415320.0
70595 solar_thermal_collector,eGon2035,70595,solar_thermal_collector,209.67653293632128,0.0,1.0,0.008145011441207158,1.0,False,0,0,0,1.0,1.0,inf,PQ,,209.67653293632128,209.67653293632128
70596 central_biomass_CHP_heat,eGon2035,70596,central_biomass_CHP_heat,140.951,0.0,1.0000000000000002,0.006437131774329795,1.0000000000000002,False,0,0,0,1.0,1.0,inf,Slack,,140.951,140.951
70596 geo_thermal,eGon2035,70596,geo_thermal,10.44693829880064,0.0,1.0,0.017860129565594025,1.0,False,0,0,0,1.0,1.0,inf,PQ,,10.44693829880064,10.44693829880064
70596 load shedding,,70596,load shedding,5999040.0,0.0,1.0,10000.007979232476,1.0,False,0,0,1,1.0,1.0,0.0,PQ,,5999040.0,5999040.0
70596 solar_thermal_collector,eGon2035,70596,solar_thermal_collector,340.8190775350124,0.0,1.0000000000000002,0.007421636002325375,1.0000000000000002,False,0,0,0,1.0,1.0,inf,PQ,,340.8190775350124,340.8190775350124
70597 central_biomass_CHP_heat,eGon2035,70597,central_biomass_CHP_heat,260.32590000000005,0.0,0.9999999999999998,0.007479366622959962,0.9999999999999998,False,0,0,0,1.0,1.0,inf,Slack,,260.32590000000005,260.32590000000005
70597 geo_thermal,eGon2035,70597,geo_thermal,4.619110577767425,0.0,1.0,0.0076816406176103795,1.0,False,0,0,0,1.0,1.0,inf,PQ,,4.619110577767425,4.619110577767425
70597 load shedding,,70597,load shedding,9831760.0,0.0,1.0,10000.006992291826,1.0,False,0,0,1,1.0,1.0,0.0,PQ,,9831760.0,9831760.0
70597 solar_thermal_collector,eGon2035,70597,solar_thermal_collector,432.31132522052445,0.0,1.0000000000000002,0.008951601640310596,1.0000000000000002,False,0,0,0,1.0,1.0,inf,PQ,,432.31132522052445,432.31132522052445
70598 central_biomass_CHP_heat,eGon2035,70598,central_biomass_CHP_heat,1.753,0.0,1.0,0.005208316561416652,1.0,False,0,0,0,1.0,1.0,inf,Slack,,1.753,1.753
70598 load shedding,,70598,load shedding,1083160.0,0.0,1.0,10000.00949343383,1.0,False,0,0,1,1.0,1.0,0.0,PQ,,1083160.0,1083160.0
70598 solar_thermal_collector,eGon2035,70598,solar_thermal_collector,52.85094302681895,0.0,1.0,0.006204019456852675,1.0,False,0,0,0,1.0,1.0,inf,PQ,,52.85094302681895,52.85094302681895
70599 central_biomass_CHP_heat,eGon2035,70599,central_biomass_CHP_heat,122.0305,0.0,0.9999999999999999,0.008133060841205405,0.9999999999999999,False,0,0,0,1.0,1.0,inf,Slack,,122.0305,122.0305
70599 geo_thermal,eGon2035,70599,geo_thermal,324.32525659820476,0.0,1.0,0.00674935583525925,1.0,False,0,0,0,1.0,1.0,inf,PQ,,324.32525659820476,324.32525659820476
70599 load shedding,,70599,load shedding,9165200.0,0.0,1.0,10000.008383187658,1.0,False,0,0,1,1.0,1.0,0.0,PQ,,9165200.0,9165200.0
70599 solar_thermal_collector,eGon2035,70599,solar_thermal_collector,376.02543194216196,0.0,1.0,0.0053106235182683375,1.0,False,0,0,0,1.0,1.0,inf,PQ,,376.02543194216196,376.02543194216196
70601 central_biomass_CHP_heat,eGon2035,70601,central_biomass_CHP_heat,4419.0689999999995,0.0,1.0,0.008129031523233542,1.0,False,0,0,0,1.0,1.0,inf,Slack,,4419.0689999999995,4419.0689999999995
70601 load shedding,,70601,load shedding,4832560.0,0.0,1.0,10000.007986480474,1.0,False,0,0,1,1.0,1.0,0.0,PQ,,4832560.0,4832560.0
70601 solar_thermal_collector,eGon2035,70601,solar_thermal_collector,83.79989950821391,0.0,1.0,0.006239603423998425,1.0,False,0,0,0,1.0,1.0,inf,PQ,,83.79989950821391,83.79989950821391
70602 central_biomass_CHP_heat,eGon2035,70602,central_biomass_CHP_heat,10.831700000000001,0.0,0.9999999999999999,0.005358352073972086,0.9999999999999999,False,0,0,0,1.0,1.0,inf,Slack,,10.831700000000001,10.831700000000001
70602 geo_thermal,eGon2035,70602,geo_thermal,5.367628995430056,0.0,1.0,0.00734961301335962,1.0,False,0,0,0,1.0,1.0,inf,PQ,,5.367628995430056,5.367628995430056
70602 load shedding,,70602,load shedding,166640.0,0.0,1.0,10000.008509518526,1.0,False,0,0,1,1.0,1.0,0.0,PQ,,166640.0,166640.0
70604 central_biomass_CHP_heat,eGon2035,70604,central_biomass_CHP_heat,4.003,0.0,1.0,0.01210207549488105,1.0,False,0,0,0,1.0,1.0,inf,Slack,,4.003,4.003
70604 geo_thermal,eGon2035,70604,geo_thermal,174.69447588676059,0.0,1.0,0.012056819594287093,1.0,False,0,0,0,1.0,1.0,inf,PQ,,174.69447588676059,174.69447588676059
70604 load shedding,,70604,load shedding,166640.0,0.0,1.0,10000.002995066206,1.0,False,0,0,1,1.0,1.0,0.0,PQ,,166640.0,166640.0
70605 load shedding,,70605,load shedding,13664480.0,0.0,1.0,10000.007440810654,1.0,False,0,0,1,1.0,1.0,0.0,Slack,,13664480.0,13664480.0
70606 load shedding,,70606,load shedding,17830480.0,0.0,0.9999999999999999,10000.00740639933,0.9999999999999999,False,0,0,1,1.0,1.0,0.0,Slack,,17830480.0,17830480.0
70607 load shedding,,70607,load shedding,25579240.0,0.0,1.0,10000.008039276021,1.0,False,0,0,1,1.0,1.0,0.0,Slack,,25579240.0,25579240.0
70608 load shedding,,70608,load shedding,25579240.0,0.0,1.0,10000.008207345509,1.0,False,0,0,1,1.0,1.0,0.0,Slack,,25579240.0,25579240.0
70609 load shedding,,70609,load shedding,9415160.0,0.0,1.0,10000.009249669472,1.0,False,0,0,1,1.0,1.0,0.0,Slack,,9415160.0,9415160.0
70610 load shedding,,70610,load shedding,17830480.0,0.0,0.9999999999999999,10000.008148264355,0.9999999999999999,False,0,0,1,1.0,1.0,0.0,Slack,,17830480.0,17830480.0
70611 load shedding,,70611,load shedding,30245160.0,0.0,1.0,10000.007949507304,1.0,False,0,0,1,1.0,1.0,0.0,Slack,,30245160.0,30245160.0
70612 load shedding,,70612,load shedding,12498000.0,0.0,1.0,10000.008030236442,1.0,False,0,0,1,1.0,1.0,0.0,Slack,,12498000.0,12498000.0
70613 load shedding,,70613,load shedding,7582120.0,0.0,1.0,10000.008282076342,1.0,False,0,0,1,1.0,1.0,0.0,Slack,,7582120.0,7582120.0
70614 load shedding,,70614,load shedding,12248040.0,0.0,1.0,10000.007512059192,1.0,False,0,0,1,1.0,1.0,0.0,Slack,,12248040.0,12248040.0
70615 load shedding,,70615,load shedding,8415320.0,0.0,1.0,10000.007026619112,1.0,False,0,0,1,1.0,1.0,0.0,Slack,,8415320.0,8415320.0
70616 load shedding,,70616,load shedding,5999040.0,0.0,1.0,10000.007233878032,1.0,False,0,0,1,1.0,1.0,0.0,Slack,,5999040.0,5999040.0
70617 load shedding,,70617,load shedding,9831760.0,0.0,1.0,10000.008061983766,1.0,False,0,0,1,1.0,1.0,0.0,Slack,,9831760.0,9831760.0
70618 load shedding,,70618,load shedding,1083160.0,0.0,1.0,10000.005216423424,1.0,False,0,0,1,1.0,1.0,0.0,Slack,,1083160.0,1083160.0
70619 load shedding,,70619,load shedding,9165200.0,0.0,1.0,10000.007873195684,1.0,False,0,0,1,1.0,1.0,0.0,Slack,,9165200.0,9165200.0
70620 load shedding,,70620,load shedding,4832560.0,0.0,1.0,10000.00852518886,1.0,False,0,0,1,1.0,1.0,0.0,Slack,,4832560.0,4832560.0
70621 load shedding,,70621,load shedding,166640.0,0.0,1.0,10000.004025772185,1.0,False,0,0,1,1.0,1.0,0.0,Slack,,166640.0,166640.0
70622 load shedding,,70622,load shedding,166640.0,0.0,1.0,10000.005151766014,1.0,False,0,0,1,1.0,1.0,0.0,Slack,,166640.0,166640.0
8 biomass,eGon2035,4,biomass,129.4488145937922,0.0,1.0,42.10783739015784,1.0,False,0,0,0,1.0,1.0,inf,PV,,129.4488145937922,129.4488145937922
8 central_biomass_CHP,eGon2035,4,central_biomass_CHP,147.82935415738942,0.0,1.0,42.10725649675343,1.0,False,0,0,0,1.0,1.0,inf,PV,,147.82935415738942,147.82935415738942
8 industrial_biomass_CHP,eGon2035,4,industrial_biomass_CHP,259.3018998737679,0.0,1.0,42.108006746036104,1.0,False,0,0,0,1.0,1.0,inf,PV,,259.3018998737679,259.3018998737679
8 load shedding,,4,load shedding,125646560.0,0.0,1.0,10000.008014841897,1.0,False,0,0,1,1.0,1.0,0.0,PQ,,125646560.0,125646560.0
8 oil,eGon2035,4,oil,65.6,0.0,1.0,101.84071837750848,1.0,False,0,0,0,1.0,1.0,inf,PV,,65.6,65.6
8 others,eGon2035,4,others,354.9385985441019,0.0,1.0,0.008413042539616378,1.0,False,0,0,0,1.0,1.0,inf,PV,,354.9385985441019,354.9385985441019
8 reservoir,eGon2035,4,reservoir,48.55661567865759,0.0,0.6500000000000001,0.006418513637949377,1.0000000000000002,False,0,0,0,1.0,1.0,inf,PV,,48.55661567865759,48.55661567865759
8 run_of_river,eGon2035,4,run_of_river,4.386140920004269,0.0,0.65,0.007640226728280353,1.0,False,0,0,0,1.0,1.0,inf,PV,,4.386140920004269,4.386140920004269
8 solar,eGon2035,4,solar,506.2506201473568,0.0,1.0,0.01745319660696942,1.0,False,0,0,0,1.0,1.0,inf,PV,,506.2506201473568,506.2506201473568
8 solar_rooftop,eGon2035,4,solar_rooftop,12201.044512050124,0.0,1.0,0.018289574988547507,1.0,False,0,0,0,1.0,1.0,inf,PV,,12201.044512050124,12201.044512050124
8 wind_offshore,eGon2035,4,wind_offshore,1250.0,0.0,1.0,2.561248197292206,1.0,False,0,0,0,1.0,1.0,inf,PV,,1250.0,1250.0
8 wind_onshore,eGon2035,4,wind_onshore,3483.904771725818,0.0,0.9999999999999999,1.3084436699694728,0.9999999999999999,False,0,0,0,1.0,1.0,inf,PV,,3483.904771725818,3483.904771725818
9 biomass,eGon2035,4,biomass,68.76598705448791,0.0,1.0,42.10907356558959,1.0,False,0,0,0,1.0,1.0,inf,PV,,68.76598705448791,68.76598705448791
9 central_biomass_CHP,eGon2035,4,central_biomass_CHP,73.43725292643371,0.0,1.0,42.108724025475475,1.0,False,0,0,0,1.0,1.0,inf,PV,,73.43725292643371,73.43725292643371
9 industrial_biomass_CHP,eGon2035,4,industrial_biomass_CHP,962.9386062070483,0.0,1.0,42.10801770735102,1.0,False,0,0,0,1.0,1.0,inf,PV,,962.9386062070483,962.9386062070483
9 load shedding,,4,load shedding,53991360.0,0.0,1.0,10000.007810017767,1.0,False,0,0,1,1.0,1.0,0.0,PQ,,53991360.0,53991360.0
9 others,eGon2035,4,others,71.76609549927517,0.0,1.0,0.00850825113605064,1.0,False,0,0,0,1.0,1.0,inf,PV,,71.76609549927517,71.76609549927517
9 reservoir,eGon2035,4,reservoir,191.5590395171949,0.0,0.6500000000000001,0.00905388455948621,1.0,False,0,0,0,1.0,1.0,inf,PV,,191.5590395171949,191.5590395171949
9 run_of_river,eGon2035,4,run_of_river,1890.1184122073557,0.0,0.6500000000000001,0.007725118167003129,1.0000000000000002,False,0,0,0,1.0,1.0,inf,PV,,1890.1184122073557,1890.1184122073557
9 solar,eGon2035,4,solar,4766.800363952095,0.0,1.0,0.017206706305751388,1.0,False,0,0,0,1.0,1.0,inf,PV,,4766.800363952095,4766.800363952095
9 solar_rooftop,eGon2035,4,solar_rooftop,9109.848469600718,0.0,1.0,0.017957692958460753,1.0,False,0,0,0,1.0,1.0,inf,PV,,9109.848469600718,9109.848469600718
9 wind_onshore,eGon2035,4,wind_onshore,1140.989007065068,0.0,0.9999999999999999,1.3074645033358423,0.9999999999999999,False,0,0,0,1.0,1.0,inf,PV,,1140.989007065068,1140.989007065068
