,0 solar,0 solar_rooftop,0 wind_offshore,0 wind_onshore,1 solar,1 solar_rooftop,1 wind_onshore,10 solar,10 solar_rooftop,10 wind_onshore,11 solar,11 solar_rooftop,11 wind_onshore,12 solar,12 solar_rooftop,12 wind_offshore,12 wind_onshore,13 solar,13 solar_rooftop,13 wind_onshore,14 solar,14 solar_rooftop,14 wind_offshore,14 wind_onshore,15 solar,15 solar_rooftop,15 wind_onshore,2 solar,2 solar_rooftop,2 wind_onshore,3 solar,3 solar_rooftop,3 wind_offshore,3 wind_onshore,4 solar,4 solar_rooftop,4 wind_onshore,43761 solar,43761 wind_onshore,43762 solar,43762 wind_offshore,43762 wind_onshore,43763 solar,43763 wind_onshore,43764 solar,43764 wind_onshore,43765 solar,43765 wind_offshore,43765 wind_onshore,43766 solar,43766 wind_offshore,43766 wind_onshore,43767 solar,43767 wind_offshore,43767 wind_onshore,43768 solar,43768 wind_onshore,43769 solar,43769 wind_offshore,43769 wind_onshore,43771 solar,43771 wind_offshore,43771 wind_onshore,43772 solar,43772 wind_onshore,43773 solar,43773 wind_offshore,43773 wind_onshore,43774 solar,43774 wind_offshore,43774 wind_onshore,5 solar,5 solar_rooftop,5 wind_offshore,5 wind_onshore,6 solar,6 solar_rooftop,6 wind_offshore,6 wind_onshore,7 solar,7 solar_rooftop,7 wind_onshore,70583 solar_thermal_collector,70584 solar_thermal_collector,70585 solar_thermal_collector,70587 solar_thermal_collector,70589 solar_thermal_collector,70590 solar_thermal_collector,70591 solar_thermal_collector,70592 solar_thermal_collector,70593 solar_thermal_collector,70594 solar_thermal_collector,70595 solar_thermal_collector,70596 solar_thermal_collector,70597 solar_thermal_collector,70598 solar_thermal_collector,70599 solar_thermal_collector,70601 solar_thermal_collector,8 solar,8 solar_rooftop,8 wind_offshore,8 wind_onshore,9 solar,9 solar_rooftop,9 wind_onshore
0,0.0,0.0,1.0,0.524905348338392,0.0,0.0,0.7268936668406066,0.0,0.0,0.8359146998351112,0.0,0.0,0.005994026199141975,0.0,0.0,0.9999999999999998,0.8962457259392985,0.0,0.0,0.018981051747214317,0.0,0.0,0.9999999999928186,0.8598752485186186,0.0,0.0,0.26520896892276,0.0,0.0,0.019455935328307934,0.0,0.0,1.0,0.9789763548080018,0.0,0.0,0.015482825767176892,0.0,0.06328523216430669,0.0,0.17775079818891412,0.02765406283394632,0.0,0.0,0.0,0.19710966208762665,0.0,1.0000000000000007,0.9999999999999999,0.0,0.9999999999999998,0.9999999999999997,0.0,0.047418367482549705,0.03786492533629155,0.0,0.20734492841322755,0.0,0.6279229865340802,0.2553606168862889,0.0,0.908871330117129,0.5205892822761927,0.0,0.5558633554251331,0.0,1.0,0.6663656725976709,0.0,0.8441435052928603,0.4736278064088194,0.0,0.0,1.0,0.9956422505018004,0.0,0.0,0.9999999999999494,0.6952371915087184,0.0,0.0,0.48997748270596153,0.0,0.0,0.0,0.0,0.0,0.0,0.0,0.0,0.0,0.0,0.0,0.0,0.0,0.0,0.0,0.0,0.0,0.0,1.0,0.2617050614600037,0.0,0.0,0.05149377243778372
1,0.0,0.0,1.0,0.597801317853139,0.0,0.0,0.781436380601776,0.0,0.0,0.8855551973014018,0.0,0.0,0.005997107856554406,0.0,0.0,0.9999999999999998,0.9266974423922983,0.0,0.0,0.02067415122758294,0.0,0.0,0.9999999999955975,0.8902685364440901,0.0,0.0,0.30922028701932813,0.0,0.0,0.022814494766179253,0.0,0.0,1.0,0.99288432238211,0.0,0.0,0.017081855902622213,0.0,0.06440416211814774,0.0,0.21736291248682107,0.03739248461157575,0.0,0.0,0.0,0.2165469873290312,0.0,1.0000000000000007,0.9999999999999999,0.0,0.9999999999999998,0.9999999999999997,0.0,0.0403908824892239,0.03349067254181468,0.0,0.21729387699973363,0.0,0.624849616200095,0.25000522244141815,0.0,0.9243135006388433,0.5741872097520999,0.0,0.5503740646898987,0.0,1.0,0.7591297242358597,0.0,0.8223647278152663,0.5114978763833788,0.0,0.0,1.0,0.997702104916268,0.0,0.0,0.9999999999999034,0.7541801615542089,0.0,0.0,0.5512598271041715,0.0,0.0,0.0,0.0,0.0,0.0,0.0,0.0,0.0,0.0,0.0,0.0,0.0,0.0,0.0,0.0,0.0,0.0,1.0,0.3291863279563341,0.0,0.0,0.05266980767319429
2,0.0,0.0,1.0,0.6571461811383109,0.0,0.0,0.8348484716671383,0.0,0.0,0.9105725581362576,0.0,0.0,0.004958954089487006,0.0,0.0,0.9999999999999998,0.9502361427929241,0.0,0.0,0.023281550699922368,0.0,0.0,0.9999999999952216,0.9007934216143626,0.0,0.0,0.36156240450961946,0.0,0.0,0.02577607484798532,0.0,0.0,1.0,0.9978356309753832,0.0,0.0,0.01694241130612788,0.0,0.0722486346113671,0.0,0.2587914516755575,0.050017010970760195,0.0,0.0,0.0,0.24392200258588792,0.0,1.0000000000000007,0.9999999999999999,0.0,0.9999999999999998,0.9999999999999997,0.0,0.03876230341729038,0.029160011280540493,0.0,0.24411802553449924,0.0,0.6364971592602252,0.2493171762909212,0.0,0.9327913144498587,0.5983215538879862,0.0,0.536354224162316,0.0,1.0,0.8289809606029411,0.0,0.8034564396477402,0.5549980004111604,0.0,0.0,1.0,0.9979322276414847,0.0,0.0,0.9999999999997389,0.7694808381463922,0.0,0.0,0.6042400466097717,0.0,0.0,0.0,0.0,0.0,0.0,0.0,0.0,0.0,0.0,0.0,0.0,0.0,0.0,0.0,0.0,0.0,0.0,1.0,0.384816973002251,0.0,0.0,0.05918812208159111
3,0.0,0.0,1.0,0.6878653690232004,0.0,0.0,0.8950692756806299,0.0,0.0,0.9249219704743734,0.0,0.0,0.003019755779620818,0.0,0.0,0.9999999999999998,0.9720385394996455,0.0,0.0,0.029072228871626343,0.0,0.0,0.9999999999962672,0.8957947266443701,0.0,0.0,0.40602724199593376,0.0,0.0,0.0343947828434925,0.0,0.0,1.0,0.9993174937661223,0.0,0.0,0.014074177435674575,0.0,0.0772989345732826,0.0,0.32408118058107815,0.06479725711239231,0.0,0.0,0.0,0.27139626330534433,0.0,1.0000000000000007,0.9999999999999999,0.0,0.9999999999999998,0.9999999999999997,0.0,0.04171253374942855,0.027771432377665224,0.0,0.2545112565823444,0.0,0.6538127143869102,0.24402112533860756,0.0,0.9398354206271338,0.6045507919465388,0.0,0.5151596062458303,0.0,1.0,0.8931864013127128,0.0,0.82080805530237,0.58504125018252,0.0,0.0,1.0,0.9983678294205712,0.0,0.0,0.9999999999995999,0.7579467069902658,0.0,0.0,0.677143531159717,0.0,0.0,0.0,0.0,0.0,0.0,0.0,0.0,0.0,0.0,0.0,0.0,0.0,0.0,0.0,0.0,0.0,0.0,1.0,0.4297084222625316,0.0,0.0,0.06217781163675296
4,0.0,0.0,1.0,0.6834301661380575,0.0,0.0,0.930824439013092,0.0,0.0,0.9340069576161931,0.0,0.0,0.0029109892874446823,0.0,0.0,0.9999999999999998,0.983801528403347,0.0,0.0,0.03879749674881073,0.0,0.0,0.9999999999970108,0.8971129859670354,0.0,0.0,0.44289077124519294,0.0,0.0,0.04650774454387404,0.0,0.0,1.0,0.9997931862035712,0.0,0.0,0.02073103917043535,0.0,0.09485383231465419,0.0,0.3752840707163608,0.07992801203965269,0.0,0.0,0.0,0.30307407361651123,0.0,1.0000000000000007,0.9999999999999999,0.0,0.9999999999999998,0.9999999999999997,0.0,0.04282907229087459,0.026312587535607734,0.0,0.2692516288886528,0.0,0.6578175356800302,0.24680247537612343,0.0,0.9342991382545388,0.5846394684675428,0.0,0.48952819890139865,0.0,1.0,0.9335827737532204,0.0,0.8732234613751894,0.6033456347911265,0.0,0.0,1.0,0.9988936783130973,0.0,0.0,0.9999999999996556,0.7464425225016605,0.0,0.0,0.7276949083363861,0.0,0.0,0.0,0.0,0.0,0.0,0.0,0.0,0.0,0.0,0.0,0.0,0.0,0.0,0.0,0.0,0.0,0.0,1.0,0.45804569497998954,0.0,0.0,0.07972832405251086
5,0.0,0.0,0.9999999999990661,0.7245499968353916,0.0,0.0,0.9500130736464415,0.0,0.0,0.940852742712445,0.0,0.0,0.003181789515953561,0.0,0.0,0.9999999999999998,0.9887307420003886,0.0,0.0,0.047625352210537236,0.0,0.0,0.9999999999967626,0.9192840860572337,0.0,0.0,0.4941733341578834,0.0,0.0,0.05293562388481557,0.0,0.0,1.0,0.9998673781648436,0.0,0.0,0.02852970027888619,0.0,0.10577984055883148,0.0,0.39728278792238425,0.0847932791051686,0.0,0.0,0.0,0.354157592377809,0.0,1.0000000000000007,0.9999866016096878,0.0,0.9999999999999998,0.9999999999999997,0.0,0.044426785930280266,0.028127907185952355,0.0,0.27560493972099825,0.0,0.6689098944005835,0.24882730178965998,0.0,0.92206298592325,0.5786818801254113,0.0,0.4704314699174932,0.0,1.0,0.9607397848638156,0.0,0.893708735610931,0.617014523048195,0.0,0.0,1.0,0.9969918212648683,0.0,0.0,0.999999999999547,0.785752583832138,0.0,0.0,0.7731874128641414,0.0,0.0,0.0,0.0,0.0,0.0,0.0,0.0,0.0,0.0,0.0,0.0,0.0,0.0,0.0,0.0,0.0,0.0,1.0,0.48127101351334944,0.0,0.0,0.09373489828067613
6,0.0,0.0,0.9999999999918423,0.7604780884895133,0.0,0.0,0.963542481816427,0.0,0.0,0.932726636403029,0.0,0.0,0.004364123160633749,0.0,0.0,0.9999999999999998,0.9918806181591863,0.0,0.0,0.06910280447476595,0.0,0.0,0.9999999999874264,0.9142870650171316,0.0,0.0,0.5561044956223005,0.0,0.0,0.06252575184380427,0.0,0.0,1.0,0.9999388347580925,0.0,0.0,0.041667023939271144,0.0,0.10920986663287865,0.0,0.43252787557023264,0.09018142964373682,0.0,0.0,0.0,0.4200589847876667,0.0,1.0000000000000007,0.9998815918343463,0.0,0.9999999999999998,0.9999999999999997,0.0,0.05367573666253397,0.029874551341271236,0.0,0.27377618736388937,0.0,0.6850244019343829,0.24541045468605655,0.0,0.9208506488552229,0.5940076359282092,0.0,0.4549505469380295,0.0,1.0,0.9699869513245992,0.0,0.8925811088472501,0.6218385502476016,0.0,0.0,1.0,0.993636687044188,0.0,0.0,0.9999636363964559,0.8178747851125701,0.0,0.0,0.8040195593496756,0.0,0.0,0.0,0.0,0.0,0.0,0.0,0.0,0.0,0.0,0.0,0.0,0.0,0.0,0.0,0.0,0.0,0.0,0.9999999999934539,0.5163065892545003,0.0,0.0,0.11231337279216594
7,0.0,0.0,0.9998446151062124,0.7561486083777218,0.0,0.0,0.9752407941353505,0.0,0.0,0.9067874400588795,0.0,0.0,0.006406023772447281,0.0,0.0,0.9999999999999998,0.9920639007933537,0.0,0.0,0.11093159972715218,0.0,0.0,0.9998617044735598,0.8644554751403969,0.0,0.0,0.5769423501009147,0.0,0.0,0.08924207584047854,0.0,0.0,1.0,0.9999834855718076,0.0,0.0,0.06375479301530301,0.0,0.12994707618285967,0.0,0.42163127630478037,0.10797879667356902,0.0,0.0,0.0,0.47589790576750907,0.0,1.0000000000000007,0.999315577028605,0.0,0.9999999999999998,0.9999999999999997,0.0,0.06843184088298127,0.03120396552947174,0.0,0.2513917955287989,0.0,0.6916009584898571,0.23435364406592618,0.0,0.9183172784937672,0.5922625717982397,0.0,0.4442336423561903,0.0,1.0,0.9750020917454545,0.0,0.8964115152720931,0.6230712030821066,0.0,0.0,1.0,0.9918456920714417,0.0,0.0,0.9995075172619766,0.7910077979222919,0.0,0.0,0.8184283883091739,0.0,0.0,0.0,0.0,0.0,0.0,0.0,0.0,0.0,0.0,0.0,0.0,0.0,0.0,0.0,0.0,0.0,0.0,0.9996892302248473,0.5443267882241151,0.0,0.0,0.15092182649966712
8,0.0,0.0,0.9997181469881755,0.7243351377027242,0.0017153807037096956,0.0025995529805596883,0.9780379250094344,0.0,0.0,0.8790438882114938,0.009059299018444645,0.005028228078875617,0.010822051562513459,0.00037683107710735343,0.0003986232155471478,0.9999999999999998,0.9878269163903455,0.0016862913461865281,0.0012994010153431382,0.15774359105388294,0.0,0.0,0.999749145438227,0.8025321761058821,0.00011164920905418626,7.215982054757139e-05,0.5735734061885591,0.00020157057688050732,0.00025512767672922486,0.14022348640929716,0.0002541609126962855,0.00015779933613805548,1.0,0.999939841098639,0.027201358290030588,0.01918396989190659,0.08437134655939062,0.06152118474578927,0.14450064612625568,0.0,0.3612316785188629,0.1349710315763404,0.03354678911986954,0.0,0.02525624561534172,0.4890318237996949,0.0,1.0000000000000007,0.9973358359221617,0.0,0.9999999999999998,0.9999999999999997,0.0,0.07504879063396178,0.03049740136992049,0.0,0.2444909135971832,0.0,0.6732143491436549,0.22133349756980394,0.0,0.915341436252793,0.5471310196904349,0.0,0.4275128528227987,0.015742905048566305,1.0,0.9805070651650416,0.0,0.9109825618409236,0.6094441257529863,0.0,0.0,1.0,0.9926142877189637,0.0,0.0,0.9988393119025137,0.7103130636221466,0.001877330740278823,0.0016110192145668252,0.8222043944844443,0.0,0.0,0.0,0.0,0.0,0.0,0.0,0.0,0.0,0.0,0.0,0.0,0.0,0.0,0.0,0.0,0.0,0.0,0.9994362939904562,0.5554234920161201,0.02001054671678918,0.014401664125819348,0.18870779910472932
9,0.003295427410357464,0.0026315938558607753,0.9995560441545028,0.6857351742818771,0.018986496087270877,0.024328039587734673,0.9790080657131062,0.02628098334970152,0.013974572276528695,0.8598280909339096,0.10253356000343367,0.06837375861142223,0.013951451287881255,0.03847943248128511,0.042347024219070044,0.9999999999999998,0.9810295884863295,0.046526905188374774,0.05123731715392386,0.1999585580118771,0.027093741715631937,0.017884577691628243,0.9997529140619488,0.7587520058754276,0.018831211592274483,0.015164640273839859,0.6008939170868188,0.05662615894635706,0.060792921440992076,0.1715162944347123,0.042937635850168,0.026501046052857618,1.0,0.9997238803428559,0.14534020251366242,0.10453853273769459,0.0939618566098132,0.20514084277438613,0.156446689461228,0.0,0.3026695800948711,0.1462025809948842,0.19815395037766032,0.0,0.09843916569271143,0.5286289434520786,0.05509687723943958,1.0000000000000007,0.9896643321505718,0.08993489423274942,0.9999999999999998,0.9999999999999997,0.04650910384069622,0.07438240301665994,0.02863642377743015,0.0,0.23949556160881239,0.0,0.6298428826339911,0.2047092899856466,0.0,0.9027471906591341,0.4777353816792416,0.0,0.4113815617977926,0.06850226531310394,1.0,0.9838106884975354,0.029257518154985066,0.9141677883276969,0.5827751616165732,0.0917645441916281,0.09323425226017532,1.0,0.9936991925668094,0.007593486362966167,0.005941513301026355,0.9988995274104605,0.6171191445813026,0.02197162754046383,0.021224786516933956,0.8304869603412101,0.0,0.0,0.0,0.0,0.0,0.0,0.0,0.0,0.0,0.0,0.0,0.0,0.0,0.0,0.0,0.0,0.0063007529448330084,0.006136696897745771,0.9994447626230125,0.5590252986416439,0.0817027884452618,0.06206412956117456,0.2024922194944031
10,0.012862004937189135,0.010848710341164141,0.9999999999923989,0.5393569137456071,0.038281429872016014,0.04919015556037094,0.9334254530269355,0.12120756820717518,0.06853787623483192,0.7578385092949701,0.21751421050993694,0.16224170887170467,0.011473621314065725,0.11097710216612543,0.10690296448044596,0.9999999999999998,0.9300781635600133,0.08844239159267839,0.09528903824056537,0.2032348569529897,0.1816334836380571,0.14604791816388288,0.9999970448246116,0.6789017437052951,0.04323782484440446,0.0356703231682781,0.5637132365246886,0.07096860135843361,0.06903451195685188,0.12997128926199925,0.17713668327896792,0.08811537887210051,1.0,0.9946843096938331,0.3251508825156456,0.24494579676029998,0.07871278395877832,0.3290473056379943,0.11557287285961267,0.019983603655785227,0.18441253670300262,0.12522440061230442,0.3641821988272724,0.0,0.17314386119958436,0.4103097310569748,0.19314030367866017,1.0000000000000007,0.9586461998661958,0.23708101735439396,0.9999999999999998,0.9999985041548043,0.11448558837122588,0.0681073944980422,0.017662200283599102,0.010274992016813093,0.21500324322764316,0.011681847521056898,0.5213181035227912,0.1677307114506257,0.01599147239571931,0.8158748852639032,0.3393445202333596,0.029277852686194334,0.46973751870779445,0.11439166905499616,1.0,0.9706074356489027,0.08087811678434093,0.9195299257008493,0.5584877716381811,0.2591993161629048,0.2560585639943225,1.0,0.9802169898030751,0.06759653825825394,0.0535403782083473,0.9994162918852287,0.44240577422704563,0.055109977372757156,0.050103423225859145,0.7724186860923222,0.0054532111625940445,0.0034611772230913078,0.004615000874115118,0.001260329856349182,0.0,0.0,0.0002015755923512445,0.0,0.0,0.0,0.0,0.005309900230846099,0.014009932330355367,0.0,0.01693162196352401,0.0,0.0181673423962124,0.019305543350416687,0.9999999999866453,0.44116873569915477,0.16692406472179872,0.1327540857094974,0.1857080809497867
11,0.03360329749446908,0.03094433230802158,0.9999999999931819,0.504572880569624,0.041955744318317285,0.05192944301900724,0.9496803794998935,0.24503812955768636,0.1509791289600008,0.7237228672021083,0.2937075533153477,0.2175292126270111,0.00693019748185089,0.23098658396960867,0.190617274017947,0.9999999999999998,0.9308093082504337,0.1117839264336231,0.11367316913756426,0.19463889642091342,0.36491868713227715,0.3365481640375287,0.9999845118237888,0.6581317730999536,0.05418651308216952,0.04576777375197511,0.6036523988858825,0.12333656577709609,0.1304850434084774,0.14592681580809785,0.25283015047570173,0.16269761586725212,1.0,0.996060064065092,0.36907233235158454,0.27204757226665044,0.07374840398043786,0.3920542022241978,0.14756534667885896,0.02883174333555395,0.2031954526788788,0.13156417793914368,0.4305988939139649,0.0,0.2037490161767564,0.485900982211276,0.2869810346365071,0.9999879583167789,0.8942163707070264,0.3343418502819083,0.9999999999999998,0.9990311681432541,0.16634306757924242,0.06815530212462168,0.01424937057115493,0.05856676335137698,0.21438352964952806,0.03522953930923406,0.4888916671004504,0.15848750779346657,0.06978415017319141,0.8057369045611571,0.29989921724367014,0.06455176680294736,0.4127713117689953,0.13413073038962856,1.0,0.9760755559955364,0.1259045544675218,0.9162755037991492,0.5060011139822691,0.357972918723134,0.35771392100511495,1.0,0.97072887135427,0.20232114285568997,0.1612908354307577,0.9995896505998556,0.39535792985181056,0.0771752070480498,0.06923340506747319,0.7797601051201054,0.011798852820851264,0.007495355368678955,0.007601801269562638,0.0018232564548654874,0.0,0.0,0.0011943517459122425,0.0,0.0,0.0,0.0761111658802654,0.0469870404605065,0.0766898615643364,0.11708290460169489,0.1205125881589764,0.10616408385774921,0.01877760666067084,0.02176520613226404,0.9999999999879916,0.4478406434658663,0.21102186010574492,0.17329248735623337,0.21547177791937494
12,0.09074883065170843,0.09009792193856779,1.0,0.45277577141617736,0.07387091813542702,0.055510695058819885,0.950357755647648,0.326786216867846,0.22817278073311192,0.722179436783649,0.38656766946062376,0.2984934112506393,0.00890881820581183,0.3064410372275772,0.2617032591716305,0.9999999999999998,0.9235876946079693,0.1514980716229024,0.16249236491059818,0.2041250591986569,0.44669189019293376,0.4307295041110518,0.9999875359832754,0.6940572737152357,0.0787282208598318,0.06527508972672255,0.5934711856601763,0.11941821300539916,0.1250103203216355,0.18220831048379557,0.36315277377136557,0.27969847277639415,1.0,0.9955061321352976,0.4316954910652252,0.3259196442955946,0.08312122601039248,0.420258410328354,0.18118524568131256,0.032557984882595335,0.2533107652817886,0.15478748712464552,0.5123221233150176,0.0,0.1880822614104414,0.5034813415195996,0.34064993871385935,0.9999484816034083,0.8425825576475033,0.36738031226574963,0.9999999999999998,0.9936161333289049,0.20943003894996223,0.07739039761919675,0.014009765936829052,0.12237392211232415,0.22456995171538252,0.0652824279263688,0.4873709705089351,0.1555051078655788,0.1418503206395197,0.8292664266329839,0.33297960825453793,0.08555603615760207,0.39217201847141037,0.12026234240812911,1.0,0.9809548576179934,0.1434968364349969,0.9138657882980215,0.4707298946860695,0.40796396393614004,0.4094882561938583,1.0,0.9636163501844439,0.3434859148511963,0.2983044366902814,0.9999791707136112,0.4354041252508478,0.09635415289709001,0.0821544389164648,0.7623396281303013,0.019547834517583046,0.013295529282739051,0.012163485131879186,0.003371963748713753,0.00025789430553292453,3.2289909901178555e-05,0.002173468579473909,0.0011264707322134826,0.0,0.0,0.15297445076458355,0.10678123522015219,0.1439923008963491,0.2085664664832026,0.18561924644019706,0.17388649961122954,0.029627991774987362,0.02851586211048406,1.0,0.4188233276583793,0.23556776809922128,0.20509067975369613,0.2309958992287435
13,0.14146566823666631,0.16074064870299437,0.9999999999988051,0.4322433038212767,0.09162464939426948,0.0650880737989017,0.9175803680731897,0.32257418966315676,0.2692421711470408,0.7495583281620128,0.4140472528889334,0.3180318423896847,0.012505274224470885,0.25549860128442925,0.22586084452398641,0.9999999999964557,0.8983097145488907,0.1814323333027812,0.2006766393896984,0.22322100225476055,0.4192521329044351,0.4094192701497897,0.9999948470845248,0.7512757442497308,0.04914635929386907,0.04920089725843578,0.5544225261557987,0.1023590352165952,0.09560376646606648,0.18143894671573838,0.2945225928334019,0.22651721124609644,1.0,0.9882879627186348,0.44161245152556267,0.34597322371976436,0.09384523894956875,0.3864365128112477,0.1935277605022443,0.023945212004069988,0.3094295177288146,0.1611549815929258,0.5077782530420856,0.0,0.12728396263417047,0.510825936597747,0.3061781371605544,0.9985670186073003,0.8252245375929961,0.3424983803460767,0.9999999999999998,0.9895506665004681,0.20398377840053267,0.09213108713209187,0.014963552186272265,0.14159872890778213,0.22228023924342633,0.07183567641050412,0.5187851527160157,0.1614033311281161,0.16317437053801134,0.8550089868501143,0.3936079652761976,0.07999439584666769,0.3820387122471597,0.09956502713575847,1.0,0.9842889467790871,0.13228506442657584,0.9062103821299898,0.43981658779064864,0.3638714148889665,0.35036808306170153,1.0,0.9554190213974347,0.3789713987943386,0.3512357408289005,0.9999952595686434,0.506654613742877,0.04690550842532337,0.044177884208229504,0.7143395734349628,0.02344813273614778,0.017469128945894113,0.014920563416257884,0.004558853576411715,0.0011275251778839533,6.571571400142931e-05,0.0009694181606973488,0.005207779952060551,0.0,0.0003616943895037407,0.12821291252848563,0.0655872413978776,0.08826792276803613,0.17957059009758836,0.1140095475133409,0.14547772494403083,0.029746328447814073,0.01886324406415257,1.0,0.3663083756667288,0.20097301102708143,0.16894909568263863,0.24114887204220356
14,0.18355677045160254,0.2193119677589147,0.9999999999945121,0.4582890389430353,0.08868901354321113,0.06877977316256169,0.8774224302762995,0.2764655525892439,0.2668541494423319,0.7794552894873868,0.32958791444552965,0.22236733010392445,0.017225337358774767,0.24238410268353922,0.22212456908346398,0.9994122204345397,0.8860065417857802,0.08548806858522168,0.08147254049313145,0.23383846763948765,0.33031884658412,0.33375238636466525,0.9999959501185909,0.783652826641331,0.02681676189880827,0.03856081791567547,0.47808489138199467,0.06445585654384807,0.055754222824137264,0.19354662211973123,0.24608098673371218,0.18231669046253762,1.0,0.9711561271897466,0.3612604548178513,0.26162745606579435,0.09077932721166254,0.3118168889276575,0.2430937368261405,0.019458881108845572,0.36625258165050295,0.16771579153766739,0.4246765540304773,0.0,0.07359322244672181,0.537741605219681,0.2652768288481733,0.9952478539473286,0.7922933495778111,0.27996104267043426,0.9999999999999998,0.9901502737926634,0.17560599139896488,0.1134805118152747,0.019641919467636944,0.1220569667178541,0.1836347385326434,0.05929947683335996,0.5690848591830435,0.17119607296789718,0.17914961728559145,0.8873996269458513,0.4431934122465781,0.04875746205223686,0.37365715334006,0.0680324563655054,1.0,0.9852411405808454,0.10181009641826062,0.8903197063655355,0.42477389839018864,0.2792640950572748,0.2818443364171198,1.0,0.9451188921040751,0.33009781834966706,0.3280877478604818,0.9999789987421804,0.5894176019702787,0.038252759482634444,0.036284699571496375,0.6264925575957934,0.014967291427889766,0.011521744849193875,0.0071439089815985716,0.0019266073321788735,0.0,0.0,0.003254656985368491,0.009834013498533987,0.0,0.008753324922710718,0.05976656018476512,0.03499733585657746,0.05372421460340478,0.09507096568514294,0.06271035089253653,0.057037770151749684,0.03519820349872408,0.018066022737266096,0.9999999999948881,0.35313654813571116,0.13537767180682642,0.10322017282959141,0.26605158233204773
15,0.18311533924566578,0.2035880030481127,0.9999999999900009,0.48459759826886606,0.00019140925021531984,2.2449217539849806e-05,0.8521265045161399,0.1251821202215219,0.16655888085640436,0.7814542312223869,0.21818178045143774,0.18201299329842005,0.024088111399594735,0.0,0.0,0.998806836356614,0.8696374441592454,0.0549456671278677,0.07705544183124026,0.26257830551835903,0.2927939932357831,0.3362315460634586,0.9999964529192088,0.7661488251814279,0.025956685754844472,0.04746288768670281,0.41559032059302836,0.029609287156756262,0.02796995880505253,0.21671145668580158,0.0,0.0,1.0,0.9443936512972739,0.2705542534456468,0.20224754822876084,0.10950778330063818,0.21532305765331772,0.2518993251554695,0.0,0.47414031838067905,0.17991699911273062,0.3346806375961392,0.0,0.0,0.520514740857702,0.0,0.9941067779426682,0.7796991445256994,0.0,0.9999999999999998,0.9880130004338121,0.11708728849437244,0.13578650120146812,0.023446175174367073,0.1276174630328213,0.1467490819367388,0.04968072138448363,0.614433188336202,0.17614410943508638,0.18120496253121815,0.9140786784508431,0.46717397340178807,0.0,0.37821296140041316,0.0,1.0,0.9845885168571247,0.0,0.8701266503617326,0.4120887697305562,0.0,0.0,1.0,0.9302771992959089,0.29769931661053856,0.29773086315119923,0.9999234777181106,0.593897640602647,0.022379755845927635,0.021497399384842752,0.5481030475156876,0.004388723727051936,0.00247324939742185,0.0018294890587899294,0.00048246049416713943,0.0,0.0,0.0014932035429526091,0.011804794495266703,0.0,0.0030509631862680885,0.061112114929279135,0.015222735583079856,0.02732392208944915,0.1665174806210977,0.03301453110413373,0.058335579399731094,0.05546209552843004,0.034146630120116477,0.9999999999907412,0.37956509922159076,0.1237559052123769,0.10026917221331254,0.2726170735458446
16,0.0,0.0,0.9999999999918865,0.4680286417073588,0.0,0.0,0.8312878871181081,0.0,0.0,0.7666444878321439,0.0,0.0,0.03293712126467083,0.0,0.0,0.9952043264220614,0.8329514473354973,0.0,0.0,0.2795177291032405,0.0,0.0,0.9999999999818177,0.7445188996138127,0.0,0.0,0.359834213529353,0.0,0.0,0.2458565944428366,0.0,0.0,0.9997110666557555,0.9192096710661184,0.0,0.0,0.12361548157946085,0.0,0.2775659714271107,0.0,0.5311682059761241,0.2020003142381916,0.0,0.0,0.0,0.5172145703474295,0.0,0.9877377358081946,0.7699248073105303,0.0,0.9999999999999998,0.9754702505504036,0.05475731205401753,0.1617638450246335,0.033436793806274206,0.0,0.14185862364377078,0.0,0.6253871466566062,0.18097621556244195,0.0,0.9104145512891404,0.44453124029430874,0.0,0.3912654134390503,0.0,1.0,0.9819338343544421,0.0,0.8532541478833163,0.39754328171010467,0.0,0.0,1.0,0.9239904229785411,0.0,0.0,0.9999577496356507,0.5472441203422204,0.0,0.0,0.5069347598703903,0.0,0.0,0.0,0.0,0.0,0.0,0.0,0.0,0.0,0.0,0.0,0.0,0.0,0.0,0.0,0.0,0.0,0.0,0.9999999999909981,0.3814318960427298,0.0,0.0,0.2915594115063274
17,0.0,0.0,0.999999999990588,0.44545326861019263,0.0,0.0,0.8035907297343015,0.0,0.0,0.7615485776699482,0.0,0.0,0.03754021110285831,0.0,0.0,0.987837526967551,0.8032906522029287,0.0,0.0,0.2743698224534432,0.0,0.0,0.9999999999808484,0.7322479311824357,0.0,0.0,0.33763980805196714,0.0,0.0,0.25851897714029165,0.0,0.0,0.9976431628663125,0.9009917897814875,0.0,0.0,0.13170765583120722,0.0,0.29728322056918466,0.0,0.4537852609775736,0.21444013627111835,0.0,0.0,0.0,0.5030958203633116,0.0,0.9742103093548583,0.7114161398725607,0.0,0.9999597690228931,0.9366470859346986,0.0,0.17006460232466963,0.05056600125274005,0.0,0.14096029928000234,0.0,0.6150079432796645,0.17650180906714205,0.0,0.8988210882228534,0.4275280411128864,0.0,0.3913564408440482,0.0,1.0,0.977481818350728,0.0,0.8469939042176408,0.3832369592279838,0.0,0.0,1.0,0.9279421162457879,0.0,0.0,0.9998887722173198,0.5306409135448047,0.0,0.0,0.5149502725552835,0.0,0.0,0.0,0.0,0.0,0.0,0.0,0.0,0.0,0.0,0.0,0.0,0.0,0.0,0.0,0.0,0.0,0.0,0.9999999999880012,0.37279582404607814,0.0,0.0,0.30727339806342696
18,0.0,0.0,0.9999342400592256,0.4095061990032966,0.0,0.0,0.7705323157881843,0.0,0.0,0.7366875954480334,0.0,0.0,0.0399770259981243,0.0,0.0,0.9652149408921007,0.7828580393416021,0.0,0.0,0.24052698081763518,0.0,0.0,0.9999324436267132,0.698578851411739,0.0,0.0,0.30917193263303483,0.0,0.0,0.2307765710164855,0.0,0.0,0.9710090528642676,0.8692837556171154,0.0,0.0,0.13875665611744584,0.0,0.31815905447194825,0.0,0.36003267518306536,0.18769889655703242,0.0,0.0,0.0,0.48784831933902006,0.0,0.9708640653477675,0.5913428068170389,0.0,0.9852506081012553,0.8524756327510239,0.0,0.17343969802308362,0.062523301633152,0.0,0.1417338057046556,0.0,0.6025000521432579,0.1769744994637292,0.0,0.877803765778141,0.3906995079925394,0.0,0.3879686547102308,0.0,1.0,0.9722243580017631,0.0,0.8541741558841631,0.3747735013398995,0.0,0.0,1.0,0.9019669275358628,0.0,0.0,0.9995621874930665,0.4931309729122496,0.0,0.0,0.5318358048776698,0.0,0.0,0.0,0.0,0.0,0.0,0.0,0.0,0.0,0.0,0.0,0.0,0.0,0.0,0.0,0.0,0.0,0.0,0.9998684801238176,0.3185264837714231,0.0,0.0,0.31866852536406204
19,0.0,0.0,0.9997422708692114,0.4039349214182674,0.0,0.0,0.754133725400354,0.0,0.0,0.7064789221102709,0.0,0.0,0.043077287632611136,0.0,0.0,0.9049714159469705,0.7587002704902435,0.0,0.0,0.20382217097471042,0.0,0.0,0.999745623209076,0.6767084238218977,0.0,0.0,0.3083869749590399,0.0,0.0,0.18979461130428713,0.0,0.0,0.9134200370421633,0.837900096500631,0.0,0.0,0.1445292049890966,0.0,0.33393991026800396,0.0,0.32024943740466777,0.16460858623423014,0.0,0.0,0.0,0.4609750574501823,0.0,0.9763337821408394,0.5017427508895257,0.0,0.9519276842103771,0.7269517790295079,0.0,0.196749278113131,0.06921280871193654,0.0,0.11747978227678732,0.0,0.6049766483653707,0.17865786206672699,0.0,0.8763484865876217,0.38012450737481607,0.0,0.38269548112886753,0.0,0.9999941592570964,0.9668028429196808,0.0,0.8398639901323504,0.37304094024405765,0.0,0.0,0.9999999999984959,0.8468908732622914,0.0,0.0,0.9988804761483462,0.481350057528859,0.0,0.0,0.5414590177016062,0.0,0.0,0.0,0.0,0.0,0.0,0.0,0.0,0.0,0.0,0.0,0.0,0.0,0.0,0.0,0.0,0.0,0.0,0.9994845417413302,0.29062886569538626,0.0,0.0,0.32442986133379886
20,0.0,0.0,0.9999436405633226,0.4259469308449177,0.0,0.0,0.7419992712306308,0.0,0.0,0.6746393024466433,0.0,0.0,0.04902138742735002,0.0,0.0,0.7722671510398548,0.70935621258677,0.0,0.0,0.17779006522720237,0.0,0.0,0.9998397367304552,0.6753686581445244,0.0,0.0,0.3146151306451087,0.0,0.0,0.1583447368542749,0.0,0.0,0.8578288353491945,0.7893372503760361,0.0,0.0,0.15214872150097938,0.0,0.3430420507203181,0.0,0.32686051588249787,0.14526993058784268,0.0,0.0,0.0,0.4243543904309451,0.0,0.9783215365225886,0.48449580406311865,0.0,0.9029944188483523,0.5979409608463393,0.0,0.21624420778398273,0.07072586272642388,0.0,0.1007045937486549,0.0,0.6091063990592431,0.18174156087126342,0.0,0.8826109153887409,0.38146212069803176,0.0,0.37777617400624663,0.0,0.9999908188958485,0.9595042592768581,0.0,0.8043233197362911,0.3676046799510922,0.0,0.0,0.9999999999996176,0.8121112002409319,0.0,0.0,0.9990445262522885,0.495275472849886,0.0,0.0,0.5425314605872316,0.0,0.0,0.0,0.0,0.0,0.0,0.0,0.0,0.0,0.0,0.0,0.0,0.0,0.0,0.0,0.0,0.0,0.0,0.9998872811266453,0.2868512000831201,0.0,0.0,0.32287068216331577
21,0.0,0.0,0.9999982057203496,0.44165320439600037,0.0,0.0,0.7080319664221462,0.0,0.0,0.6684835988560864,0.0,0.0,0.050850630317376605,0.0,0.0,0.5710435220600485,0.6584301184093976,0.0,0.0,0.16112537627627938,0.0,0.0,0.9998857584803706,0.6935783412185406,0.0,0.0,0.30214702931849413,0.0,0.0,0.14972954315292344,0.0,0.0,0.7487422403606013,0.7145195506974268,0.0,0.0,0.15031544363945115,0.0,0.34217066369362686,0.0,0.36657963715996067,0.13890257017361343,0.0,0.0,0.0,0.3840945673745407,0.0,0.9758389005473339,0.4986722975088542,0.0,0.8129562444274568,0.53618514029456,0.0,0.22977273263149514,0.07134836180762723,0.0,0.09731580592243341,0.0,0.6082030828779458,0.18320494275859883,0.0,0.8888442697907771,0.37560232380839653,0.0,0.373287998887198,0.0,0.9992937875510953,0.9469783040061461,0.0,0.7525632510977442,0.3583238211004961,0.0,0.0,0.9999999999976223,0.7929702897456892,0.0,0.0,0.9989757901286278,0.5110977403153162,0.0,0.0,0.525456019918102,0.0,0.0,0.0,0.0,0.0,0.0,0.0,0.0,0.0,0.0,0.0,0.0,0.0,0.0,0.0,0.0,0.0,0.0,0.9999964114406992,0.27395428351660484,0.0,0.0,0.3071002729278177
22,0.0,0.0,1.0,0.37624422344945796,0.0,0.0,0.6527290096064343,0.0,0.0,0.5790923149573599,0.0,0.0,0.047626469280309496,0.0,0.0,0.5775415179549876,0.5921517999049671,0.0,0.0,0.1598953837515181,0.0,0.0,0.9996050130888834,0.6468700271209088,0.0,0.0,0.26196891143562795,0.0,0.0,0.15566332843630074,0.0,0.0,0.7544701445056207,0.6993905573637949,0.0,0.0,0.14712685853458882,0.0,0.2880543687125151,0.0,0.41674079266285097,0.12108565092363326,0.0,0.0,0.0,0.35596850784895,0.0,0.9888122335995522,0.5501292291246384,0.0,0.8010910728300359,0.6518457390939205,0.0,0.2792608185447591,0.07678107563191436,0.0,0.1133526984161088,0.0,0.5632660405195605,0.19637965935706303,0.0,0.9004077521491238,0.42597313743880716,0.0,0.41894884853607695,0.0,0.9988422935545347,0.9187519963563431,0.0,0.7497858462315189,0.3928082602275198,0.0,0.0,0.9999999999965663,0.674169116170443,0.0,0.0,0.9994849663917955,0.5078440205608671,0.0,0.0,0.4616783144066418,0.0,0.0,0.0,0.0,0.0,0.0,0.0,0.0,0.0,0.0,0.0,0.0,0.0,0.0,0.0,0.0,0.0,0.0,1.0,0.2663360967546741,0.0,0.0,0.2719227205420365
23,0.0,0.0,0.999858612328067,0.4031959945360071,0.0,0.0,0.5848733476504218,0.0,0.0,0.576162836459551,0.0,0.0,0.04257651703485813,0.0,0.0,0.6174651291837648,0.5856512359671446,0.0,0.0,0.12836786714814094,0.0,0.0,0.9994813365525781,0.6647107532612931,0.0,0.0,0.24579241777731728,0.0,0.0,0.1284845671676612,0.0,0.0,0.6603194036715073,0.6538480845390207,0.0,0.0,0.1570277071638128,0.0,0.2676799893494015,0.0,0.4036883886224988,0.10898448729752092,0.0,0.0,0.0,0.28856585024564657,0.0,0.9820275067853916,0.5493024914895572,0.0,0.7419259786316715,0.705062367357893,0.0,0.2851261441336215,0.07657343969810715,0.0,0.08112748202903979,0.0,0.5383561602913085,0.18588240480684426,0.0,0.9060672448106579,0.4398450129670578,0.0,0.36309024735246975,0.0,0.9909696082758206,0.8942333474834676,0.0,0.7172553385675023,0.3536243979177116,0.0,0.0,1.0,0.6482636019083499,0.0,0.0,0.9995479646209033,0.5256912195400195,0.0,0.0,0.47213376516352124,0.0,0.0,0.0,0.0,0.0,0.0,0.0,0.0,0.0,0.0,0.0,0.0,0.0,0.0,0.0,0.0,0.0,0.0,0.999717224656134,0.28258865421430374,0.0,0.0,0.27319904411633134
24,0.0,0.0,0.9996194280792114,0.47872928605377585,0.0,0.0,0.5977538720519335,0.0,0.0,0.5938577687574347,0.0,0.0,0.035149965759545196,0.0,0.0,0.7554736672137066,0.5494028446675936,0.0,0.0,0.1264702271531144,0.0,0.0,0.999784416446858,0.7258572083404298,0.0,0.0,0.27137502266607305,0.0,0.0,0.13639826506246402,0.0,0.0,0.7422725129227319,0.6188937186477855,0.0,0.0,0.14932953109138006,0.0,0.23490392054171919,0.0,0.3829977549615131,0.11205338456702443,0.0,0.0,0.0,0.259089630302763,0.0,0.9733264616412787,0.5344257653361697,0.0,0.7752277035676127,0.7438131195095763,0.0,0.2995442275431984,0.08142946290659261,0.0,0.06571031904584733,0.0,0.5356619280113668,0.18757706140110883,0.0,0.9117474611010599,0.48177592496626714,0.0,0.3562022281512629,0.0,0.9656674908441552,0.8640711249665743,0.0,0.7071750516925039,0.34569310740978765,0.0,0.0,1.0,0.6834420374784945,0.0,0.0,0.9996501043360239,0.5934152207367965,0.0,0.0,0.4785628308402623,0.0,0.0,0.0,0.0,0.0,0.0,0.0,0.0,0.0,0.0,0.0,0.0,0.0,0.0,0.0,0.0,0.0,0.0,0.999681524539611,0.3244053740178453,0.0,0.0,0.27423870686417684
25,0.0,0.0,0.9985360867164301,0.5376564665787162,0.0,0.0,0.5577146070827581,0.0,0.0,0.6048734395173565,0.0,0.0,0.030577135577258826,0.0,0.0,0.84274539364429,0.504412543148149,0.0,0.0,0.15659599491794837,0.0,0.0,0.9991446309728316,0.7711679751951686,0.0,0.0,0.3315079985363959,0.0,0.0,0.18074025201634125,0.0,0.0,0.9325271875043775,0.5977980468297192,0.0,0.0,0.12828884259197457,0.0,0.20154372453078465,0.0,0.3953576515742215,0.12958624399852575,0.0,0.0,0.0,0.2530123798608296,0.0,0.9577949309729259,0.48478466390804925,0.0,0.8948029116562999,0.7057509445702672,0.0,0.31360078376626976,0.09039543754729248,0.0,0.06577124296777515,0.0,0.5670802348397352,0.198365114886975,0.0,0.9105060520953431,0.44602131309597565,0.0,0.34055661587067554,0.0,0.9510527639871598,0.8342250248011521,0.0,0.7080636457639843,0.33767941996354667,0.0,0.0,0.999999999995218,0.7044038380566894,0.0,0.0,0.9977106788862513,0.607634050817753,0.0,0.0,0.4887002329964224,0.0,0.0,0.0,0.0,0.0,0.0,0.0,0.0,0.0,0.0,0.0,0.0,0.0,0.0,0.0,0.0,0.0,0.0,0.9981132697244863,0.3458803523618739,0.0,0.0,0.24825348372095318
26,0.0,0.0,0.9989483601271907,0.5489806141665885,0.0,0.0,0.5044267502362489,0.0,0.0,0.6124217786488582,0.0,0.0,0.028846432808836642,0.0,0.0,0.8241329658667375,0.47894067904269805,0.0,0.0,0.1963729172500746,0.0,0.0,0.9993267515225653,0.7505629240475846,0.0,0.0,0.3655125045325011,0.0,0.0,0.21135440556791485,0.0,0.0,0.9825863538512264,0.5925956319987403,0.0,0.0,0.11830214295295942,0.0,0.17763142416568845,0.0,0.3852097370768269,0.12943531538065736,0.0,0.0,0.0,0.2307427369523425,0.0,0.9445705699397335,0.45514817655129813,0.0,0.9240422901048728,0.6807422097162943,0.0,0.3188291527092363,0.09881633016689317,0.0,0.06211856604236261,0.0,0.5784400977097689,0.2104680750276694,0.0,0.9018726921669105,0.38556608288748956,0.0,0.3335028317821688,0.0,0.9674155852850739,0.79358796733321,0.0,0.690070983048687,0.33417648050416754,0.0,0.0,0.9999999999989038,0.7080966707006379,0.0,0.0,0.9968450962751383,0.564251815974492,0.0,0.0,0.5212019836972779,0.0,0.0,0.0,0.0,0.0,0.0,0.0,0.0,0.0,0.0,0.0,0.0,0.0,0.0,0.0,0.0,0.0,0.0,0.9985484585704291,0.3360926040574522,0.0,0.0,0.22060179427563084
27,0.0,0.0,0.9990568283387112,0.5465298674051535,0.0,0.0,0.5007788243853531,0.0,0.0,0.5932334488018774,0.0,0.0,0.02886292344360787,0.0,0.0,0.7719567057121413,0.47476811572788863,0.0,0.0,0.20389979332851713,0.0,0.0,0.9993438976639339,0.7071361590864755,0.0,0.0,0.3884502854255001,0.0,0.0,0.2236371781567907,0.0,0.0,0.9718093001055104,0.6270557857167558,0.0,0.0,0.11483358906762274,0.0,0.1626405721736023,0.0,0.44275355478089984,0.12749297953183863,0.0,0.0,0.0,0.22093525949640508,0.0,0.9298380110596725,0.40404002311157106,0.0,0.9046894613826311,0.6669474970808145,0.0,0.34192768622864617,0.11055723397932815,0.0,0.06351948335354321,0.0,0.5721813852959197,0.22118819272626467,0.0,0.8822494100630172,0.35025699121431797,0.0,0.32618092023158396,0.0,0.9482311601282731,0.7748347605536338,0.0,0.6628356263931463,0.3328925159157752,0.0,0.0,0.9999999999993514,0.7089913432588368,0.0,0.0,0.9981365325995113,0.5425011835422013,0.0,0.0,0.5414477763371194,0.0,0.0,0.0,0.0,0.0,0.0,0.0,0.0,0.0,0.0,0.0,0.0,0.0,0.0,0.0,0.0,0.0,0.0,0.9987741469983837,0.33702196329777356,0.0,0.0,0.21448048218873053
28,0.0,0.0,0.998529379684725,0.5297298956525653,0.0,0.0,0.4752752369374679,0.0,0.0,0.5711014870685271,0.0,0.0,0.028858883436097695,0.0,0.0,0.7143530971386675,0.43291420798985647,0.0,0.0,0.20407291363904836,0.0,0.0,0.9991609118409561,0.6971192867467609,0.0,0.0,0.39212045919545874,0.0,0.0,0.23195113222232272,0.0,0.0,0.9298483169865732,0.6116129012758349,0.0,0.0,0.10299123954060169,0.0,0.13966281014884074,0.0,0.4909999698344952,0.12662265559084412,0.0,0.01131948592524205,0.0,0.21247292983250124,0.0,0.9255354874150103,0.3721867100717126,0.0,0.8567164629290871,0.6434033811336497,0.0,0.3259174172772679,0.11672963411619036,0.0,0.05725483907805289,0.0,0.5472609237393415,0.22865826115226018,0.0,0.8455007211527297,0.353785133361632,0.0,0.3174026822254879,0.0,0.849353137606831,0.7440498494993948,0.0,0.6307411910500885,0.32562776583298453,0.0,0.0,0.9999999999963993,0.688043411138405,0.0,0.0,0.9981586125502487,0.546646465482743,0.0,0.0,0.5158717102676275,0.0,0.0,0.0,0.0,0.0,0.0,0.0,0.0,0.0,0.0,0.0,0.0,0.0,0.0,0.0,0.0,0.0,0.0,0.9983812059312916,0.368593608985916,0.0,0.0,0.20140542997854213
29,0.0,0.0,0.9975505541497098,0.5147982383486707,0.0,0.0,0.4471970805831315,0.0,0.0,0.5615921729903852,0.0,0.0,0.03693452100926657,0.0,0.0,0.6571318023977178,0.40899774178107906,0.0,0.0,0.20822172572377387,0.0,0.0,0.9986179352495197,0.6781490992603717,0.0,0.0,0.41228741080501213,0.0,0.0,0.2332265309889272,0.0,0.0,0.8601495063825807,0.5982873185258395,0.0,0.0,0.10120708852604125,0.0,0.12078227893649758,0.0,0.4737802536621731,0.12515203658119944,0.0,0.016238087779946734,0.0,0.21258763695064706,0.0,0.9212649748156173,0.33222560161660986,0.0,0.7882986921120614,0.6137611485605624,0.0,0.3258274155276447,0.13131462221058865,0.0,0.04738369262814769,0.0,0.5161223539426468,0.22514707180593327,0.0,0.8003582894117868,0.33006493984950014,0.0,0.3154989898825341,0.0,0.7550459829044593,0.7081056356745782,0.0,0.6087026795816549,0.32200205649995006,0.0,0.0,0.9996906463386452,0.6320766744218124,0.0,0.0,0.9967805722830168,0.5200406694584473,0.0,0.0,0.49807429274821424,0.0,0.0,0.0,0.0,0.0,0.0,0.0,0.0,0.0,0.0,0.0,0.0,0.0,0.0,0.0,0.0,0.0,0.0,0.9975181578217341,0.3629299582732246,0.0,0.0,0.19552465192578797
30,0.0,0.0,0.997201935729396,0.48847560667255885,0.0,0.0,0.4140973271350402,0.0,0.0,0.5499658985942807,0.0,0.0,0.047602906728173675,0.0,0.0,0.6164908464164232,0.4151357699866966,0.0,0.0,0.2135776090889775,0.0,0.0,0.998157994982802,0.6439857749171829,0.0,0.0,0.4289208172794711,0.0,0.0,0.2290485554851703,0.0,0.0,0.7745120187046228,0.5821154764959097,0.0,0.0,0.09494560848825202,0.0,0.11203589415025858,0.0,0.46490736760338286,0.11825500457435068,0.0,0.01792174107620201,0.0,0.21091141886301656,0.0,0.911600961106638,0.29344445422961657,0.0,0.7012469241347624,0.6268735426189498,0.0,0.3077754761189743,0.13719152397538625,0.0,0.028442818798805947,0.0,0.4944915106181163,0.21710606485298417,0.0,0.775533743617645,0.3127100046225381,0.0,0.31095009216570674,0.0,0.6974501969472834,0.6599818513880946,0.0,0.5827721505597259,0.3152891106307529,0.0,0.0,0.9995771492852661,0.5746008160549193,0.0,0.0,0.9944973812478795,0.4923367337764816,0.0,0.0,0.48896725282844283,0.0,0.0,0.0,0.0,0.0,0.0,0.0,0.0,0.0,0.0,0.0,0.0,0.0,0.0,0.0,0.0,0.0,0.0,0.9971917695460492,0.347956047412444,0.0,0.0,0.1760423431320741
31,0.0,0.0,0.9905064662733756,0.46377799220012533,0.0,0.0,0.40017824196369045,0.0,0.0,0.5247050890444267,0.0,0.0,0.06052571333671952,0.0,0.0,0.5890843226161502,0.4160144728158971,0.0,0.0,0.2001043621254764,0.0,0.0,0.9938870981572983,0.6143488576222477,0.0,0.0,0.42064630615860743,0.0,0.0,0.21911554421868826,0.0,0.0,0.6986772810777785,0.5626581038015062,0.0,0.0,0.09660204908163932,0.0,0.11269229972826082,0.0,0.44297928302422174,0.10514755792283588,0.0,0.019885415516936997,0.0,0.20695032291007065,0.0,0.9057515692230048,0.24450957808725485,0.0,0.6295182908416616,0.5866237866187071,0.0,0.26585784093954606,0.1407009542309321,0.0,0.019297842687981685,0.0,0.47449225794218625,0.20493435283226735,0.0,0.7502178881093524,0.2957967943781627,0.0,0.30110944869147704,0.0,0.6102916765740266,0.6096142653445603,0.0,0.5470304177093138,0.3151834927638864,0.0,0.0,0.9987967881000555,0.5209098110467082,0.0,0.0,0.9903323659692673,0.4789737307092438,0.0,0.0,0.4897947009855621,0.0,0.0,0.0,0.0,0.0,0.0,0.0,0.0,0.0,0.0,0.0,0.0,0.0,0.0,0.0,0.0,0.0,0.0,0.9897086986253395,0.3252470758685417,0.0,0.0,0.16542946448997448
32,6.182806841326146e-05,2.3162005515906355e-05,0.9834085735374646,0.45427031396313977,0.001056771358256577,0.0010797323914779544,0.3986158368372607,0.00014290166853888733,0.00010019388390543861,0.508391394924998,0.004139881460792007,0.00334044272049919,0.06386257132746087,0.0009282723075181629,0.0009519893819985356,0.5067391627398784,0.41143355747631616,0.0013100023802613005,0.0018151294457129364,0.1748643569424231,0.0,0.0,0.9898307296579689,0.6019815303682609,8.984442722735873e-05,5.284198898402923e-05,0.3973723617395295,0.00013907013348348783,0.00030861467527581,0.20477772835482333,0.007507858988661356,0.0028823752295047233,0.5939569849265126,0.5253687821704884,0.003625259016884542,0.005759948079711432,0.09248799842838777,0.024137362581690646,0.11963713752649134,0.0,0.436712969082521,0.09349030062761006,0.01839591685803393,0.020446860374249493,0.013271636626911124,0.20258952490448556,0.0,0.9074239175344149,0.2193725320371207,0.0,0.5535035378840119,0.5181519350107968,0.0,0.21969106851143225,0.1399963377201714,0.0,0.016507235131740752,0.0,0.46404072844966043,0.1959013895627632,0.0,0.7380198798852967,0.2965411047943913,0.0,0.2798422326946108,0.026555280821372828,0.5663149740362485,0.5557549273578932,0.0,0.5300829287942862,0.3060167495206232,4.540542827772044e-05,0.0001893623465464445,0.9977085618999365,0.4843759163555332,0.0,0.0,0.9843251639109258,0.4934308869400448,0.0014840947056953718,0.0008628852455039208,0.4739323892071723,0.0,0.0,0.0,0.0,0.0,0.0,0.0,0.0,0.0,0.0,0.0,0.0,0.0,0.0,0.0,0.0,1.2954895270555227e-05,1.2707894245139528e-05,0.9825569423707693,0.3216937510186921,0.009668524230846546,0.009825854544130163,0.16609520398528674
33,0.08940159145238324,0.08587485233447305,0.9651508982722372,0.4397169607816582,0.026876986710466462,0.03266067139888607,0.45159011646928615,0.07177181136135935,0.06719752844009858,0.48744690345419267,0.07703306814018078,0.06963142063939579,0.05815335102870955,0.050992722843138084,0.055382929414403904,0.40091766113419897,0.3804450387124438,0.04305999688224753,0.046521304587396076,0.19542115250005876,0.073388774845337,0.07380234789961511,0.9756613651057067,0.5741566827227975,0.03166695616077567,0.029989604916081793,0.3747560016434394,0.04773760186240224,0.04928921821815923,0.2264305608938955,0.11153451177015519,0.05968302832647876,0.4729936398194156,0.49248157100215334,0.056995517183412295,0.06949179248825216,0.10688902140663617,0.10040182958134734,0.10949928125012898,0.05613717016086432,0.40886335314221484,0.08498746913199087,0.11069330005832034,0.02196266861880021,0.058661193656928574,0.22002902373959693,0.06230013425886628,0.9060586485872143,0.20641665264000075,0.09375939179544868,0.4492032791825042,0.47917472975151326,0.0492618124717525,0.19089502504648173,0.13509500952952458,0.0,0.01653554239258418,0.011757255840912813,0.4450103904838031,0.1839025353803725,0.0674035052881188,0.7012741260005032,0.2843383773388532,0.0,0.2635605099531791,0.09574496571403475,0.5788357111203963,0.5201637924904392,0.05308592262411971,0.5049590469175493,0.29568680499627936,0.10139933233282247,0.10856580249891624,0.9870665287845588,0.43854173189053897,0.08890290961982758,0.09291815301248921,0.9623728405113652,0.4814823782100283,0.027795587347267208,0.030490840474927155,0.47818539439160346,0.0,0.0,0.0,0.0,0.0,0.0,0.0,0.0,0.0,0.0,0.0,0.0,0.0,0.0,0.0,0.0,0.09250295449614687,0.09021618719495374,0.9611770136631973,0.3013492373944479,0.06855121067518673,0.06900330769362342,0.2106342337069672
34,0.2768680306603936,0.25808906347855504,0.9682257351815633,0.38603249748585905,0.05879509488435385,0.07127059021555093,0.41473284316346426,0.20528326933329066,0.18554622125943443,0.39720399410630214,0.12081405585303182,0.12681159674384737,0.03721154899741459,0.14951222168880407,0.14696735624644802,0.3367392918526864,0.2615557142550768,0.14836471425831463,0.14523979788592545,0.1472806048905855,0.22042035203303215,0.22983849441882281,0.9705549170389572,0.46295861973095187,0.13052379642239953,0.12620624571419417,0.30856239733513413,0.13982579433167808,0.14047320423209014,0.13805321155389683,0.23458994665698601,0.1312372553785259,0.38205514331697643,0.3252144384505881,0.18640980641757543,0.22492758584260894,0.059663103052589525,0.1801128432615464,0.1406657653823212,0.15434412512571277,0.3751901864014359,0.05265251208980669,0.20912973876868152,0.03099923990627854,0.13741272928372622,0.20085254187567353,0.20470928805177632,0.9077040961119367,0.17404882501159566,0.23779796118285107,0.35502927988521327,0.4055946191430582,0.11984573754333502,0.193098608437385,0.10790066157164466,0.0211428891388079,0.0,0.11600926871993289,0.3716485345782853,0.1479855332199532,0.20604648474972953,0.7022352663712137,0.2763038192447026,0.02569938518091403,0.27410197633359135,0.17108713356908675,0.40964432481556345,0.43051283875706686,0.15199339748999086,0.42071173706906645,0.26562902025195145,0.25957009112848084,0.26636773202449665,0.9738894401974105,0.3082639975660472,0.24902450637133552,0.2576090307867771,0.9518153130850411,0.4404947198176972,0.09168786080501069,0.1064082422465987,0.4960889593243574,9.648917495735902e-05,0.0,0.0004900884266621598,0.003934939875475015,0.009925920942336089,0.017255862651593144,0.026415722401522356,0.0009179596605216682,0.010657334395982383,0.02649781398729903,0.0019088066603924682,0.005634158206547598,0.01624205268314458,0.0,0.01818865146517522,0.0047094548321714134,0.2677722880354684,0.2646484280949202,0.9651413617097612,0.23859380137718197,0.17771789653896417,0.1902513836722432,0.12850987763101016
35,0.33793802104611587,0.30573602136810046,0.9772883686456046,0.35379983231289647,0.2066707987197393,0.19559272060825125,0.4119074903014437,0.2588755238366767,0.250160821324573,0.34242462075472624,0.25762614892009916,0.2723394660789325,0.05311926044742169,0.28399588781105717,0.28855727900368205,0.33893878267163835,0.24252504023599508,0.2403495197757514,0.22914527635499451,0.11759526928563828,0.30273626974509366,0.2880610938176387,0.9774326262505295,0.4337932420075688,0.19994547533639967,0.19310062721985857,0.2865859264804252,0.27467250041027524,0.2696536772251175,0.11932961539138105,0.3505782099435443,0.27033773877548883,0.35792425052922305,0.31498426219038306,0.27562911735493706,0.3071456958068295,0.07582349019858044,0.26396973497089316,0.14767145687693112,0.25171860613204,0.34592953040312663,0.052057136790526384,0.2688611344599499,0.0439616883418145,0.22954697205976213,0.2122011376945803,0.3071410130805477,0.8961586167049985,0.14762702693256927,0.34099430706787515,0.3270550304245938,0.371250966407199,0.1895605632719862,0.15349505393218976,0.10345605523273872,0.06696689006803382,0.0,0.22395595934236961,0.356758665062959,0.12095060894461182,0.3091214159307218,0.7167930550070687,0.268420235987891,0.06897763018662285,0.23167583992131302,0.2126783277349154,0.3216792796248406,0.45001616032134834,0.21999991991906037,0.34867023267550656,0.23159019564259928,0.3758310635729263,0.37756176679723163,0.9860334450658844,0.2767479411651665,0.3063652986193054,0.3304637649034105,0.9601457631904056,0.38265007014592284,0.2635029648762085,0.2592888182591009,0.5035699043121082,0.009984034069170221,0.009417329991133323,0.018409990841934433,0.050061735742222245,0.05911852339264916,0.0777982370825154,0.07680739896526241,0.01909396660614339,0.04299379084276923,0.08762428146481573,0.03765176804689806,0.03850659014394253,0.08164570834989848,0.050507019191437255,0.11318542614976161,0.06482567397277424,0.39119049315044857,0.3866176950987981,0.968384502861309,0.21973846179212164,0.2507445382327878,0.2642965562605844,0.15664590499742498
36,0.38622934391524566,0.3851776471055561,0.973650234630392,0.341392697356817,0.3383788237154643,0.3226960535714554,0.3762322154194723,0.3101186240721749,0.2802661531423375,0.33468738024711875,0.24243974046914404,0.267533497575384,0.06887381775236545,0.3274396428081004,0.3360679389190827,0.3563659895315731,0.2320977481965951,0.23963978734439145,0.22868534728488804,0.10804428626515018,0.39335340994492085,0.39633807024521034,0.973025574654769,0.42203822751036907,0.29223197114708616,0.2994863948724211,0.27809428135156544,0.2762235076219571,0.26665379150483387,0.12453189522565777,0.40158537274624784,0.32721748664099853,0.4178763905134912,0.32550617244491264,0.3100677856279128,0.33417672179565955,0.10187429192210229,0.28336222217011703,0.14506833194501323,0.31347473944279247,0.3221616048482995,0.0606062468741272,0.27120926484132807,0.0552223662120857,0.23922266416125215,0.2282714152825033,0.3474836036605075,0.8704491681778443,0.11925731305049546,0.368038897928493,0.3453022641037329,0.3599479011985114,0.22957073657314814,0.11712520831247959,0.10715099236365751,0.14286919749834018,0.0,0.296439909211486,0.35039642574118823,0.10367867698378015,0.33246536766075585,0.7131085328871596,0.28666852670190285,0.08060380648712118,0.23558121683181973,0.19322168233788117,0.27766259166139,0.4392780425051147,0.23288805198284193,0.30717027311430634,0.22827933555125862,0.4041719424334431,0.40349222369620014,0.9806912726538807,0.30791156652784335,0.35895616934031416,0.3668091289751781,0.959757997685313,0.378319804288806,0.332434424898641,0.3192211897812106,0.5203486559192176,0.0205175558780376,0.017752796735002116,0.046919286883918124,0.08779763191684063,0.11478431210519742,0.11816546204226513,0.11500246249404429,0.02411629350376095,0.08801230807824985,0.13791508556057733,0.09410702764168641,0.08316678854478841,0.13696990311163026,0.13902797491128233,0.1455118821879202,0.11582965324592705,0.42367071454899147,0.41952289712916635,0.9667106136110859,0.19696510379256812,0.3097881500271295,0.29507167408171586,0.16907314992606404
37,0.33025333284811503,0.3081291696136745,0.9707454952858903,0.3650394686321076,0.2413933235521525,0.2401753800135182,0.3231369118181725,0.25698199065913546,0.2360874060438064,0.40819618577148997,0.2632272616967661,0.2348853728336812,0.07199526855777698,0.29679138031721924,0.28542710494632834,0.4044253160991734,0.2617390419948674,0.21529706839173157,0.1943765353702698,0.11577313524421123,0.29981874566892774,0.299487907425965,0.9677363940443926,0.4962162052055737,0.1982388456739851,0.19543799856035454,0.2721039907681563,0.2787805541571223,0.2796963143973566,0.1400619416108493,0.3611907417280614,0.3014840945727828,0.5138350287572959,0.352383375064691,0.3001377055739336,0.274577109635047,0.11827005239209343,0.2523269854603387,0.15866132902040264,0.3030707499480969,0.32999421090770736,0.08218261109970418,0.27759622474879814,0.07164710401057169,0.2177381826107721,0.23931659218162954,0.3256390004382808,0.8605872385539497,0.11149630113286127,0.3416098669250304,0.38942614085473115,0.3439065517236175,0.25319112038254926,0.10039751449454172,0.1165628080975764,0.1380888527256057,0.0,0.31124354107044494,0.3439924926140809,0.09470483223825779,0.33599931163023106,0.7098151536447446,0.31264324304758284,0.07914410425732088,0.22507647946891696,0.1582637047248602,0.3120286894865466,0.41819580312065635,0.20947909874500778,0.3090645973422153,0.2315057901121733,0.34729858745539005,0.34095739578735673,0.9738263472190132,0.3260577024610292,0.34762566591504124,0.3595099085071352,0.9472735500130187,0.38835897985285833,0.25678255954088847,0.2607059628097852,0.4801827341065182,0.006545959054597057,0.010831635796650274,0.01941137177230566,0.058756852505564484,0.07961517142844876,0.08547050537786818,0.07830046713667126,0.009382746865459174,0.059884830672264265,0.09720675342114074,0.04110107256958909,0.05848576978339688,0.09002463353101588,0.05853274670435323,0.08959914937086139,0.048339932799779835,0.40980970520246823,0.4012192661035932,0.9650020869736079,0.22218841492212896,0.22516318251230977,0.21420792504968153,0.1974206462495164
38,0.2845434844368028,0.2657588845040518,0.9673249134892214,0.3805700624909541,0.15623297034459854,0.17555113026043662,0.27223463599461223,0.22610572005740837,0.21009555263782803,0.4191289381459731,0.21158916650200207,0.16439279792899428,0.06537908592229509,0.2145502232583117,0.21564301426836813,0.40008185218810177,0.3000939209904496,0.1929701637051099,0.161282842146281,0.11163749705778246,0.22624869066791553,0.22518975890693213,0.9671094326265387,0.513411321628603,0.2020778535297898,0.18654466545085646,0.33970597428661464,0.2399842180315877,0.242458944989372,0.1454074307782781,0.2854214171280316,0.22346828175498584,0.5805358451014975,0.3923503987848019,0.20547007907024697,0.20975723291319873,0.09858533003836518,0.21105798772736054,0.13645783672661568,0.2676148578958662,0.35603572911673076,0.10148201989490267,0.22937881538319976,0.08004021186441168,0.17051493481296945,0.22160221297314234,0.27469976028410525,0.8543998451773904,0.12063173867203086,0.27163464896472866,0.4174174593303438,0.3199148598784407,0.2079951663217622,0.09331452806270599,0.1268336646633892,0.15447974136207063,0.0,0.27716927448638246,0.3390450585226039,0.09311253339411785,0.28634341903629473,0.6905027632197811,0.3338062204739,0.03307647506611012,0.22367010425778844,0.10457312927921744,0.3696545873197921,0.3928028181591493,0.11749484134146801,0.32081241018448253,0.24977745829007603,0.27905870824006296,0.27526029714030087,0.9708963649030771,0.35561945644458237,0.25133702693827903,0.2707351346310167,0.9559664333211418,0.40447025422681,0.2086506156556531,0.21903892551289442,0.4421440802826198,0.0027749090116504904,0.009691537331458765,0.008579874834108225,0.01626216768747839,0.029303257724473286,0.035915955881973785,0.045368903810289296,0.002620072624784804,0.029245149877442374,0.05033490727811485,0.0033877965567924075,0.011700544470741056,0.026839927726347787,0.0003598864700427976,0.01980537669581632,0.006384304409300829,0.3193591969949316,0.3074796137516447,0.9694854244343262,0.2701569677609168,0.23076599838727446,0.2354905523493927,0.2027216903486791
39,0.2648101441662052,0.26139105112554795,0.9468522342878217,0.4255218667756473,0.0049735932154401355,0.00931041235931489,0.3066803203910101,0.13119773563161846,0.1590862663578486,0.4387285261238268,0.1382348820798089,0.12574608107701976,0.059272772197152934,0.00288114709844149,0.000756154362740143,0.38825730596441466,0.36412025308807117,0.14939522814152753,0.12378871684216725,0.125067463466425,0.268481479178025,0.2641566852537815,0.9548199288950816,0.5192565899031982,0.2056671680872983,0.17864070296912937,0.3692869803043998,0.15786388229028392,0.164693097617728,0.1683400791161398,0.0,0.0,0.5914730045934167,0.4534414820022205,0.14462361608594704,0.12930054587848439,0.10426988815004816,0.1799892659337417,0.14938327399159443,0.19670278035671945,0.41077253312152606,0.1145282125460476,0.16050912438191717,0.07822752586620316,0.04784508438243244,0.1996159618542143,0.0,0.837925602903986,0.13945643628332516,0.0,0.43095051971791426,0.32459687796852926,0.15974461602332496,0.08361762156847019,0.13313811315304996,0.13438523862572463,0.0,0.2163488133088017,0.33756174718794485,0.09681704936036854,0.19524142810350595,0.6752009365839251,0.3393312176046254,0.0,0.21319760808716637,0.0,0.4019374659887576,0.3723936109465101,0.0,0.3370143452850712,0.2567649494005342,0.0011101043602304397,0.0,0.9665050306226972,0.40049877683281276,0.20285863754997363,0.21400026850168122,0.9287509658319988,0.43476511911697385,0.19135663185183258,0.1839018167481136,0.46469990569907266,0.0007623612617438821,0.0038620371319341073,0.0017979918503578188,0.008647300586336244,0.009902258883016515,0.012881854252815609,0.022110187750544505,0.002886078424884326,0.01869847855039078,0.02057133381587645,0.019804137565850352,0.007924289646164227,0.010106129548744415,0.053187561259961144,0.012993960816365266,0.017682060731044957,0.24972455775640717,0.2464001527838299,0.9447983058358989,0.3148048759271681,0.19389186534079186,0.1835721340905519,0.21961296185661117
40,0.0,0.0,0.9067431720070742,0.46825202532976457,0.0,0.0,0.35711423975240913,0.0,0.0,0.43893368947002553,0.0,0.0,0.06310531948176819,0.0,0.0,0.3646638228885737,0.3661619448708926,0.0,0.0,0.14359333803659444,0.0,0.0,0.9243346207449594,0.5207543697885515,0.0,0.0,0.394117848985469,0.0,0.0,0.19251966724624864,0.0,0.0,0.556723326445933,0.49223464777116227,0.0,0.0,0.12461251693386714,0.0,0.1659224316770557,0.0,0.45369037244223615,0.12701729431366912,0.0,0.07739792369263349,0.0,0.19431607250002403,0.0,0.8058679494872858,0.15179185617335006,0.0,0.4212358032365236,0.31115313071055467,0.08928482513735198,0.07571546180319899,0.14003251523413723,0.014825058218538762,0.0,0.0,0.32201909794903305,0.10732848317801921,0.0,0.6371860915794267,0.33404156749650143,0.0,0.20385982008761094,0.0,0.36444068442346367,0.3408028225321515,0.0,0.34261549481551773,0.26470789894368046,0.0,0.0,0.9502276721690419,0.4272665689169876,0.0,0.0,0.8824039621748927,0.4411934086952548,0.0,0.0,0.4505589630477624,0.0,0.0,0.0,0.0,0.0,0.0,0.0,0.0,0.0,0.0,0.0,0.0,0.0,0.0,0.0,0.0,0.0,0.0,0.8954662592352698,0.36433002415238863,0.0,0.0,0.2650352294249007
41,0.0,0.0,0.873758554143047,0.4758447671921696,0.0,0.0,0.39466434555543656,0.0,0.0,0.4427795336758526,0.0,0.0,0.06836304698129846,0.0,0.0,0.3247096541650866,0.3496989015472122,0.0,0.0,0.17488907006580207,0.0,0.0,0.8814201259572577,0.5084233293186958,0.0,0.0,0.4183111291270228,0.0,0.0,0.1990225326201361,0.0,0.0,0.5122129960266228,0.5010537250198113,0.0,0.0,0.14239844806447274,0.0,0.19292358268471949,0.0,0.4615950449725727,0.13458422383883015,0.0,0.07680863849055451,0.0,0.205365764519927,0.0,0.7608970867551375,0.1332722510785012,0.0,0.3809438451762237,0.2874784777837265,0.0,0.086355954926003,0.15869948907572307,0.0,0.0,0.0,0.3079777576992891,0.11458255283881616,0.0,0.5939109813525445,0.31425774175852217,0.0,0.19188692998387274,0.0,0.30766567957541685,0.31046644980381083,0.0,0.32232670381456696,0.2645033112804592,0.0,0.0,0.9022067781794519,0.39790740476638664,0.0,0.0,0.8129287469709865,0.43003222340443764,0.0,0.0,0.43438434391715747,0.0,0.0,0.0,0.0,0.0,0.0,0.0,0.0,0.0,0.0,0.0,0.0,0.0,0.0,0.0,0.0,0.0,0.0,0.8526006421336142,0.37389194342184523,0.0,0.0,0.30865441689887063
42,0.0,0.0,0.8580707342736603,0.43994692001038826,0.0,0.0,0.37221385861580203,0.0,0.0,0.4318607219861925,0.0,0.0,0.0642968920938763,0.0,0.0,0.3062238845637234,0.3203984351888911,0.0,0.0,0.19329035264928382,0.0,0.0,0.8655975808145008,0.5015671008472835,0.0,0.0,0.39989817858289517,0.0,0.0,0.1845944541635681,0.0,0.0,0.47064779226482073,0.4656649623869566,0.0,0.0,0.1395208910368099,0.0,0.20643237433743047,0.0,0.48069920464985855,0.12915406889213848,0.0,0.07989878573774387,0.0,0.2034242257806668,0.0,0.7440222484582887,0.1172548549282104,0.0,0.3548845751562989,0.30296984667795723,0.0,0.0913604421980787,0.16702753780052174,0.0,0.01691434342289107,0.0,0.2998090987031617,0.11763310644646133,0.0,0.5764270603034268,0.3008977828900513,0.0,0.17992206949470244,0.0,0.26741161638846656,0.2824712617115345,0.0,0.3055426062116211,0.26289474928832324,0.0,0.0,0.881144243708579,0.3480556425192754,0.0,0.0,0.7991664984609632,0.40925905525879447,0.0,0.0,0.411223280638292,0.0,0.0,0.0,0.0,0.0,0.0,0.0,0.0,0.0,0.0,0.0,0.0,0.0,0.0,0.0,0.0,0.0,0.0,0.8352255135411969,0.3577087127110376,0.0,0.0,0.3245936601607404
43,0.0,0.0,0.8382759227591952,0.4172077982032011,0.0,0.0,0.34021427009709887,0.0,0.0,0.4187544951118432,0.0,0.0,0.052806245537687015,0.0,0.0,0.2974162351744949,0.29298988454174374,0.0,0.0,0.19248473174939978,0.0,0.0,0.8478293422188267,0.4803194446407221,0.0,0.0,0.3786459885302006,0.0,0.0,0.16947238054074037,0.0,0.0,0.43792992036618206,0.4097363990787582,0.0,0.0,0.13858707435934997,0.0,0.20978666321992293,0.0,0.47091370212755773,0.11830838287276839,0.0,0.07111064650249954,0.0,0.19869376859074422,0.0,0.7290446100526794,0.101104048877768,0.0,0.35219648061282893,0.3186864527228201,0.0,0.08603637104419215,0.16634882300893966,0.0,0.025520555107441636,0.0,0.2799032006779929,0.11400485271174064,0.0,0.5465102453962214,0.28893850747301536,0.0,0.16789761433798878,0.0,0.24740983297886818,0.2497980339243485,0.0,0.3053959395474602,0.2612455081393346,0.0,0.0,0.8628169877876124,0.3019959304671392,0.0,0.0,0.7936337246365718,0.3925005081399022,0.0,0.0,0.4043182835084301,0.0,0.0,0.0,0.0,0.0,0.0,0.0,0.0,0.0,0.0,0.0,0.0,0.0,0.0,0.0,0.0,0.0,0.0,0.819296836458561,0.3585923885692285,0.0,0.0,0.33793816523083375
44,0.0,0.0,0.8254152022051293,0.40630179924229953,0.0,0.0,0.31537311450144784,0.0,0.0,0.4043953132440866,0.0,0.0,0.042452102345465974,0.0,0.0,0.29354863768319234,0.2579366528544414,0.0,0.0,0.18585411858052991,0.0,0.0,0.83536098879713,0.45967894515214713,0.0,0.0,0.3567618368950701,0.0,0.0,0.16094960916071124,0.0,0.0,0.4150817670804059,0.37282442555184564,0.0,0.0,0.12947666974393893,0.0,0.20860389717829297,0.0,0.43094803309494834,0.1078699219045232,0.0,0.06183270087377314,0.0,0.1833405158425013,0.0,0.6999346250441213,0.08678098796296793,0.0,0.35893514010935135,0.3705471074483193,0.0,0.07004704591118278,0.16118699474176051,0.0,0.029449878672945594,0.0,0.2641442333816426,0.10591583897249861,0.0,0.5231359131986899,0.2656717713701522,0.0,0.15188051899832622,0.0,0.2641354008615876,0.2355483602982364,0.0,0.30766061795019,0.2529669992847933,0.0,0.0,0.8432308883340369,0.2868448881276165,0.0,0.0,0.7772335521408582,0.3783913791154574,0.0,0.0,0.4083406503165728,0.0,0.0,0.0,0.0,0.0,0.0,0.0,0.0,0.0,0.0,0.0,0.0,0.0,0.0,0.0,0.0,0.0,0.0,0.8029335562574219,0.3484188954521032,0.0,0.0,0.3362111068000331
45,0.0,0.0,0.7832541461466515,0.3934586358204711,0.0,0.0,0.29595065714768054,0.0,0.0,0.3944541116784288,0.0,0.0,0.03642417699930325,0.0,0.0,0.3038771796415387,0.23892966855677303,0.0,0.0,0.17436724469937856,0.0,0.0,0.7981939087444581,0.4295771124530973,0.0,0.0,0.33751509220986836,0.0,0.0,0.1513661796211999,0.0,0.0,0.41306953794500784,0.3507144887345186,0.0,0.0,0.12117076202646994,0.0,0.1996364423402361,0.0,0.38158223502981253,0.0967195597204863,0.0,0.05801009838438452,0.0,0.16649819340165548,0.0,0.6575044114311476,0.07402627786292683,0.0,0.372636588482633,0.40224105234615315,0.0,0.05334711283830371,0.15138659242879715,0.0,0.027806038049687468,0.0,0.2492091815141113,0.09966797714641745,0.0,0.4891399030381905,0.23689356956222274,0.0,0.13479607328692866,0.0,0.2850005066504842,0.2258010412525402,0.0,0.30589305406951667,0.24713468757524948,0.0,0.0,0.8131850429255376,0.2604079179006041,0.0,0.0,0.7278453381200868,0.35641762919655734,0.0,0.0,0.40619152798119035,0.0,0.0,0.0,0.0,0.0,0.0,0.0,0.0,0.0,0.0,0.0,0.0,0.0,0.0,0.0,0.0,0.0,0.0,0.7556235444110306,0.3352166452036786,0.0,0.0,0.336340442217228
46,0.0,0.0,0.778631346456752,0.32195513726860503,0.0,0.0,0.2756944221349546,0.0,0.0,0.28806948602481186,0.0,0.0,0.051159688178461483,0.0,0.0,0.1814739505331378,0.19987528744801422,0.0,0.0,0.18948139708071834,0.0,0.0,0.7789267219892839,0.35426345474295384,0.0,0.0,0.35254077922653976,0.0,0.0,0.1651491767852095,0.0,0.0,0.2989836763032492,0.26339655310284826,0.0,0.0,0.17949895353936632,0.0,0.1868554842032592,0.0,0.36196581103361425,0.11905493590861023,0.0,0.05252664393623677,0.0,0.16967930326209113,0.0,0.6069332984345919,0.0799521659557093,0.0,0.2913549610080248,0.31906760721074146,0.0,0.04568753379682483,0.12851500139896355,0.0,0.0,0.0,0.19564315370027577,0.10362817794839528,0.0,0.45617628068326554,0.29537551003158985,0.0,0.17290758826399552,0.0,0.2599615298953405,0.24624193376619163,0.0,0.2302296039936682,0.24665516158017972,0.0,0.0,0.7725974863754312,0.2058229205567763,0.0,0.0,0.755262388607487,0.35740212447533287,0.0,0.0,0.3919307624447286,0.0,0.0,0.0,0.0,0.0,0.0,0.0,0.0,0.0,0.0,0.0,0.0,0.0,0.0,0.0,0.0,0.0,0.0,0.7811144417526747,0.35760079633797665,0.0,0.0,0.3645137172652212
47,0.0,0.0,0.7590964179873503,0.3650730620418141,0.0,0.0,0.20543939603563544,0.0,0.0,0.2898489716085504,0.0,0.0,0.04313147549366627,0.0,0.0,0.1834430740617105,0.19547285770710462,0.0,0.0,0.18176226678154667,0.0,0.0,0.7599867569472222,0.36000596448889716,0.0,0.0,0.30255805838646327,0.0,0.0,0.15806121285508354,0.0,0.0,0.2996079105000226,0.2826831089839855,0.0,0.0,0.18196830549027282,0.0,0.15462675157117622,0.0,0.36348803406593405,0.11559310796990213,0.0,0.050559693631946075,0.0,0.14323733490474713,0.0,0.6205102791591169,0.08141503611404813,0.0,0.29359064786285477,0.3499716633190861,0.0,0.042370553770190236,0.11617453580759646,0.0,0.01636830434185399,0.0,0.2022621109727404,0.1021678536291223,0.0,0.43046596632334705,0.25670927752297945,0.0,0.13864304064058697,0.0,0.2468817089729536,0.23858639785588076,0.0,0.21642257188819605,0.23873582339239724,0.0,0.0,0.7495837064818245,0.20210527806440354,0.0,0.0,0.7488573809682812,0.3532353535952856,0.0,0.0,0.311269236525782,0.0,0.0,0.0,0.0,0.0,0.0,0.0,0.0,0.0,0.0,0.0,0.0,0.0,0.0,0.0,0.0,0.0,0.0,0.7566659107650667,0.3501987488433714,0.0,0.0,0.3478596190502706
48,0.0,0.0,0.658906747525364,0.3905075375088594,0.0,0.0,0.21913512515257516,0.0,0.0,0.33297496607472904,0.0,0.0,0.04059233344939915,0.0,0.0,0.20590445337540628,0.20228144705700604,0.0,0.0,0.18756850921309165,0.0,0.0,0.6620303247128497,0.3544821329642096,0.0,0.0,0.31550895359906417,0.0,0.0,0.16134588299389852,0.0,0.0,0.3164668968443417,0.3172777314151369,0.0,0.0,0.1700299110217123,0.0,0.16561164070034468,0.0,0.3512379908768725,0.11551859591436758,0.0,0.04977130255207454,0.0,0.14920648337189116,0.0,0.5727642041165228,0.06781141488496621,0.0,0.3112896315018463,0.3712086461662414,0.0,0.04039684373089241,0.1124751689317457,0.0,0.02212936267643184,0.0,0.1899912489080193,0.10012502586669542,0.0,0.36190571287730344,0.2157866679288118,0.0,0.12802727136501615,0.0,0.2376081902393211,0.23866671943309067,0.0,0.20481034201681955,0.2433856180453833,0.0,0.0,0.6604345847603663,0.18626845673504686,0.0,0.0,0.6445905365451241,0.32506431453536255,0.0,0.0,0.31838915894143566,0.0,0.0,0.0,0.0,0.0,0.0,0.0,0.0,0.0,0.0,0.0,0.0,0.0,0.0,0.0,0.0,0.0,0.0,0.6501798967767877,0.3301400792443992,0.0,0.0,0.33678283556732597
49,0.0,0.0,0.533198130060696,0.38984944146584416,0.0,0.0,0.23293566402524166,0.0,0.0,0.34245338747105986,0.0,0.0,0.03740018014126861,0.0,0.0,0.24160485573327167,0.20480145845534495,0.0,0.0,0.1881747277891002,0.0,0.0,0.5405145965509983,0.3616670796588831,0.0,0.0,0.34963457709173595,0.0,0.0,0.16805443718578383,0.0,0.0,0.360713699731419,0.3435066380070013,0.0,0.0,0.14465759307482493,0.0,0.1672243385371793,0.0,0.33635165903187864,0.1174086398696313,0.0,0.04391281941175587,0.0,0.1433088940148614,0.0,0.5618858500352619,0.05506044942843365,0.0,0.34094521035512076,0.3743723637604691,0.0,0.039532095597617584,0.10539039166400743,0.0,0.03519284110731096,0.0,0.18609136857259126,0.09986564640162185,0.0,0.2924603993013067,0.19158766627335697,0.0,0.10219247058154445,0.0,0.2536916622265777,0.23503713048390082,0.0,0.20601672969855234,0.23759235125329842,0.0,0.0,0.5554185441263821,0.15350756525475764,0.0,0.0,0.5239696561565754,0.3271469882635007,0.0,0.0,0.32719963632485694,0.0,0.0,0.0,0.0,0.0,0.0,0.0,0.0,0.0,0.0,0.0,0.0,0.0,0.0,0.0,0.0,0.0,0.0,0.5244349035912215,0.32228920349718604,0.0,0.0,0.3019570049858108
