name,scn_name,bus0,bus1,carrier,p_nom,p_nom_extendable,p_nom_max,capital_cost,length,efficiency,p_nom_min,p_min_pu,p_max_pu,marginal_cost,p_nom_opt,country,lifetime,committable,p_nom_mod,marginal_cost_quadratic,stand_by_cost,shut_down_cost,ramp_limit_up,ramp_limit_start_up,ramp_limit_shut_down
0,eGon2035,4,36278,dsm,208.42357514268048,False,inf,0.0,0.0,1.0,0.0,0.0,1.0,0.0,208.42357514268048,DE,inf,False,,,,,,1.0,1.0
1,eGon2035,4,48637,power_to_H2,0.0,True,inf,137.26909325666216,0.0,0.7,0.0,0.0,1.0,0.0,0.009074456247411091,DE,31.0,False,,,,,,1.0,1.0
2,eGon2035,4,51537,central_heat_pump,0.1582363793445323,False,inf,0.0,0.0,1.0,0.0,0.0,1.0,0.0,0.1582363793445323,DE,inf,False,,,,,,1.0,1.0
3,eGon2035,4,51537,central_resistive_heater,0.23487639409318414,False,inf,0.0,0.0,1.0,0.0,0.0,1.0,0.0,0.23487639409318414,DE,inf,False,,,,,,1.0,1.0
4,eGon2035,4,52023,rural_heat_pump,1993.0087965971513,False,inf,0.0,0.0,1.0,0.0,0.0,1.0,0.0,1993.0087965971513,DE,inf,False,,,,,,1.0,1.0
5,eGon2035,4,69893,BEV charger,3413.706825196743,False,inf,0.0,0.0,0.9,0.0,0.0,1.0,0.0,3413.706825196743,DE,inf,False,,,,,,1.0,1.0
6,eGon2035,4,70582,power_to_H2,0.0,True,inf,137.26909325666216,0.0,0.6999999999999998,0.0,0.0,1.0,0.0,660.0786650446342,DE,31.0,False,,,,,,1.0,1.0
7,eGon2035,4,70592,central_heat_pump,1.4881383657426768,False,inf,0.0,0.0,1.0,0.0,0.0,1.0,0.0,1.4881383657426768,DE,inf,False,,,,,,1.0,1.0
8,eGon2035,4,70592,central_resistive_heater,7.8782150133546,False,inf,0.0,0.0,1.0,0.0,0.0,1.0,0.0,7.8782150133546,DE,inf,False,,,,,,1.0,1.0
9,eGon2035,4,36278,dsm,243.19088882545404,False,inf,0.0,0.0,1.0,0.0,0.0,1.0,0.0,243.19088882545404,DE,inf,False,,,,,,1.0,1.0
10,eGon2035,4,48637,power_to_H2,0.0,True,inf,137.26909325666216,0.0,0.7,0.0,0.0,1.0,0.0,0.009074456247419668,DE,31.0,False,,,,,,1.0,1.0
11,eGon2035,4,52023,rural_heat_pump,1868.8177067574995,False,inf,0.0,0.0,1.0,0.0,0.0,1.0,0.0,1868.8177067574995,DE,inf,False,,,,,,1.0,1.0
12,eGon2035,4,69893,BEV charger,3259.483454465866,False,inf,0.0,0.0,0.9,0.0,0.0,1.0,0.0,3259.483454465866,DE,inf,False,,,,,,1.0,1.0
13,eGon2035,4,70582,power_to_H2,0.0,True,inf,137.26909325666216,0.0,0.7,0.0,0.0,1.0,0.0,660.0788873064419,DE,31.0,False,,,,,,1.0,1.0
14,eGon2035,4,70594,central_heat_pump,86.0030645647756,False,inf,0.0,0.0,1.0,0.0,0.0,1.0,0.0,86.0030645647756,DE,inf,False,,,,,,1.0,1.0
15,eGon2035,4,70594,central_resistive_heater,89.11085271755215,False,inf,0.0,0.0,1.0,0.0,0.0,1.0,0.0,89.11085271755215,DE,inf,False,,,,,,1.0,1.0
16,eGon2035,4,36278,dsm,218.57019001492742,False,inf,0.0,0.0,1.0,0.0,0.0,1.0,0.0,218.57019001492742,DE,inf,False,,,,,,1.0,1.0
17,eGon2035,4,48637,power_to_H2,0.0,True,inf,137.26909325666216,0.0,0.7,0.0,0.0,1.0,0.0,0.00907445624740744,DE,31.0,False,,,,,,1.0,1.0
18,eGon2035,4,51537,central_heat_pump,12.959808400556144,False,inf,0.0,0.0,1.0,0.0,0.0,1.0,0.0,12.959808400556144,DE,inf,False,,,,,,1.0,1.0
19,eGon2035,4,51537,central_resistive_heater,19.23674617600737,False,inf,0.0,0.0,1.0,0.0,0.0,1.0,0.0,19.23674617600737,DE,inf,False,,,,,,1.0,1.0
20,eGon2035,4,51728,central_heat_pump,0.5704240268908721,False,inf,0.0,0.0,1.0,0.0,0.0,1.0,0.0,0.5704240268908721,DE,inf,False,,,,,,1.0,1.0
21,eGon2035,4,51728,central_resistive_heater,0.7273532654447772,False,inf,0.0,0.0,1.0,0.0,0.0,1.0,0.0,0.7273532654447772,DE,inf,False,,,,,,1.0,1.0
22,eGon2035,4,52023,rural_heat_pump,1787.8767242409126,False,inf,0.0,0.0,1.0,0.0,0.0,1.0,0.0,1787.8767242409126,DE,inf,False,,,,,,1.0,1.0
23,eGon2035,4,69893,BEV charger,3247.5289912223816,False,inf,0.0,0.0,0.9,0.0,0.0,1.0,0.0,3247.5289912223816,DE,inf,False,,,,,,1.0,1.0
24,eGon2035,4,70582,power_to_H2,0.0,True,inf,137.26909325666216,0.0,0.7,0.0,0.0,1.0,0.0,660.0793833163457,DE,31.0,False,,,,,,1.0,1.0
25,eGon2035,4,70595,central_heat_pump,10.194900475732226,False,inf,0.0,0.0,1.0,0.0,0.0,1.0,0.0,10.194900475732226,DE,inf,False,,,,,,1.0,1.0
26,eGon2035,4,70595,central_resistive_heater,10.053575954622117,False,inf,0.0,0.0,1.0,0.0,0.0,1.0,0.0,10.053575954622117,DE,inf,False,,,,,,1.0,1.0
27,eGon2035,4,70604,central_heat_pump,0.5070655958661294,False,inf,0.0,0.0,1.0,0.0,0.0,1.0,0.0,0.5070655958661294,DE,inf,False,,,,,,1.0,1.0
28,eGon2035,4,70604,central_resistive_heater,0.6828375821865909,False,inf,0.0,0.0,1.0,0.0,0.0,1.0,0.0,0.6828375821865909,DE,inf,False,,,,,,1.0,1.0
29,eGon2035,4,36278,dsm,323.2734921225325,False,inf,0.0,0.0,1.0,0.0,0.0,1.0,0.0,323.2734921225325,DE,inf,False,,,,,,1.0,1.0
30,eGon2035,4,49934,central_heat_pump,20.481654168487953,False,inf,0.0,0.0,1.0,0.0,0.0,1.0,0.0,20.481654168487953,DE,inf,False,,,,,,1.0,1.0
31,eGon2035,4,49934,central_resistive_heater,26.100596233963866,False,inf,0.0,0.0,1.0,0.0,0.0,1.0,0.0,26.100596233963866,DE,inf,False,,,,,,1.0,1.0
32,eGon2035,4,52023,rural_heat_pump,2420.262462601966,False,inf,0.0,0.0,1.0,0.0,0.0,1.0,0.0,2420.262462601966,DE,inf,False,,,,,,1.0,1.0
33,eGon2035,4,69893,BEV charger,4598.177291870117,False,inf,0.0,0.0,0.9,0.0,0.0,1.0,0.0,4598.177291870117,DE,inf,False,,,,,,1.0,1.0
34,eGon2035,4,70582,power_to_H2,0.0,True,inf,137.26909325666216,0.0,0.7,0.0,0.0,1.0,0.0,660.0788199130764,DE,31.0,False,,,,,,1.0,1.0
35,eGon2035,4,70584,central_heat_pump,53.43418812590603,False,inf,0.0,0.0,1.0,0.0,0.0,1.0,0.0,53.43418812590603,DE,inf,False,,,,,,1.0,1.0
36,eGon2035,4,70584,central_resistive_heater,37.673138914789206,False,inf,0.0,0.0,1.0,0.0,0.0,1.0,0.0,37.673138914789206,DE,inf,False,,,,,,1.0,1.0
37,eGon2035,4,36278,dsm,157.59856744995594,False,inf,0.0,0.0,1.0,0.0,0.0,1.0,0.0,157.59856744995594,DE,inf,False,,,,,,1.0,1.0
38,eGon2035,4,5,DC,600.0,True,2400.0,1134.4751924772036,503.07328185846507,1.0,600.0,-1.0,1.0,0.0,600.0000161434845,DK,inf,False,,,,,,1.0,1.0
39,eGon2035,4,48637,power_to_H2,0.0,True,inf,137.26909325666216,0.0,0.7,0.0,0.0,1.0,0.0,0.009074456247411143,DE,31.0,False,,,,,,1.0,1.0
40,eGon2035,4,52023,rural_heat_pump,1227.2414035592653,False,inf,0.0,0.0,1.0,0.0,0.0,1.0,0.0,1227.2414035592653,DE,inf,False,,,,,,1.0,1.0
41,eGon2035,4,69893,BEV charger,2268.2658501565456,False,inf,0.0,0.0,0.9,0.0,0.0,1.0,0.0,2268.2658501565456,DE,inf,False,,,,,,1.0,1.0
42,eGon2035,4,70582,power_to_H2,0.0,True,inf,137.26909325666216,0.0,0.7,0.0,0.0,1.0,0.0,660.079391009552,DE,31.0,False,,,,,,1.0,1.0
43,eGon2035,4,70597,central_heat_pump,38.80888653931101,False,inf,0.0,0.0,1.0,0.0,0.0,1.0,0.0,38.80888653931101,DE,inf,False,,,,,,1.0,1.0
44,eGon2035,4,70597,central_resistive_heater,33.709833391793666,False,inf,0.0,0.0,1.0,0.0,0.0,1.0,0.0,33.709833391793666,DE,inf,False,,,,,,1.0,1.0
45,eGon2035,4,70602,central_heat_pump,1.6817398518501394,False,inf,0.0,0.0,1.0,0.0,0.0,1.0,0.0,1.6817398518501394,DE,inf,False,,,,,,1.0,1.0
46,eGon2035,4,70602,central_resistive_heater,2.2448560629633114,False,inf,0.0,0.0,1.0,0.0,0.0,1.0,0.0,2.2448560629633114,DE,inf,False,,,,,,1.0,1.0
47,eGon2035,4,36278,dsm,982.0145176538688,False,inf,0.0,0.0,1.0,0.0,0.0,1.0,0.0,982.0145176538688,DE,inf,False,,,,,,1.0,1.0
48,eGon2035,4,49934,central_heat_pump,0.8662663642415334,False,inf,0.0,0.0,1.0,0.0,0.0,1.0,0.0,0.8662663642415334,DE,inf,False,,,,,,1.0,1.0
49,eGon2035,4,49934,central_resistive_heater,1.1039180926567373,False,inf,0.0,0.0,1.0,0.0,0.0,1.0,0.0,1.1039180926567373,DE,inf,False,,,,,,1.0,1.0
50,eGon2035,4,52023,rural_heat_pump,4601.014689275785,False,inf,0.0,0.0,1.0,0.0,0.0,1.0,0.0,4601.014689275785,DE,inf,False,,,,,,1.0,1.0
51,eGon2035,4,69893,BEV charger,8562.59247738123,False,inf,0.0,0.0,0.9,0.0,0.0,1.0,0.0,8562.59247738123,DE,inf,False,,,,,,1.0,1.0
52,eGon2035,4,70582,power_to_H2,0.0,True,inf,137.26909325666216,0.0,0.7,0.0,0.0,1.0,0.0,660.0788223752432,DE,31.0,False,,,,,,1.0,1.0
53,eGon2035,4,70587,central_heat_pump,119.09705630135383,False,inf,0.0,0.0,1.0,0.0,0.0,1.0,0.0,119.09705630135383,DE,inf,False,,,,,,1.0,1.0
54,eGon2035,4,70587,central_resistive_heater,114.08733158847998,False,inf,0.0,0.0,1.0,0.0,0.0,1.0,0.0,114.08733158847998,DE,inf,False,,,,,,1.0,1.0
55,eGon2035,4,36278,dsm,117.01099619464024,False,inf,0.0,0.0,1.0,0.0,0.0,1.0,0.0,117.01099619464024,DE,inf,False,,,,,,1.0,1.0
56,eGon2035,4,48637,power_to_H2,0.0,True,inf,137.26909325666216,0.0,0.7,0.0,0.0,1.0,0.0,0.009074456247407759,DE,31.0,False,,,,,,1.0,1.0
57,eGon2035,4,51728,central_heat_pump,12.520703209592012,False,inf,0.0,0.0,1.0,0.0,0.0,1.0,0.0,12.520703209592012,DE,inf,False,,,,,,1.0,1.0
58,eGon2035,4,51728,central_resistive_heater,15.965271334729223,False,inf,0.0,0.0,1.0,0.0,0.0,1.0,0.0,15.965271334729223,DE,inf,False,,,,,,1.0,1.0
59,eGon2035,4,52023,rural_heat_pump,941.5304901957097,False,inf,0.0,0.0,1.0,0.0,0.0,1.0,0.0,941.5304901957097,DE,inf,False,,,,,,1.0,1.0
60,eGon2035,4,69893,BEV charger,1636.0739860534668,False,inf,0.0,0.0,0.9,0.0,0.0,1.0,0.0,1636.0739860534668,DE,inf,False,,,,,,1.0,1.0
61,eGon2035,4,70582,power_to_H2,0.0,True,17.0,137.26909325666216,0.0,0.7,0.0,0.0,1.0,0.0,16.658486562407468,DE,31.0,False,,,,,,1.0,1.0
62,eGon2035,4,70601,central_heat_pump,3.9484135722062432,False,inf,0.0,0.0,1.0,0.0,0.0,1.0,0.0,3.9484135722062432,DE,inf,False,,,,,,1.0,1.0
63,eGon2035,4,70601,central_resistive_heater,2.051380669613076,False,inf,0.0,0.0,1.0,0.0,0.0,1.0,0.0,2.051380669613076,DE,inf,False,,,,,,1.0,1.0
64,eGon2035,4,36278,dsm,238.8539826601052,False,inf,0.0,0.0,1.0,0.0,0.0,1.0,0.0,238.8539826601052,DE,inf,False,,,,,,1.0,1.0
65,eGon2035,4,48637,power_to_H2,0.0,True,inf,137.26909325666216,0.0,0.7,0.0,0.0,1.0,0.0,0.009074456247412039,DE,31.0,False,,,,,,1.0,1.0
66,eGon2035,4,52023,rural_heat_pump,1543.6660727760204,False,inf,0.0,0.0,1.0,0.0,0.0,1.0,0.0,1543.6660727760204,DE,inf,False,,,,,,1.0,1.0
67,eGon2035,4,69893,BEV charger,2504.1426244974136,False,inf,0.0,0.0,0.9000000000000001,0.0,0.0,1.0,0.0,2504.1426244974136,DE,inf,False,,,,,,1.0,1.0
68,eGon2035,4,70582,power_to_H2,0.0,True,16.0,137.26909325666216,0.0,0.7,0.0,0.0,1.0,0.0,15.679141078701555,DE,31.0,False,,,,,,1.0,1.0
69,eGon2035,4,70593,central_heat_pump,11.519815251263063,False,inf,0.0,0.0,1.0,0.0,0.0,1.0,0.0,11.519815251263063,DE,inf,False,,,,,,1.0,1.0
70,eGon2035,4,70593,central_resistive_heater,9.497293910304876,False,inf,0.0,0.0,1.0,0.0,0.0,1.0,0.0,9.497293910304876,DE,inf,False,,,,,,1.0,1.0
71,eGon2035,4,36278,dsm,121.47158147946136,False,inf,0.0,0.0,1.0,0.0,0.0,1.0,0.0,121.47158147946136,DE,inf,False,,,,,,1.0,1.0
72,eGon2035,4,52023,rural_heat_pump,1162.7500486477595,False,inf,0.0,0.0,1.0,0.0,0.0,1.0,0.0,1162.7500486477595,DE,inf,False,,,,,,1.0,1.0
73,eGon2035,4,69893,BEV charger,2160.7005939483643,False,inf,0.0,0.0,0.9,0.0,0.0,1.0,0.0,2160.7005939483643,DE,inf,False,,,,,,1.0,1.0
74,eGon2035,4,70582,power_to_H2,0.0,True,9.0,137.26909325666216,0.0,0.7,0.0,0.0,1.0,0.0,8.821873924706063,DE,31.0,False,,,,,,1.0,1.0
75,eGon2035,4,70589,central_heat_pump,22.45704198571806,False,inf,0.0,0.0,1.0,0.0,0.0,1.0,0.0,22.45704198571806,DE,inf,False,,,,,,1.0,1.0
76,eGon2035,4,70589,central_resistive_heater,14.94873189321824,False,inf,0.0,0.0,1.0,0.0,0.0,1.0,0.0,14.94873189321824,DE,inf,False,,,,,,1.0,1.0
77,eGon2035,4,36278,dsm,317.6363044160847,False,inf,0.0,0.0,1.0,0.0,0.0,1.0,0.0,317.6363044160847,DE,inf,False,,,,,,1.0,1.0
78,eGon2035,4,48637,power_to_H2,0.0,True,inf,137.26909325666216,0.0,0.7,0.0,0.0,1.0,0.0,0.009074456247407879,DE,31.0,False,,,,,,1.0,1.0
79,eGon2035,4,52023,rural_heat_pump,1383.8568136180106,False,inf,0.0,0.0,1.0,0.0,0.0,1.0,0.0,1383.8568136180106,DE,inf,False,,,,,,1.0,1.0
80,eGon2035,4,69893,BEV charger,2854.960586667061,False,inf,0.0,0.0,0.9,0.0,0.0,1.0,0.0,2854.960586667061,DE,inf,False,,,,,,1.0,1.0
81,eGon2035,4,70582,power_to_H2,0.0,True,inf,137.26909325666216,0.0,0.7,0.0,0.0,1.0,0.0,660.0788118706645,DE,31.0,False,,,,,,1.0,1.0
82,eGon2035,4,70596,central_heat_pump,23.875018601643966,False,inf,0.0,0.0,1.0,0.0,0.0,1.0,0.0,23.875018601643966,DE,inf,False,,,,,,1.0,1.0
83,eGon2035,4,70596,central_resistive_heater,14.214996563387695,False,inf,0.0,0.0,1.0,0.0,0.0,1.0,0.0,14.214996563387695,DE,inf,False,,,,,,1.0,1.0
84,eGon2035,4,70602,central_heat_pump,201.49079034807815,False,inf,0.0,0.0,1.0,0.0,0.0,1.0,0.0,201.49079034807815,DE,inf,False,,,,,,1.0,1.0
85,eGon2035,4,70602,central_resistive_heater,256.6844848355321,False,inf,0.0,0.0,1.0,0.0,0.0,1.0,0.0,256.6844848355321,DE,inf,False,,,,,,1.0,1.0
86,eGon2035,4,36278,dsm,512.6071997259854,False,inf,0.0,0.0,1.0,0.0,0.0,1.0,0.0,512.6071997259854,DE,inf,False,,,,,,1.0,1.0
87,eGon2035,4,49604,central_heat_pump,62.85323153841173,False,inf,0.0,0.0,1.0,0.0,0.0,1.0,0.0,62.85323153841173,DE,inf,False,,,,,,1.0,1.0
88,eGon2035,4,49604,central_resistive_heater,83.23672554713356,False,inf,0.0,0.0,1.0,0.0,0.0,1.0,0.0,83.23672554713356,DE,inf,False,,,,,,1.0,1.0
89,eGon2035,4,52023,rural_heat_pump,2738.6572621845007,False,inf,0.0,0.0,1.0,0.0,0.0,1.0,0.0,2738.6572621845007,DE,inf,False,,,,,,1.0,1.0
90,eGon2035,4,69893,BEV charger,5505.042801916599,False,inf,0.0,0.0,0.8999999999999999,0.0,0.0,1.0,0.0,5505.042801916599,DE,inf,False,,,,,,1.0,1.0
91,eGon2035,4,70582,power_to_H2,0.0,True,inf,137.26909325666216,0.0,0.7,0.0,0.0,1.0,0.0,660.079408774464,DE,31.0,False,,,,,,1.0,1.0
92,eGon2035,4,70583,central_heat_pump,29.391098935754073,False,inf,0.0,0.0,1.0,0.0,0.0,1.0,0.0,29.391098935754073,DE,inf,False,,,,,,1.0,1.0
93,eGon2035,4,70583,central_resistive_heater,16.015140933220756,False,inf,0.0,0.0,1.0,0.0,0.0,1.0,0.0,16.015140933220756,DE,inf,False,,,,,,1.0,1.0
94,eGon2035,1,7,DC,0.0,True,0.0,334.5902262495287,698.6620601888327,1.0,0.0,-1.0,1.0,0.010608893260563735,0.0,BEGB,inf,False,,,,,,1.0,1.0
96,eGon2035,5,7,DC,0.0,True,0.0,893.5674578731032,980.7475181086178,1.0,0.0,-1.0,1.0,0.010383478690140533,0.0,DKGB,inf,False,,,,,,1.0,1.0
97,eGon2035,5,8,DC,0.0,True,0.0,372.44503501468427,517.121012349445,1.0,0.0,-1.0,1.0,0.010988884892469955,0.0,DKNL,inf,False,,,,,,1.0,1.0
98,eGon2035,5,9,DC,940.0,True,3760.0,351.8383642239003,597.9571155009771,1.0,940.0,-1.0,1.0,0.009122941939948524,940.0000673278864,DKNO,inf,False,,,,,,1.0,1.0
99,eGon2035,5,11,DC,850.0,True,3400.0,278.45875303854854,693.9156446945748,1.0,850.0,-1.0,1.0,0.010534828551279539,850.0000869593289,DKSE,inf,False,,,,,,1.0,1.0
100,eGon2035,6,7,DC,2000.0,True,8000.0,385.8822095777147,944.9760291193949,1.0,2000.0,-1.0,1.0,0.010065272946990302,7999.999999883263,FRGB,inf,False,,,,,,1.0,1.0
102,eGon2035,7,8,DC,1000.0,True,4000.0,431.08206752665194,662.7704706997799,1.0,1000.0,-1.0,1.0,0.01051664063156824,3999.9999998822263,GBNL,inf,False,,,,,,1.0,1.0
103,eGon2035,7,9,DC,0.0,True,0.0,673.2797516702118,1081.679536362336,1.0,0.0,-1.0,1.0,0.009320031688580132,0.0,GBNO,inf,False,,,,,,1.0,1.0
104,eGon2035,8,9,DC,700.0,True,2800.0,655.6233171590196,974.5374824832013,1.0,700.0,-1.0,1.0,0.00917766700484962,700.0000313152583,NLNO,inf,False,,,,,,1.0,1.0
105,eGon2035,10,11,DC,600.0,True,2400.0,453.4235364329699,1099.7655712561213,1.0,600.0,-1.0,1.0,0.01026030450633768,600.0000463290908,PLSE,inf,False,,,,,,1.0,1.0
106,eGon2035,11,4,DC,600.0,True,2400.0,2193.020759374547,1190.022727017059,1.0,600.0,-1.0,1.0,0.0,600.0000086166314,SE,inf,False,,,,,,1.0,1.0
107,eGon2035,48623,48625,CH4,2712500.0,False,inf,0.0,415.62221327154276,1.0,0.0,-1.0,1.0,0.0,2712500.0,ATCH,inf,False,,,,,,1.0,1.0
108,eGon2035,48623,48626,CH4,1678500.0,False,inf,0.0,281.7514401453481,1.0,0.0,-1.0,1.0,0.0,1678500.0,ATCZ,inf,False,,,,,,1.0,1.0
109,eGon2035,48623,70568,CH4,3876666.666666662,False,inf,0.0,453.50948538236383,1.0,0.0,-1.0,1.0,0.0,3876666.666666662,AT,inf,False,,,,,,1.0,1.0
110,eGon2035,48624,48628,CH4,4270833.33333333,False,inf,0.0,453.73185086841903,1.0,0.0,-1.0,1.0,0.0,4270833.33333333,BEFR,inf,False,,,,,,1.0,1.0
111,eGon2035,48624,48629,CH4,6062916.66666667,False,inf,0.0,852.7217996254446,1.0,0.0,-1.0,1.0,0.0,6062916.66666667,BEGB,inf,False,,,,,,1.0,1.0
112,eGon2035,48624,48630,CH4,203333.333333333,False,inf,0.0,151.7476169130087,1.0,0.0,-1.0,1.0,0.0,203333.333333333,BELU,inf,False,,,,,,1.0,1.0
113,eGon2035,48624,48631,CH4,7115965.78333333,False,inf,0.0,188.68558083512778,1.0,0.0,-1.0,1.0,0.0,7115965.78333333,BENL,inf,False,,,,,,1.0,1.0
114,eGon2035,48624,48632,CH4,2033333.33333333,False,inf,0.0,1162.1924417440246,1.0,0.0,-1.0,1.0,0.0,2033333.33333333,BENO,inf,False,,,,,,1.0,1.0
115,eGon2035,48624,70568,CH4,3033750.0,False,inf,0.0,352.3741382482666,1.0,0.0,-1.0,1.0,0.0,3033750.0,BE,inf,False,,,,,,1.0,1.0
116,eGon2035,48625,48628,CH4,2011537.04583333,False,inf,0.0,384.404341111123,1.0,0.0,-1.0,1.0,0.0,2011537.04583333,CHFR,inf,False,,,,,,1.0,1.0
117,eGon2035,48625,70568,CH4,2290470.7583333342,False,inf,0.0,456.1337296983215,1.0,0.0,-1.0,1.0,0.0,2290470.7583333342,CH,inf,False,,,,,,1.0,1.0
118,eGon2035,48626,48633,CH4,1667916.66666667,False,inf,0.0,321.7396762680511,1.0,0.0,-1.0,1.0,0.0,1667916.66666667,CZPL,inf,False,,,,,,1.0,1.0
119,eGon2035,48626,70568,CH4,16414851.250000002,False,inf,0.0,399.44347989445237,1.0,0.0,-1.0,1.0,0.0,16414851.250000002,CZ,inf,False,,,,,,1.0,1.0
120,eGon2035,48627,48633,CH4,1657916.66666667,False,inf,0.0,776.3146853020132,1.0,0.0,-1.0,1.0,0.0,1657916.66666667,DKPL,inf,False,,,,,,1.0,1.0
121,eGon2035,48627,48634,CH4,2712500.0,False,inf,0.0,705.9106058086279,1.0,0.0,-1.0,1.0,0.0,2712500.0,DKSE,inf,False,,,,,,1.0,1.0
122,eGon2035,48627,70568,CH4,532500.0,False,inf,0.0,578.5168946258974,1.0,0.0,-1.0,1.0,0.0,532500.0,DK,inf,False,,,,,,1.0,1.0
123,eGon2035,48628,48632,CH4,2458333.3333333298,False,inf,0.0,1614.2552457929926,1.0,0.0,-1.0,1.0,0.0,2458333.3333333298,FRNO,inf,False,,,,,,1.0,1.0
124,eGon2035,48628,70568,CH4,5166666.666666664,False,inf,0.0,657.7873182720435,1.0,0.0,-1.0,1.0,0.0,5166666.666666664,FR,inf,False,,,,,,1.0,1.0
125,eGon2035,48629,48631,CH4,2058333.33333333,False,inf,0.0,810.1198420750754,1.0,0.0,-1.0,1.0,0.0,2058333.33333333,GBNL,inf,False,,,,,,1.0,1.0
126,eGon2035,48629,48632,CH4,6246250.0,False,inf,0.0,1113.888061977508,1.0,0.0,-1.0,1.0,0.0,6246250.0,GBNO,inf,False,,,,,,1.0,1.0
127,eGon2035,48630,70568,CH4,160000.0,False,inf,0.0,289.3039459177026,1.0,0.0,-1.0,1.0,0.0,160000.0,LU,inf,False,,,,,,1.0,1.0
128,eGon2035,48631,48632,CH4,4015241.6666666702,False,inf,0.0,974.5374824832013,1.0,0.0,-1.0,1.0,0.0,4015241.6666666702,NLNO,inf,False,,,,,,1.0,1.0
129,eGon2035,48631,70568,CH4,5071645.862500005,False,inf,0.0,342.95845999724355,1.0,0.0,-1.0,1.0,0.0,5071645.862500005,NL,inf,False,,,,,,1.0,1.0
130,eGon2035,48632,70568,CH4,5195833.333333321,False,inf,0.0,1135.6240739081334,1.0,0.0,-1.0,1.0,0.0,5195833.333333321,NO,inf,False,,,,,,1.0,1.0
131,eGon2035,48633,48636,CH4,1147916.66666667,False,inf,0.0,1510.5442323632253,1.0,0.0,-1.0,1.0,0.0,1147916.66666667,PLRU,inf,False,,,,,,1.0,1.0
132,eGon2035,48633,70568,CH4,203333.33333333343,False,inf,0.0,639.3625790162292,1.0,0.0,-1.0,1.0,0.0,203333.33333333343,PL,inf,False,,,,,,1.0,1.0
133,eGon2035,48636,70568,CH4,19371808.3333333,False,inf,0.0,2125.1005904464478,1.0,0.0,-1.0,1.0,0.0,19371808.3333333,RU,inf,False,,,,,,1.0,1.0
134,eGon2035,48637,4,H2_to_power,0.0,True,inf,757.6608980570378,0.0,0.5,0.0,0.0,1.0,0.0,0.002975038478661867,DE,10.0,False,,,,,,1.0,1.0
135,eGon2035,48637,4,H2_to_power,0.0,True,inf,757.6608980570378,0.0,0.5,0.0,0.0,1.0,0.0,0.002975038478660014,DE,10.0,False,,,,,,1.0,1.0
136,eGon2035,48637,4,H2_to_power,0.0,True,inf,757.6608980570378,0.0,0.5,0.0,0.0,1.0,0.0,0.002975038478661549,DE,10.0,False,,,,,,1.0,1.0
137,eGon2035,48637,4,H2_to_power,0.0,True,inf,757.6608980570378,0.0,0.5,0.0,0.0,1.0,0.0,0.002975038478660064,DE,10.0,False,,,,,,1.0,1.0
138,eGon2035,48637,4,H2_to_power,0.0,True,inf,757.6608980570378,0.0,0.5,0.0,0.0,1.0,0.0,0.0029750384786616426,DE,10.0,False,,,,,,1.0,1.0
139,eGon2035,48637,4,H2_to_power,0.0,True,inf,757.6608980570378,0.0,0.5,0.0,0.0,1.0,0.0,0.0029750384786600918,DE,10.0,False,,,,,,1.0,1.0
140,eGon2035,48637,4,H2_to_power,0.0,True,inf,757.6608980570378,0.0,0.5,0.0,0.0,1.0,0.0,0.002975038478661467,DE,10.0,False,,,,,,1.0,1.0
141,eGon2035,48637,4,H2_to_power,0.0,True,inf,757.6608980570378,0.0,0.5,0.0,0.0,1.0,0.0,0.002975038478660056,DE,10.0,False,,,,,,1.0,1.0
142,eGon2035,48637,4,H2_to_power,0.0,True,inf,757.6608980570378,0.0,0.5,0.0,0.0,1.0,0.0,0.002975038478661616,DE,10.0,False,,,,,,1.0,1.0
143,eGon2035,48637,4,H2_to_power,0.0,True,inf,757.6608980570378,0.0,0.5,0.0,0.0,1.0,0.0,0.002975038478659888,DE,10.0,False,,,,,,1.0,1.0
144,eGon2035,48637,4,H2_to_power,0.0,True,inf,757.6608980570378,0.0,0.5,0.0,0.0,1.0,0.0,0.0029750384786615728,DE,10.0,False,,,,,,1.0,1.0
145,eGon2035,49604,63629,central_heat_store_charger,0.0,True,inf,0.0,0.0,0.84,0.0,0.0,1.0,0.0,0.005003275843396539,DE,inf,False,,,,,,1.0,1.0
146,eGon2035,49934,63959,central_heat_store_charger,0.0,True,inf,0.0,0.0,0.84,0.0,0.0,1.0,0.0,0.005062158830690651,DE,inf,False,,,,,,1.0,1.0
147,eGon2035,4,36278,dsm,307.9355291790187,False,inf,0.0,0.0,1.0,0.0,0.0,1.0,0.0,307.9355291790187,DE,inf,False,,,,,,1.0,1.0
148,eGon2035,4,48637,power_to_H2,0.0,True,inf,137.26909325666216,0.0,0.7,0.0,0.0,1.0,0.0,0.00907445624740666,DE,31.0,False,,,,,,1.0,1.0
149,eGon2035,4,52023,rural_heat_pump,1727.0576273220904,False,inf,0.0,0.0,1.0,0.0,0.0,1.0,0.0,1727.0576273220904,DE,inf,False,,,,,,1.0,1.0
150,eGon2035,4,69893,BEV charger,3365.1462759673595,False,inf,0.0,0.0,0.9,0.0,0.0,1.0,0.0,3365.1462759673595,DE,inf,False,,,,,,1.0,1.0
151,eGon2035,4,70582,power_to_H2,0.0,True,inf,137.26909325666216,0.0,0.7,0.0,0.0,1.0,0.0,660.0788223649489,DE,31.0,False,,,,,,1.0,1.0
152,eGon2035,4,70599,central_heat_pump,32.42652217376987,False,inf,0.0,0.0,1.0,0.0,0.0,1.0,0.0,32.42652217376987,DE,inf,False,,,,,,1.0,1.0
153,eGon2035,4,70599,central_resistive_heater,27.488321722060395,False,inf,0.0,0.0,1.0,0.0,0.0,1.0,0.0,27.488321722060395,DE,inf,False,,,,,,1.0,1.0
154,eGon2035,4,70604,central_heat_pump,53.99352546233944,False,inf,0.0,0.0,1.0,0.0,0.0,1.0,0.0,53.99352546233944,DE,inf,False,,,,,,1.0,1.0
155,eGon2035,4,70604,central_resistive_heater,72.70191045165613,False,inf,0.0,0.0,1.0,0.0,0.0,1.0,0.0,72.70191045165613,DE,inf,False,,,,,,1.0,1.0
156,eGon2035,51537,65562,central_heat_store_charger,0.0,True,inf,0.0,0.0,0.84,0.0,0.0,1.0,0.0,0.004574074530973027,DE,inf,False,,,,,,1.0,1.0
157,eGon2035,51728,65753,central_heat_store_charger,0.0,True,inf,0.0,0.0,0.84,0.0,0.0,1.0,0.0,0.00460974110456742,DE,inf,False,,,,,,1.0,1.0
158,eGon2035,52023,66048,rural_heat_store_charger,0.0,True,inf,0.0,0.0,0.84,0.0,0.0,1.0,0.0,6142.706146315121,DE,inf,False,,,,,,1.0,1.0
159,eGon2035,52023,66048,rural_heat_store_charger,0.0,True,inf,0.0,0.0,0.84,0.0,0.0,1.0,0.0,2595.022872989295,DE,inf,False,,,,,,1.0,1.0
160,eGon2035,52023,66048,rural_heat_store_charger,0.0,True,inf,0.0,0.0,0.84,0.0,0.0,1.0,0.0,0.0,DE,inf,False,,,,,,1.0,1.0
161,eGon2035,52023,66048,rural_heat_store_charger,0.0,True,inf,0.0,0.0,0.84,0.0,0.0,1.0,0.0,0.0,DE,inf,False,,,,,,1.0,1.0
162,eGon2035,52023,66048,rural_heat_store_charger,0.0,True,inf,0.0,0.0,0.84,0.0,0.0,1.0,0.0,0.04760933004636446,DE,inf,False,,,,,,1.0,1.0
163,eGon2035,52023,66048,rural_heat_store_charger,0.0,True,inf,0.0,0.0,0.84,0.0,0.0,1.0,0.0,0.04918691870234167,DE,inf,False,,,,,,1.0,1.0
164,eGon2035,52023,66048,rural_heat_store_charger,0.0,True,inf,0.0,0.0,0.84,0.0,0.0,1.0,0.0,0.0,DE,inf,False,,,,,,1.0,1.0
165,eGon2035,52023,66048,rural_heat_store_charger,0.0,True,inf,0.0,0.0,0.8400000000000001,0.0,0.0,1.0,0.0,0.0,DE,inf,False,,,,,,1.0,1.0
166,eGon2035,52023,66048,rural_heat_store_charger,0.0,True,inf,0.0,0.0,0.84,0.0,0.0,1.0,0.0,0.0,DE,inf,False,,,,,,1.0,1.0
167,eGon2035,52023,66048,rural_heat_store_charger,0.0,True,inf,0.0,0.0,0.84,0.0,0.0,1.0,0.0,9361.24282541705,DE,inf,False,,,,,,1.0,1.0
168,eGon2035,52023,66048,rural_heat_store_charger,0.0,True,inf,0.0,0.0,0.84,0.0,0.0,1.0,0.0,2350.1112491517433,DE,inf,False,,,,,,1.0,1.0
169,eGon2035,52023,66048,rural_heat_store_charger,0.0,True,inf,0.0,0.0,0.8400000000000001,0.0,0.0,1.0,0.0,14392.034945525522,DE,inf,False,,,,,,1.0,1.0
170,eGon2035,52023,66048,rural_heat_store_charger,0.0,True,inf,0.0,0.0,0.84,0.0,0.0,1.0,0.0,9376.963951220707,DE,inf,False,,,,,,1.0,1.0
171,eGon2035,52023,66048,rural_heat_store_charger,0.0,True,inf,0.0,0.0,0.84,0.0,0.0,1.0,0.0,9916.599509731954,DE,inf,False,,,,,,1.0,1.0
172,eGon2035,52023,66048,rural_heat_store_charger,0.0,True,inf,0.0,0.0,0.84,0.0,0.0,1.0,0.0,0.005539568210213181,DE,inf,False,,,,,,1.0,1.0
173,eGon2035,52023,66048,rural_heat_store_charger,0.0,True,inf,0.0,0.0,0.8399999999999999,0.0,0.0,1.0,0.0,2844.3269101515,DE,inf,False,,,,,,1.0,1.0
174,eGon2035,4,36278,dsm,57.816969787992676,False,inf,0.0,0.0,1.0,0.0,0.0,1.0,0.0,57.816969787992676,DE,inf,False,,,,,,1.0,1.0
175,eGon2035,4,48637,power_to_H2,0.0,True,inf,137.26909325666216,0.0,0.7,0.0,0.0,1.0,0.0,0.00907445624741303,DE,31.0,False,,,,,,1.0,1.0
176,eGon2035,4,52023,rural_heat_pump,499.8615123808934,False,inf,0.0,0.0,1.0,0.0,0.0,1.0,0.0,499.8615123808934,DE,inf,False,,,,,,1.0,1.0
177,eGon2035,4,69893,BEV charger,866.1305892467499,False,inf,0.0,0.0,0.9,0.0,0.0,1.0,0.0,866.1305892467499,DE,inf,False,,,,,,1.0,1.0
178,eGon2035,4,70582,power_to_H2,0.0,True,inf,137.26909325666216,0.0,0.7,0.0,0.0,1.0,0.0,660.0793928189474,DE,31.0,False,,,,,,1.0,1.0
179,eGon2035,4,70598,central_heat_pump,2.5845928027028164,False,inf,0.0,0.0,1.0,0.0,0.0,1.0,0.0,2.5845928027028164,DE,inf,False,,,,,,1.0,1.0
180,eGon2035,4,70598,central_resistive_heater,0.5220206982636797,False,inf,0.0,0.0,1.0,0.0,0.0,1.0,0.0,0.5220206982636797,DE,inf,False,,,,,,1.0,1.0
181,eGon2035,63629,49604,central_heat_store_discharger,0.0,True,inf,0.0,0.0,0.84,0.0,0.0,1.0,0.0,0.004028951021974698,DE,inf,False,,,,,,1.0,1.0
182,eGon2035,63959,49934,central_heat_store_discharger,0.0,True,inf,0.0,0.0,0.84,0.0,0.0,1.0,0.0,0.004078344574359139,DE,inf,False,,,,,,1.0,1.0
183,eGon2035,65562,51537,central_heat_store_discharger,0.0,True,inf,0.0,0.0,0.84,0.0,0.0,1.0,0.0,0.003874296496198781,DE,inf,False,,,,,,1.0,1.0
184,eGon2035,65753,51728,central_heat_store_discharger,0.0,True,inf,0.0,0.0,0.84,0.0,0.0,1.0,0.0,0.003887258241844926,DE,inf,False,,,,,,1.0,1.0
185,eGon2035,66048,52023,rural_heat_store_discharger,0.0,True,inf,0.0,0.0,0.84,0.0,0.0,1.0,0.0,9652.825469690828,DE,inf,False,,,,,,1.0,1.0
186,eGon2035,66048,52023,rural_heat_store_discharger,0.0,True,inf,0.0,0.0,0.84,0.0,0.0,1.0,0.0,5329.22279606376,DE,inf,False,,,,,,1.0,1.0
187,eGon2035,66048,52023,rural_heat_store_discharger,0.0,True,inf,0.0,0.0,0.84,0.0,0.0,1.0,0.0,0.0525539100652483,DE,inf,False,,,,,,1.0,1.0
188,eGon2035,66048,52023,rural_heat_store_discharger,0.0,True,inf,0.0,0.0,0.84,0.0,0.0,1.0,0.0,0.05317375872148318,DE,inf,False,,,,,,1.0,1.0
189,eGon2035,66048,52023,rural_heat_store_discharger,0.0,True,inf,0.0,0.0,0.84,0.0,0.0,1.0,0.0,0.05387611393816827,DE,inf,False,,,,,,1.0,1.0
190,eGon2035,66048,52023,rural_heat_store_discharger,0.0,True,inf,0.0,0.0,0.84,0.0,0.0,1.0,0.0,0.04195116893999543,DE,inf,False,,,,,,1.0,1.0
191,eGon2035,66048,52023,rural_heat_store_discharger,0.0,True,inf,0.0,0.0,0.84,0.0,0.0,1.0,0.0,0.05286785266231736,DE,inf,False,,,,,,1.0,1.0
192,eGon2035,66048,52023,rural_heat_store_discharger,0.0,True,inf,0.0,0.0,0.8400000000000001,0.0,0.0,1.0,0.0,0.0,DE,inf,False,,,,,,1.0,1.0
193,eGon2035,66048,52023,rural_heat_store_discharger,0.0,True,inf,0.0,0.0,0.84,0.0,0.0,1.0,0.0,0.053377108698337505,DE,inf,False,,,,,,1.0,1.0
194,eGon2035,66048,52023,rural_heat_store_discharger,0.0,True,inf,0.0,0.0,0.84,0.0,0.0,1.0,0.0,0.0,DE,inf,False,,,,,,1.0,1.0
195,eGon2035,66048,52023,rural_heat_store_discharger,0.0,True,inf,0.0,0.0,0.84,0.0,0.0,1.0,0.0,0.025153244927862528,DE,inf,False,,,,,,1.0,1.0
196,eGon2035,66048,52023,rural_heat_store_discharger,0.0,True,inf,0.0,0.0,0.8400000000000001,0.0,0.0,1.0,0.0,8084.87118055166,DE,inf,False,,,,,,1.0,1.0
197,eGon2035,66048,52023,rural_heat_store_discharger,0.0,True,inf,0.0,0.0,0.84,0.0,0.0,1.0,0.0,0.23878982890017966,DE,inf,False,,,,,,1.0,1.0
198,eGon2035,66048,52023,rural_heat_store_discharger,0.0,True,inf,0.0,0.0,0.84,0.0,0.0,1.0,0.0,0.10190353446632294,DE,inf,False,,,,,,1.0,1.0
199,eGon2035,66048,52023,rural_heat_store_discharger,0.0,True,inf,0.0,0.0,0.84,0.0,0.0,1.0,0.0,0.05298353318699844,DE,inf,False,,,,,,1.0,1.0
200,eGon2035,66048,52023,rural_heat_store_discharger,0.0,True,inf,0.0,0.0,0.8399999999999999,0.0,0.0,1.0,0.0,9458.83120278057,DE,inf,False,,,,,,1.0,1.0
201,eGon2035,4,36278,dsm,210.47863946889848,False,inf,0.0,0.0,1.0,0.0,0.0,1.0,0.0,210.47863946889848,DE,inf,False,,,,,,1.0,1.0
202,eGon2035,4,48637,power_to_H2,0.0,True,inf,137.26909325666216,0.0,0.7,0.0,0.0,1.0,0.0,0.009074456247407074,DE,31.0,False,,,,,,1.0,1.0
203,eGon2035,4,52023,rural_heat_pump,2203.1850483503968,False,inf,0.0,0.0,1.0,0.0,0.0,1.0,0.0,2203.1850483503968,DE,inf,False,,,,,,1.0,1.0
204,eGon2035,4,69893,BEV charger,3672.27557182312,False,inf,0.0,0.0,0.9000000000000001,0.0,0.0,1.0,0.0,3672.27557182312,DE,inf,False,,,,,,1.0,1.0
205,eGon2035,4,70582,power_to_H2,0.0,True,inf,137.26909325666216,0.0,0.7,0.0,0.0,1.0,0.0,660.0788143249958,DE,31.0,False,,,,,,1.0,1.0
206,eGon2035,4,70590,central_heat_pump,64.17986220951906,False,inf,0.0,0.0,1.0,0.0,0.0,1.0,0.0,64.17986220951906,DE,inf,False,,,,,,1.0,1.0
207,eGon2035,4,70590,central_resistive_heater,45.6364921984615,False,inf,0.0,0.0,1.0,0.0,0.0,1.0,0.0,45.6364921984615,DE,inf,False,,,,,,1.0,1.0
208,eGon2035,70568,4,OCGT,1945.2380952380954,False,inf,0.0,0.0,0.42,0.0,0.2,1.0,10.714285714285715,1945.2380952380954,DE,inf,True,,,,0.0,1.0,0.2,0.2
209,eGon2035,70568,4,central_gas_CHP,2137.4861013539453,False,inf,0.0,0.0,0.43,0.0,0.0,1.0,4.131211734693878,2137.4861013539453,DE,inf,False,,,,,,1.0,1.0
210,eGon2035,70568,4,industrial_gas_CHP,894.5860615180832,False,inf,0.0,0.0,0.43000000000000005,0.0,0.0,1.0,4.15,894.5860615180832,DE,inf,False,,,,,,1.0,1.0
211,eGon2035,70568,4,OCGT,55.47619047619048,False,inf,0.0,0.0,0.42,0.0,0.2,1.0,10.714285714285715,55.47619047619048,DE,inf,True,,,,0.0,1.0,0.2,0.2
212,eGon2035,70568,4,central_gas_CHP,4857.033059120661,False,inf,0.0,0.0,0.43,0.0,0.0,1.0,4.1160100422176695,4857.033059120661,DE,inf,False,,,,,,1.0,1.0
213,eGon2035,70568,4,industrial_gas_CHP,1246.1248174351335,False,inf,0.0,0.0,0.43,0.0,0.0,1.0,4.15,1246.1248174351335,DE,inf,False,,,,,,1.0,1.0
214,eGon2035,70568,4,central_gas_CHP,3694.68351411688,False,inf,0.0,0.0,0.43,0.0,0.0,1.0,4.122557720057721,3694.68351411688,DE,inf,False,,,,,,1.0,1.0
215,eGon2035,70568,4,industrial_gas_CHP,941.2431663009418,False,inf,0.0,0.0,0.43,0.0,0.0,1.0,4.15,941.2431663009418,DE,inf,False,,,,,,1.0,1.0
216,eGon2035,70568,4,central_gas_CHP,4771.964921282557,False,inf,0.0,0.0,0.43,0.0,0.0,1.0,4.121267371021836,4771.964921282557,DE,inf,False,,,,,,1.0,1.0
217,eGon2035,70568,4,industrial_gas_CHP,565.8682014778267,False,inf,0.0,0.0,0.42999999999999994,0.0,0.0,1.0,4.15,565.8682014778267,DE,inf,False,,,,,,1.0,1.0
218,eGon2035,70568,4,OCGT,436.6666666666667,False,inf,0.0,0.0,0.42,0.0,0.2,1.0,10.714285714285715,436.6666666666667,DE,inf,True,,,,0.0,1.0,0.2,0.2
219,eGon2035,70568,4,central_gas_CHP,3332.602853653251,False,inf,0.0,0.0,0.43,0.0,0.0,1.0,4.1223379629629635,3332.602853653251,DE,inf,False,,,,,,1.0,1.0
220,eGon2035,70568,4,industrial_gas_CHP,253.40169871304252,False,inf,0.0,0.0,0.43,0.0,0.0,1.0,4.15,253.40169871304252,DE,inf,False,,,,,,1.0,1.0
221,eGon2035,70568,4,OCGT,939.5238095238096,False,inf,0.0,0.0,0.42,0.0,0.2,1.0,10.714285714285715,939.5238095238096,DE,inf,True,,,,0.0,1.0,0.2,0.2
222,eGon2035,70568,4,central_gas_CHP,9282.739796630935,False,inf,0.0,0.0,0.42999999999999994,0.0,0.0,1.0,4.125001768281366,9282.739796630935,DE,inf,False,,,,,,1.0,1.0
223,eGon2035,70568,4,industrial_gas_CHP,4925.622514694734,False,inf,0.0,0.0,0.43,0.0,0.0,1.0,4.15,4925.622514694734,DE,inf,False,,,,,,1.0,1.0
224,eGon2035,70568,4,OCGT,1439.2857142857144,False,inf,0.0,0.0,0.42,0.0,0.2,1.0,10.714285714285715,1439.2857142857144,DE,inf,True,,,,0.0,1.0,0.2,0.2
225,eGon2035,70568,4,central_gas_CHP,1246.4180975003676,False,inf,0.0,0.0,0.43,0.0,0.0,1.0,4.129632936507937,1246.4180975003676,DE,inf,False,,,,,,1.0,1.0
226,eGon2035,70568,4,industrial_gas_CHP,451.11333074551254,False,inf,0.0,0.0,0.43,0.0,0.0,1.0,4.15,451.11333074551254,DE,inf,False,,,,,,1.0,1.0
227,eGon2035,70568,4,central_gas_CHP,1482.6759870287462,False,inf,0.0,0.0,0.43,0.0,0.0,1.0,4.1173109243697485,1482.6759870287462,DE,inf,False,,,,,,1.0,1.0
228,eGon2035,70568,4,industrial_gas_CHP,616.2302998921718,False,inf,0.0,0.0,0.43,0.0,0.0,1.0,4.15,616.2302998921718,DE,inf,False,,,,,,1.0,1.0
229,eGon2035,70568,4,central_gas_CHP,1632.0380743544413,False,inf,0.0,0.0,0.43,0.0,0.0,1.0,4.128177209695067,1632.0380743544413,DE,inf,False,,,,,,1.0,1.0
230,eGon2035,70568,4,industrial_gas_CHP,730.2279480289121,False,inf,0.0,0.0,0.43,0.0,0.0,1.0,4.15,730.2279480289121,DE,inf,False,,,,,,1.0,1.0
231,eGon2035,70568,4,central_gas_CHP,10902.848919769274,False,inf,0.0,0.0,0.43,0.0,0.0,1.0,4.121267998108335,10902.848919769274,DE,inf,False,,,,,,1.0,1.0
232,eGon2035,70568,4,industrial_gas_CHP,339.76930847524335,False,inf,0.0,0.0,0.43,0.0,0.0,1.0,4.15,339.76930847524335,DE,inf,False,,,,,,1.0,1.0
233,eGon2035,70568,4,OCGT,2233.3333333333335,False,inf,0.0,0.0,0.42,0.0,0.2,1.0,10.714285714285715,2233.3333333333335,DE,inf,True,,,,0.0,1.0,0.2,0.2
234,eGon2035,70568,4,central_gas_CHP,1950.3890745739084,False,inf,0.0,0.0,0.43,0.0,0.0,1.0,4.110945233338091,1950.3890745739084,DE,inf,False,,,,,,1.0,1.0
235,eGon2035,70568,4,industrial_gas_CHP,1070.772587511467,False,inf,0.0,0.0,0.43,0.0,0.0,1.0,4.15,1070.772587511467,DE,inf,False,,,,,,1.0,1.0
236,eGon2035,70568,49604,central_gas_CHP_heat,1081.61158,False,inf,0.0,0.0,2.8666666666666663,0.0,0.0,1.0,0.0,1081.61158,DE,inf,False,,,,,,1.0,1.0
237,eGon2035,70568,49604,central_gas_boiler,479116.868844484,False,inf,0.0,0.0,1.04,0.0,0.0,1.0,1.0,479116.868844484,DE,inf,False,,,,,,1.0,1.0
238,eGon2035,70568,49934,central_gas_CHP_heat,92.87845000000003,False,inf,0.0,0.0,2.8666666666666663,0.0,0.0,1.0,0.0,92.87845000000003,DE,inf,False,,,,,,1.0,1.0
239,eGon2035,70568,49934,central_gas_boiler,123264.15861109801,False,inf,0.0,0.0,1.04,0.0,0.0,1.0,1.0,123264.15861109801,DE,inf,False,,,,,,1.0,1.0
240,eGon2035,70568,4,central_gas_CHP,6264.054074667451,False,inf,0.0,0.0,0.43,0.0,0.0,1.0,4.121841092344189,6264.054074667451,DE,inf,False,,,,,,1.0,1.0
241,eGon2035,70568,4,industrial_gas_CHP,1683.0782919851856,False,inf,0.0,0.0,0.43,0.0,0.0,1.0,4.15,1683.0782919851856,DE,inf,False,,,,,,1.0,1.0
242,eGon2035,70568,51537,central_gas_CHP_heat,59.994,False,inf,0.0,0.0,2.8666666666666663,0.0,0.0,1.0,0.0,59.994,DE,inf,False,,,,,,1.0,1.0
243,eGon2035,70568,51537,central_gas_boiler,139381.54535526928,False,inf,0.0,0.0,1.04,0.0,0.0,1.0,1.0,139381.54535526928,DE,inf,False,,,,,,1.0,1.0
244,eGon2035,70568,51728,central_gas_CHP_heat,160.17849999999999,False,inf,0.0,0.0,2.8666666666666663,0.0,0.0,1.0,0.0,160.17849999999999,DE,inf,False,,,,,,1.0,1.0
245,eGon2035,70568,51728,central_gas_boiler,75821.66787597864,False,inf,0.0,0.0,1.04,0.0,0.0,1.0,1.0,75821.66787597864,DE,inf,False,,,,,,1.0,1.0
246,eGon2035,70568,4,central_gas_CHP,109.98335681716812,False,inf,0.0,0.0,0.43,0.0,0.0,1.0,4.142500000000001,109.98335681716812,DE,inf,False,,,,,,1.0,1.0
247,eGon2035,70568,4,industrial_gas_CHP,2068.7073126309556,False,inf,0.0,0.0,0.43,0.0,0.0,1.0,4.15,2068.7073126309556,DE,inf,False,,,,,,1.0,1.0
248,eGon2035,70568,4,OCGT,188.0952380952381,False,inf,0.0,0.0,0.42,0.0,0.2,1.0,10.714285714285715,188.0952380952381,DE,inf,True,,,,0.0,1.0,0.2,0.2
249,eGon2035,70568,4,central_gas_CHP,3602.440850148855,False,inf,0.0,0.0,0.42999999999999994,0.0,0.0,1.0,4.119365673730865,3602.440850148855,DE,inf,False,,,,,,1.0,1.0
250,eGon2035,70568,4,industrial_gas_CHP,691.69338651089,False,inf,0.0,0.0,0.43000000000000005,0.0,0.0,1.0,4.15,691.69338651089,DE,inf,False,,,,,,1.0,1.0
251,eGon2035,70568,70582,CH4_to_H2,0.0,True,inf,218.9158693931025,0.0,0.74,0.0,0.0,1.0,0.0,0.00493087431175514,DE,25.0,False,,,,,,1.0,1.0
252,eGon2035,70568,70583,central_gas_CHP_heat,322.9434,False,inf,0.0,0.0,2.8666666666666663,0.0,0.0,1.0,0.0,322.9434,DE,inf,False,,,,,,1.0,1.0
253,eGon2035,70568,70583,central_gas_boiler,190561.10467337177,False,inf,0.0,0.0,1.04,0.0,0.0,1.0,1.0,190561.10467337177,DE,inf,False,,,,,,1.0,1.0
254,eGon2035,70568,70584,central_gas_CHP_heat,2227.9278000000004,False,inf,0.0,0.0,2.8666666666666663,0.0,0.0,1.0,0.0,2227.9278000000004,DE,inf,False,,,,,,1.0,1.0
255,eGon2035,70568,70584,central_gas_boiler,310749.5378756657,False,inf,0.0,0.0,1.04,0.0,0.0,1.0,1.0,310749.5378756657,DE,inf,False,,,,,,1.0,1.0
256,eGon2035,70568,70585,central_gas_CHP_heat,1841.86515,False,inf,0.0,0.0,2.8666666666666663,0.0,0.0,1.0,0.0,1841.86515,DE,inf,False,,,,,,1.0,1.0
257,eGon2035,70568,70585,central_gas_boiler,371325.00288473954,False,inf,0.0,0.0,1.04,0.0,0.0,1.0,1.0,371325.00288473954,DE,inf,False,,,,,,1.0,1.0
258,eGon2035,70568,70587,central_gas_CHP_heat,2408.0267200000003,False,inf,0.0,0.0,2.8666666666666663,0.0,0.0,1.0,0.0,2408.0267200000003,DE,inf,False,,,,,,1.0,1.0
259,eGon2035,70568,70587,central_gas_boiler,854103.8650644978,False,inf,0.0,0.0,1.04,0.0,0.0,1.0,1.0,854103.8650644978,DE,inf,False,,,,,,1.0,1.0
260,eGon2035,70568,70589,central_gas_CHP_heat,789.17583,False,inf,0.0,0.0,2.8666666666666663,0.0,0.0,1.0,0.0,789.17583,DE,inf,False,,,,,,1.0,1.0
261,eGon2035,70568,70589,central_gas_boiler,148632.38681065053,False,inf,0.0,0.0,1.04,0.0,0.0,1.0,1.0,148632.38681065053,DE,inf,False,,,,,,1.0,1.0
262,eGon2035,70568,70590,central_gas_CHP_heat,1725.0519,False,inf,0.0,0.0,2.8666666666666663,0.0,0.0,1.0,0.0,1725.0519,DE,inf,False,,,,,,1.0,1.0
263,eGon2035,70568,70590,central_gas_boiler,419642.5868691266,False,inf,0.0,0.0,1.04,0.0,0.0,1.0,1.0,419642.5868691266,DE,inf,False,,,,,,1.0,1.0
264,eGon2035,70568,70591,central_gas_CHP_heat,4313.03755,False,inf,0.0,0.0,2.8666666666666663,0.0,0.0,1.0,0.0,4313.03755,DE,inf,False,,,,,,1.0,1.0
265,eGon2035,70568,70591,central_gas_boiler,1524039.892843765,False,inf,0.0,0.0,1.04,0.0,0.0,1.0,1.0,1524039.892843765,DE,inf,False,,,,,,1.0,1.0
266,eGon2035,70568,70592,central_gas_CHP_heat,1576.5837,False,inf,0.0,0.0,2.8666666666666663,0.0,0.0,1.0,0.0,1576.5837,DE,inf,False,,,,,,1.0,1.0
267,eGon2035,70568,70592,central_gas_boiler,181992.44893398837,False,inf,0.0,0.0,1.04,0.0,0.0,1.0,1.0,181992.44893398837,DE,inf,False,,,,,,1.0,1.0
268,eGon2035,70568,70593,central_gas_CHP_heat,198.08974999999998,False,inf,0.0,0.0,2.8666666666666663,0.0,0.0,1.0,0.0,198.08974999999998,DE,inf,False,,,,,,1.0,1.0
269,eGon2035,70568,70593,central_gas_boiler,103609.86081146824,False,inf,0.0,0.0,1.04,0.0,0.0,1.0,1.0,103609.86081146824,DE,inf,False,,,,,,1.0,1.0
270,eGon2035,70568,70594,central_gas_CHP_heat,842.83898,False,inf,0.0,0.0,2.8666666666666663,0.0,0.0,1.0,0.0,842.83898,DE,inf,False,,,,,,1.0,1.0
271,eGon2035,70568,70594,central_gas_boiler,612910.1895488517,False,inf,0.0,0.0,1.04,0.0,0.0,1.0,1.0,612910.1895488517,DE,inf,False,,,,,,1.0,1.0
272,eGon2035,70568,70595,central_gas_CHP_heat,1051.4029,False,inf,0.0,0.0,2.8666666666666663,0.0,0.0,1.0,0.0,1051.4029,DE,inf,False,,,,,,1.0,1.0
273,eGon2035,70568,70595,central_gas_boiler,231448.46168027952,False,inf,0.0,0.0,1.04,0.0,0.0,1.0,1.0,231448.46168027952,DE,inf,False,,,,,,1.0,1.0
274,eGon2035,70568,70596,central_gas_CHP_heat,2166.67025,False,inf,0.0,0.0,2.8666666666666663,0.0,0.0,1.0,0.0,2166.67025,DE,inf,False,,,,,,1.0,1.0
275,eGon2035,70568,70596,central_gas_boiler,176818.32310862382,False,inf,0.0,0.0,1.04,0.0,0.0,1.0,1.0,176818.32310862382,DE,inf,False,,,,,,1.0,1.0
276,eGon2035,70568,70597,central_gas_CHP_heat,1392.7321,False,inf,0.0,0.0,2.8666666666666663,0.0,0.0,1.0,0.0,1392.7321,DE,inf,False,,,,,,1.0,1.0
277,eGon2035,70568,70597,central_gas_boiler,378292.4417330661,False,inf,0.0,0.0,1.04,0.0,0.0,1.0,1.0,378292.4417330661,DE,inf,False,,,,,,1.0,1.0
278,eGon2035,70568,70598,central_gas_CHP_heat,16.617600000000003,False,inf,0.0,0.0,2.8666666666666663,0.0,0.0,1.0,0.0,16.617600000000003,DE,inf,False,,,,,,1.0,1.0
279,eGon2035,70568,70598,central_gas_boiler,12059.054634862572,False,inf,0.0,0.0,1.04,0.0,0.0,1.0,1.0,12059.054634862572,DE,inf,False,,,,,,1.0,1.0
280,eGon2035,70568,70599,central_gas_CHP_heat,6283.7313,False,inf,0.0,0.0,2.8666666666666663,0.0,0.0,1.0,0.0,6283.7313,DE,inf,False,,,,,,1.0,1.0
281,eGon2035,70568,70599,central_gas_boiler,323908.35143663787,False,inf,0.0,0.0,1.04,0.0,0.0,1.0,1.0,323908.35143663787,DE,inf,False,,,,,,1.0,1.0
282,eGon2035,70568,70601,central_gas_CHP_heat,58.3858,False,inf,0.0,0.0,2.8666666666666663,0.0,0.0,1.0,0.0,58.3858,DE,inf,False,,,,,,1.0,1.0
283,eGon2035,70568,70601,central_gas_boiler,47388.373016714555,False,inf,0.0,0.0,1.04,0.0,0.0,1.0,1.0,47388.373016714555,DE,inf,False,,,,,,1.0,1.0
284,eGon2035,70568,70602,central_gas_CHP_heat,1068.8470000000002,False,inf,0.0,0.0,2.8666666666666663,0.0,0.0,1.0,0.0,1068.8470000000002,DE,inf,False,,,,,,1.0,1.0
285,eGon2035,70568,70602,central_gas_boiler,1173555.4840017273,False,inf,0.0,0.0,1.04,0.0,0.0,1.0,1.0,1173555.4840017273,DE,inf,False,,,,,,1.0,1.0
286,eGon2035,70568,70604,central_gas_CHP_heat,710.95605,False,inf,0.0,0.0,2.8666666666666663,0.0,0.0,1.0,0.0,710.95605,DE,inf,False,,,,,,1.0,1.0
287,eGon2035,70568,70604,central_gas_boiler,405532.10606942704,False,inf,0.0,0.0,1.04,0.0,0.0,1.0,1.0,405532.10606942704,DE,inf,False,,,,,,1.0,1.0
288,eGon2035,70568,4,OCGT,4873.809523809524,False,inf,0.0,0.0,0.42,0.0,0.2,1.0,10.714285714285715,4873.809523809524,DE,inf,True,,,,0.0,1.0,0.2,0.2
289,eGon2035,70568,4,central_gas_CHP,17583.199866000792,False,inf,0.0,0.0,0.42999999999999994,0.0,0.0,1.0,4.121754930675386,17583.199866000792,DE,inf,False,,,,,,1.0,1.0
290,eGon2035,70568,4,industrial_gas_CHP,4308.685028380653,False,inf,0.0,0.0,0.43,0.0,0.0,1.0,4.15,4308.685028380653,DE,inf,False,,,,,,1.0,1.0
291,eGon2035,70568,4,OCGT,3350.0,False,inf,0.0,0.0,0.42,0.0,0.2,1.0,10.714285714285715,3350.0,DE,inf,True,,,,0.0,1.0,0.2,0.2
292,eGon2035,70568,4,central_gas_CHP,6686.544695826151,False,inf,0.0,0.0,0.43,0.0,0.0,1.0,4.116596961152882,6686.544695826151,DE,inf,False,,,,,,1.0,1.0
293,eGon2035,70568,4,industrial_gas_CHP,974.7991455923234,False,inf,0.0,0.0,0.43,0.0,0.0,1.0,4.15,974.7991455923234,DE,inf,False,,,,,,1.0,1.0
294,eGon2035,70582,4,H2_to_power,0.0,True,inf,757.6608980570378,0.0,0.5,0.0,0.0,1.0,0.0,0.0019425806131456115,DE,10.0,False,,,,,,1.0,1.0
295,eGon2035,70582,4,H2_to_power,0.0,True,inf,757.6608980570378,0.0,0.5,0.0,0.0,1.0,0.0,0.0019425806131500541,DE,10.0,False,,,,,,1.0,1.0
296,eGon2035,70582,4,H2_to_power,0.0,True,inf,757.6608980570378,0.0,0.5,0.0,0.0,1.0,0.0,0.0019425806131456486,DE,10.0,False,,,,,,1.0,1.0
297,eGon2035,70582,4,H2_to_power,0.0,True,inf,757.6608980570378,0.0,0.5,0.0,0.0,1.0,0.0,0.0019425806131500628,DE,10.0,False,,,,,,1.0,1.0
298,eGon2035,70582,4,H2_to_power,0.0,True,inf,757.6608980570378,0.0,0.5,0.0,0.0,1.0,0.0,0.001942580613145844,DE,10.0,False,,,,,,1.0,1.0
299,eGon2035,70582,4,H2_to_power,0.0,True,inf,757.6608980570378,0.0,0.5,0.0,0.0,1.0,0.0,0.0019425806131499331,DE,10.0,False,,,,,,1.0,1.0
300,eGon2035,70582,4,H2_to_power,0.0,True,17.0,757.6608980570378,0.0,0.5,0.0,0.0,1.0,0.0,0.001936341918124558,DE,10.0,False,,,,,,1.0,1.0
301,eGon2035,70582,4,H2_to_power,0.0,True,16.0,757.6608980570378,0.0,0.5,0.0,0.0,1.0,0.0,0.0019335843939117065,DE,10.0,False,,,,,,1.0,1.0
302,eGon2035,70582,4,H2_to_power,0.0,True,9.0,757.6608980570378,0.0,0.5,0.0,0.0,1.0,0.0,0.0019007373768119599,DE,10.0,False,,,,,,1.0,1.0
303,eGon2035,70582,4,H2_to_power,0.0,True,inf,757.6608980570378,0.0,0.5,0.0,0.0,1.0,0.0,0.0019425806131499735,DE,10.0,False,,,,,,1.0,1.0
304,eGon2035,70582,4,H2_to_power,0.0,True,inf,757.6608980570378,0.0,0.5,0.0,0.0,1.0,0.0,0.0019425806131457485,DE,10.0,False,,,,,,1.0,1.0
305,eGon2035,70582,4,H2_to_power,0.0,True,inf,757.6608980570379,0.0,0.5,0.0,0.0,1.0,0.0,0.001942580613145159,DE,10.0,False,,,,,,1.0,1.0
306,eGon2035,70582,4,H2_to_power,0.0,True,inf,757.6608980570379,0.0,0.5,0.0,0.0,1.0,0.0,0.001942580613145941,DE,10.0,False,,,,,,1.0,1.0
307,eGon2035,70582,4,H2_to_power,0.0,True,inf,757.6608980570378,0.0,0.5,0.0,0.0,1.0,0.0,0.0019425806131450757,DE,10.0,False,,,,,,1.0,1.0
308,eGon2035,70582,70568,H2_to_CH4,0.0,True,inf,93.56713264971285,0.0,0.8,0.0,0.0,1.0,25.0,0.01053181790088468,DE,30.0,False,,,,,,1.0,1.0
309,eGon2035,70582,4,H2_to_power,0.0,True,inf,757.6608980570378,0.0,0.5,0.0,0.0,1.0,0.0,0.0019425806131458698,DE,10.0,False,,,,,,1.0,1.0
310,eGon2035,70582,4,H2_to_power,0.0,True,inf,757.6608980570378,0.0,0.5,0.0,0.0,1.0,0.0,0.0019425806131450616,DE,10.0,False,,,,,,1.0,1.0
311,eGon2035,70583,70605,central_heat_store_charger,0.0,True,inf,0.0,0.0,0.84,0.0,0.0,1.0,0.0,0.004585048785727963,DE,inf,False,,,,,,1.0,1.0
312,eGon2035,70584,70606,central_heat_store_charger,0.0,True,inf,0.0,0.0,0.84,0.0,0.0,1.0,0.0,0.004495510971594285,DE,inf,False,,,,,,1.0,1.0
313,eGon2035,70585,70607,central_heat_store_charger,0.0,True,inf,0.0,0.0,0.84,0.0,0.0,1.0,0.0,16.363739128187802,DE,inf,False,,,,,,1.0,1.0
314,eGon2035,70587,70608,central_heat_store_charger,0.0,True,inf,0.0,0.0,0.84,0.0,0.0,1.0,0.0,0.004458601033775267,DE,inf,False,,,,,,1.0,1.0
315,eGon2035,70589,70609,central_heat_store_charger,0.0,True,inf,0.0,0.0,0.84,0.0,0.0,1.0,0.0,0.004593109629077219,DE,inf,False,,,,,,1.0,1.0
316,eGon2035,70590,70610,central_heat_store_charger,0.0,True,inf,0.0,0.0,0.84,0.0,0.0,1.0,0.0,0.004476258358806717,DE,inf,False,,,,,,1.0,1.0
317,eGon2035,70591,70611,central_heat_store_charger,0.0,True,inf,0.0,0.0,0.8400000000000001,0.0,0.0,1.0,0.0,0.02361869355439694,DE,inf,False,,,,,,1.0,1.0
318,eGon2035,70592,70612,central_heat_store_charger,0.0,True,inf,0.0,0.0,0.84,0.0,0.0,1.0,0.0,0.004593640711078706,DE,inf,False,,,,,,1.0,1.0
319,eGon2035,70593,70613,central_heat_store_charger,0.0,True,inf,0.0,0.0,0.84,0.0,0.0,1.0,0.0,23.412282966867252,DE,inf,False,,,,,,1.0,1.0
320,eGon2035,70594,70614,central_heat_store_charger,0.0,True,inf,0.0,0.0,0.84,0.0,0.0,1.0,0.0,0.004462092987324695,DE,inf,False,,,,,,1.0,1.0
321,eGon2035,70595,70615,central_heat_store_charger,0.0,True,inf,0.0,0.0,0.8400000000000001,0.0,0.0,1.0,0.0,0.004506497411654209,DE,inf,False,,,,,,1.0,1.0
322,eGon2035,70596,70616,central_heat_store_charger,0.0,True,inf,0.0,0.0,0.84,0.0,0.0,1.0,0.0,50.196666918455975,DE,inf,False,,,,,,1.0,1.0
323,eGon2035,70597,70617,central_heat_store_charger,0.0,True,inf,0.0,0.0,0.84,0.0,0.0,1.0,0.0,22.755179677317642,DE,inf,False,,,,,,1.0,1.0
324,eGon2035,70598,70618,central_heat_store_charger,0.0,True,inf,0.0,0.0,0.84,0.0,0.0,1.0,0.0,0.004447380605586249,DE,inf,False,,,,,,1.0,1.0
325,eGon2035,70599,70619,central_heat_store_charger,0.0,True,inf,0.0,0.0,0.84,0.0,0.0,1.0,0.0,232.37341895219575,DE,inf,False,,,,,,1.0,1.0
326,eGon2035,70601,70620,central_heat_store_charger,0.0,True,inf,0.0,0.0,0.84,0.0,0.0,1.0,0.0,22734.709114888374,DE,inf,False,,,,,,1.0,1.0
327,eGon2035,70602,70621,central_heat_store_charger,0.0,True,inf,0.0,0.0,0.84,0.0,0.0,1.0,0.0,0.0048469586096100414,DE,inf,False,,,,,,1.0,1.0
328,eGon2035,70604,70622,central_heat_store_charger,0.0,True,inf,0.0,0.0,0.84,0.0,0.0,1.0,0.0,6.673989643337283,DE,inf,False,,,,,,1.0,1.0
329,eGon2035,70605,70583,central_heat_store_discharger,0.0,True,inf,0.0,0.0,0.84,0.0,0.0,1.0,0.0,0.003922008960085042,DE,inf,False,,,,,,1.0,1.0
330,eGon2035,70606,70584,central_heat_store_discharger,0.0,True,inf,0.0,0.0,0.84,0.0,0.0,1.0,0.0,0.003806146392669483,DE,inf,False,,,,,,1.0,1.0
331,eGon2035,70607,70585,central_heat_store_discharger,0.0,True,inf,0.0,0.0,0.84,0.0,0.0,1.0,0.0,13.601687683517738,DE,inf,False,,,,,,1.0,1.0
332,eGon2035,70608,70587,central_heat_store_discharger,0.0,True,inf,0.0,0.0,0.84,0.0,0.0,1.0,0.0,0.0038030703253857344,DE,inf,False,,,,,,1.0,1.0
333,eGon2035,70609,70589,central_heat_store_discharger,0.0,True,inf,0.0,0.0,0.84,0.0,0.0,1.0,0.0,0.0038857318528073255,DE,inf,False,,,,,,1.0,1.0
334,eGon2035,70610,70590,central_heat_store_discharger,0.0,True,inf,0.0,0.0,0.84,0.0,0.0,1.0,0.0,0.0037714822731901446,DE,inf,False,,,,,,1.0,1.0
335,eGon2035,70611,70591,central_heat_store_discharger,0.0,True,inf,0.0,0.0,0.8400000000000001,0.0,0.0,1.0,0.0,0.2938375789081204,DE,inf,False,,,,,,1.0,1.0
336,eGon2035,70612,70592,central_heat_store_discharger,0.0,True,inf,0.0,0.0,0.84,0.0,0.0,1.0,0.0,0.003906492645536665,DE,inf,False,,,,,,1.0,1.0
337,eGon2035,70613,70593,central_heat_store_discharger,0.0,True,inf,0.0,0.0,0.84,0.0,0.0,1.0,0.0,19.622863882706973,DE,inf,False,,,,,,1.0,1.0
338,eGon2035,70614,70594,central_heat_store_discharger,0.0,True,inf,0.0,0.0,0.84,0.0,0.0,1.0,0.0,0.0037556370420724354,DE,inf,False,,,,,,1.0,1.0
339,eGon2035,70615,70595,central_heat_store_discharger,0.0,True,inf,0.0,0.0,0.8400000000000001,0.0,0.0,1.0,0.0,0.003811411814413092,DE,inf,False,,,,,,1.0,1.0
340,eGon2035,70616,70596,central_heat_store_discharger,0.0,True,inf,0.0,0.0,0.84,0.0,0.0,1.0,0.0,37.270891012034205,DE,inf,False,,,,,,1.0,1.0
341,eGon2035,70617,70597,central_heat_store_discharger,0.0,True,inf,0.0,0.0,0.84,0.0,0.0,1.0,0.0,4.405763153468265,DE,inf,False,,,,,,1.0,1.0
342,eGon2035,70618,70598,central_heat_store_discharger,0.0,True,inf,0.0,0.0,0.84,0.0,0.0,1.0,0.0,0.0036572606160554227,DE,inf,False,,,,,,1.0,1.0
343,eGon2035,70619,70599,central_heat_store_discharger,0.0,True,inf,0.0,0.0,0.84,0.0,0.0,1.0,0.0,148.44222887383089,DE,inf,False,,,,,,1.0,1.0
344,eGon2035,70620,70601,central_heat_store_discharger,0.0,True,inf,0.0,0.0,0.84,0.0,0.0,1.0,0.0,26790.23033226737,DE,inf,False,,,,,,1.0,1.0
345,eGon2035,70621,70602,central_heat_store_discharger,0.0,True,inf,0.0,0.0,0.84,0.0,0.0,1.0,0.0,0.0034430477398177243,DE,inf,False,,,,,,1.0,1.0
346,eGon2035,70622,70604,central_heat_store_discharger,0.0,True,inf,0.0,0.0,0.84,0.0,0.0,1.0,0.0,0.13238849310608625,DE,inf,False,,,,,,1.0,1.0
347,eGon2035,4,36278,dsm,835.5300609918997,False,inf,0.0,0.0,1.0,0.0,0.0,1.0,0.0,835.5300609918997,DE,inf,False,,,,,,1.0,1.0
348,eGon2035,4,48637,power_to_H2,0.0,True,inf,137.26909325666216,0.0,0.7,0.0,0.0,1.0,0.0,0.009074456247413343,DE,31.0,False,,,,,,1.0,1.0
349,eGon2035,4,52023,rural_heat_pump,5856.935114986065,False,inf,0.0,0.0,1.0,0.0,0.0,1.0,0.0,5856.935114986065,DE,inf,False,,,,,,1.0,1.0
350,eGon2035,4,69893,BEV charger,10763.934690743685,False,inf,0.0,0.0,0.9,0.0,0.0,1.0,0.0,10763.934690743685,DE,inf,False,,,,,,1.0,1.0
351,eGon2035,4,70582,power_to_H2,0.0,True,inf,137.26909325666216,0.0,0.7,0.0,0.0,1.0,0.0,660.0787400491957,DE,31.0,False,,,,,,1.0,1.0
352,eGon2035,4,70591,central_heat_pump,227.72432596250258,False,inf,0.0,0.0,1.0,0.0,0.0,1.0,0.0,227.72432596250258,DE,inf,False,,,,,,1.0,1.0
353,eGon2035,4,70591,central_resistive_heater,258.4063946979559,False,inf,0.0,0.0,1.0,0.0,0.0,1.0,0.0,258.4063946979559,DE,inf,False,,,,,,1.0,1.0
354,eGon2035,4,36278,dsm,498.2472281925448,False,inf,0.0,0.0,1.0,0.0,0.0,1.0,0.0,498.2472281925448,DE,inf,False,,,,,,1.0,1.0
355,eGon2035,4,49604,central_heat_pump,6.301006567928448,False,inf,0.0,0.0,1.0,0.0,0.0,1.0,0.0,6.301006567928448,DE,inf,False,,,,,,1.0,1.0
356,eGon2035,4,49604,central_resistive_heater,8.344442147653487,False,inf,0.0,0.0,1.0,0.0,0.0,1.0,0.0,8.344442147653487,DE,inf,False,,,,,,1.0,1.0
357,eGon2035,4,52023,rural_heat_pump,3062.999337617082,False,inf,0.0,0.0,1.0,0.0,0.0,1.0,0.0,3062.999337617082,DE,inf,False,,,,,,1.0,1.0
358,eGon2035,4,69893,BEV charger,5839.113151311874,False,inf,0.0,0.0,0.9000000000000001,0.0,0.0,1.0,0.0,5839.113151311874,DE,inf,False,,,,,,1.0,1.0
359,eGon2035,4,70582,power_to_H2,0.0,True,inf,137.26909325666216,0.0,0.7,0.0,0.0,1.0,0.0,660.0787254115268,DE,31.0,False,,,,,,1.0,1.0
360,eGon2035,4,70585,central_heat_pump,41.28031470114098,False,inf,0.0,0.0,1.0,0.0,0.0,1.0,0.0,41.28031470114098,DE,inf,False,,,,,,1.0,1.0
361,eGon2035,4,70585,central_resistive_heater,26.88322607064114,False,inf,0.0,0.0,1.0,0.0,0.0,1.0,0.0,26.88322607064114,DE,inf,False,,,,,,1.0,1.0
transshipment_0,,0,2,DC,6792.41044696211,True,27169.64178784844,90.40268251584362,415.62221327154276,1.0,6792.41044696211,-1.0,0.7,0.0,6792.410657578685,ATCH,inf,False,0.0,0.0,0.0,0.0,,1.0,1.0
transshipment_1,,0,3,DC,4534.545478442849,True,18138.181913771397,61.27469479763818,281.7514401453481,1.0,4534.545478442849,-1.0,0.7,0.0,4534.545772781365,ATCZ,inf,False,0.0,0.0,0.0,0.0,,1.0,1.0
transshipment_10,,2,4,DC,24110.0,True,85701.48628821915,5.195304844061163,508.34299713537325,1.0,24110.0,-1.0,1.0,0.0,24110.00340658821,CH,inf,False,0.0,0.0,0.0,0.0,,1.0,1.0
transshipment_11,,2,6,DC,13603.636435328544,True,54414.54574131418,83.61813394623613,384.404341111123,1.0,13603.636435328544,-1.0,0.7,0.0,13603.636802346786,CHFR,inf,False,0.0,0.0,0.0,0.0,,1.0,1.0
transshipment_12,,3,4,DC,7160.0,True,28640.0,19.60460403338888,431.16930939377806,1.0,7160.0,-1.0,1.0,0.0,7160.000944150686,CZ,inf,False,0.0,0.0,0.0,0.0,,1.0,1.0
transshipment_13,,4,5,DC,4900.0,True,16021.486288219148,8.932662043747904,503.07328185846507,1.0,4900.0,-1.0,1.0,0.0,5915.189990748525,DK,inf,False,0.0,0.0,0.0,0.0,,1.0,1.0
transshipment_14,,4,6,DC,13340.0,True,39042.9725764383,4.570468125836143,684.5644915018752,1.0,13340.0,-1.0,1.0,0.0,39042.9721453612,FR,inf,False,0.0,0.0,0.0,0.0,,1.0,1.0
transshipment_15,,4,8,DC,7160.0,True,21482.972576438297,1.884189991745889,301.24971379364354,1.0,7160.0,-1.0,1.0,0.0,7945.929538493662,NL,inf,False,0.0,0.0,0.0,0.0,,1.0,1.0
transshipment_2,,0,4,DC,16850.0,True,66349.37760974765,17.436347504151577,508.8409428943263,1.0,16850.0,-1.0,1.0,0.0,16850.001052889897,AT,inf,False,0.0,0.0,0.0,0.0,,1.0,1.0
transshipment_3,,1,4,DC,1138.340254961794,True,4553.361019847176,73.99876867475979,340.26336636105464,1.0,1138.340254961794,-1.0,0.7,0.0,1138.3409827664827,BE,inf,False,0.0,0.0,0.0,0.0,,1.0,1.0
transshipment_4,,1,6,DC,11326.955925404958,True,45307.82370161983,98.65779905275681,453.73185086841903,1.0,11326.955925404958,-1.0,0.7,0.0,11326.956111773012,BEFR,inf,False,0.0,0.0,0.0,0.0,,1.0,1.0
transshipment_5,,1,8,DC,6792.41044696211,True,27169.64178784844,41.04171521298994,188.68558083512778,1.0,6792.41044696211,-1.0,0.7,0.0,6792.455853727129,BENL,inf,False,0.0,0.0,0.0,0.0,,1.0,1.0
transshipment_6,,10,3,DC,4534.545478442849,True,18138.181913771397,69.98224416863815,321.7396762680511,1.0,4534.545478442849,-1.0,0.7,0.0,4534.54574089818,PLCZ,inf,False,0.0,0.0,0.0,0.0,,1.0,1.0
transshipment_7,,10,4,DC,7420.0,True,26101.48628821915,72.63994894551016,646.2734994565362,1.0,7420.0,-1.0,1.0,0.0,7420.000256612275,PL,inf,False,0.0,0.0,0.0,0.0,,1.0,1.0
transshipment_8,,11,5,DC,3396.205223481055,True,13584.82089392422,150.9121152393977,693.9156446945748,1.0,3396.205223481055,-1.0,0.7,0.0,3396.205393426221,SEDK,inf,False,0.0,0.0,0.0,0.0,,1.0,1.0
transshipment_9,,11,9,DC,7361.580574443006,True,29446.322297772025,89.89609936905701,413.3163382705563,1.0,7361.580574443006,-1.0,0.7,0.0,7361.580779764245,SENO,inf,False,0.0,0.0,0.0,0.0,,1.0,1.0
