,0 AC,0 H2_for_industry,1 AC,1 H2_for_industry,10 AC,10 H2_for_industry,11 AC,11 H2_for_industry,2 AC,3 AC,3 H2_for_industry,4 AC,48623 CH4,48624 CH4,48625 CH4,48626 CH4,48627 CH4,48628 CH4,48629 CH4,48630 CH4,48631 CH4,48632 CH4,48633 CH4,48634 CH4,49604 central_heat,49934 central_heat,5 AC,5 H2_for_industry,51537 central_heat,51728 central_heat,52023 rural_heat,6 AC,6 H2_for_industry,69893 land transport EV,7 AC,7 H2_for_industry,70568 CH4_for_industry,70568 rural_gas_boiler,70582 H2_for_industry,70582 H2_hgv_load,70583 central_heat,70584 central_heat,70585 central_heat,70587 central_heat,70589 central_heat,70590 central_heat,70591 central_heat,70592 central_heat,70593 central_heat,70594 central_heat,70595 central_heat,70596 central_heat,70597 central_heat,70598 central_heat,70599 central_heat,70601 central_heat,70602 central_heat,70604 central_heat,8 AC,8 H2_for_industry,9 AC
0,11764.125029266226,415.02148427083335,11888.885503890073,1598.13083625,13509.760103310902,609.9109516041666,18023.411212603933,1201.6882454166666,7289.034139215115,9465.530267418686,517.5741359166666,34425.31140305831,0.9706969895993292,2.085586873218721,0.2936574133891937,1.4445740898659323,0.40401140274444886,6.399054246083758,4.762978651282521,0.11818283369042204,3.473221362261058,0.3043044869307772,3.228605604171729,0.23925199029467273,518.4094741459478,150.17399948480977,6870.791894362989,1529.8526683333332,135.8932530530123,67.49959485645331,3616.536689727871,69896.0,1651.7463891666666,116.85758712331881,49572.177202414154,1726.8721004166664,18066.1701112333,52597.656797733325,1716.3558564339999,3019.572749592712,246.5869446875946,401.87152751787977,472.80032851498686,1003.5737691491377,180.77067232738648,490.8932624735381,1667.4065059253949,231.7512957228162,128.93325976572336,631.0195483394273,247.76363997809375,169.85144159640748,372.54876174872453,17.835976336463677,327.55454021151525,57.31838185487898,1110.592887675357,385.5288771360187,14346.55170165217,1694.1099472916665,18771.669322396054
1,11472.04399739999,415.02148427083335,11438.987951047122,1598.13083625,13128.217606763666,609.9109516041666,17794.71165918023,1201.6882454166666,7198.304188973033,9523.086327608846,517.5741359166666,34325.565925204035,0.9622139836955775,2.0650912524013565,0.291166888504771,1.4302756913142822,0.40015031871580914,6.329773956408476,4.8863369643879615,0.1170049922056725,3.4383478956748883,0.3014931334339475,3.1947959158595953,0.23696831352395467,504.9710496039104,148.48994544398647,6737.118805785663,1529.8526683333332,132.70857328682808,65.01081703992942,3561.702390835744,68086.0,1651.7463891666666,203.43569748250593,47408.658264970574,1726.8721004166664,17579.3154023049,51760.894421626195,1681.0044965606,3019.572749592712,244.73394702860915,398.8366367100464,470.2709868746744,989.2935442910874,180.25727366941314,488.3420226147256,1637.2086212998813,230.7108742050052,128.95729766934335,622.368896211275,243.94788792728735,168.205160388425,366.8233431358598,17.629256916138747,319.8946107368664,56.61984081594103,1080.204547612983,373.56144010034575,13913.967998036242,1694.1099472916665,18596.051319425438
2,10784.204059447296,415.02148427083335,10560.369448277532,1598.13083625,12793.714489434116,609.9109516041666,17157.742083040794,1201.6882454166666,7131.261763056052,9262.717923744869,517.5741359166666,33659.824383310865,1.02632374014536,2.2199855521102907,0.3099888657123845,1.538334893343461,0.4293302060713939,6.853355166683069,4.853709783552937,0.12590645137951903,3.7019018145057387,0.32273975167528246,3.4503104006927803,0.2542270497834704,499.12891737637574,146.476327039865,6321.626731091363,1529.8526683333332,130.74328034495971,63.74179082459757,3517.026008003847,65191.0,1651.7463891666666,195.14825744647533,46258.756061304965,1726.8721004166664,17982.697962699,51112.75296504645,1729.0511307338,3019.572749592712,241.7861692743269,393.613004520527,463.59327338693083,976.2801520687233,177.41133776878212,483.1098419903638,1614.2298275421817,228.00273367990823,126.68075208176838,618.1729913281326,240.6392942982167,166.19550529133497,359.72851580881365,17.1485322316637,313.3506613487697,55.47035832968552,1056.1800307358833,363.921742920789,12797.082449073056,1694.1099472916665,18212.942766658707
3,10217.734791618182,415.02148427083335,9820.43870925765,1598.13083625,12746.58346733665,609.9109516041666,16472.087239555476,1201.6882454166666,6811.331782745379,8857.229621744078,517.5741359166666,33123.36042649035,1.297853759668554,2.8760237989088573,0.3897073379335616,1.9960080910201214,0.5529184993688869,9.070927407176592,5.100287546283419,0.16360763006287155,4.818156261387168,0.41272753177846405,4.532514684366188,0.32732458209374754,587.6170197632331,169.63667239466596,6014.276875337528,1529.8526683333332,153.29681574666196,78.16342605602284,4149.49594079448,62676.0,1651.7463891666666,190.71465666442236,41056.89795266549,1726.8721004166664,18339.6704060267,60460.11141118909,1758.9244775852999,3019.572749592712,275.5288570804498,451.17377427402585,530.2840718954553,1144.601814864882,203.01745026649454,548.4576055335434,1910.7415279005052,259.52832698811443,143.73712991073637,715.3871564792245,279.7964285568856,196.565899132252,424.12895153154295,19.546631057643367,371.45569770948,64.20028843448115,1277.2312335796253,439.49023331073664,11755.642086979598,1694.1099472916665,17948.51758956244
4,9120.675695477148,415.02148427083335,9361.735519602906,1598.13083625,12865.040710784022,609.9109516041666,15426.010306275068,1201.6882454166666,6643.272573849215,8187.5122119839725,517.5741359166666,32842.10667160315,1.8280044000072153,4.15691015260797,0.5453542132554514,2.889595250333821,0.7942193063481,13.400641467372642,6.144641298908243,0.23721755376706943,6.997594876808912,0.588424787382577,6.645471826173825,0.4700443580858057,623.2290675907125,182.22382019333597,5559.034558673962,1529.8526683333332,163.50847983276904,85.11367303829302,4437.841657067281,61363.0,1651.7463891666666,127.24927823847975,36637.14689579267,1726.8721004166664,18327.1342079379,64511.69321146465,1723.0030127997,3019.572749592712,296.2324268670611,486.9335503718071,568.9897251323754,1221.4231805400732,222.00595910637713,582.3365629651009,2041.0128241548932,282.0920673786491,157.63999139550228,755.3671609205708,303.46112853324223,208.264419893077,461.1024382928151,23.272856277862953,413.13358527926135,73.90575889662402,1426.2428151136403,493.5598092567387,10649.661373420333,1694.1099472916665,17650.62288415325
5,8517.452177455794,415.02148427083335,9281.505256307235,1598.13083625,13881.908613848054,609.9109516041666,15374.876831303036,1201.6882454166666,6411.682080645678,7759.391509854944,517.5741359166666,33134.814323411505,1.9608490561789043,4.477873468135551,0.5843560630374789,3.1135094926379208,0.854684238950327,14.485577204281395,8.183696912966564,0.2556626602354154,7.54371658540112,0.632450842875272,7.174934668715411,0.505806947297155,706.212661477387,207.2397109661742,5188.613178996463,1529.8526683333332,185.8258558959364,93.84132976105421,4944.897001283556,61633.0,1651.7463891666666,546.4095635936392,33438.74839957286,1726.8721004166664,19578.7144391753,71950.53920725985,1774.7633921966,3019.572749592712,333.8675915373168,550.1537957375359,647.7734266052242,1384.8765248202235,250.18865541450032,649.349319584634,2301.7789945164855,321.5890014263409,179.72113453964727,838.4024171024291,340.98042699943835,237.62295901544206,518.0071939944809,25.01044068791445,454.31146932021676,79.62861069346235,1559.4743029063345,532.6391396993921,9599.738523870354,1694.1099472916665,17666.202511671414
6,8825.680235721069,415.02148427083335,9780.932114177242,1598.13083625,16906.98888618415,609.9109516041666,16722.082494901777,1201.6882454166666,6533.5743536871305,7706.264595622143,517.5741359166666,34286.40480168637,1.8624832552861368,4.240213824918401,0.5554768570485656,2.9477105481393613,0.8099125357238273,13.682228573228532,8.694641579168405,0.2420048457429278,7.139336757121298,0.599851426884527,6.782890020097746,0.47932627557764684,1198.4096483638082,320.4087433320251,5311.225645864355,1529.8526683333332,314.0558124065989,169.60281661857718,7972.040353587609,61900.0,1651.7463891666666,1168.9550345449388,29218.813897238502,1726.8721004166664,19943.015951636,117813.14741044072,1784.23687841,3019.572749592712,461.71787259914464,774.9075838277287,898.5591258241965,2228.3245424403176,336.3947318117641,944.20217932589,3833.274256488766,425.2155587339283,234.7492924061148,1389.6404890242115,511.6560528753144,402.1372878659914,846.8677219709392,25.843937481886858,704.6348816212126,102.97271715128065,2680.804484439607,897.0667845939089,10500.573245272331,1694.1099472916665,18250.686459399672
7,9487.158849643729,415.02148427083335,10138.303769238006,1598.13083625,18607.46679032298,609.9109516041666,17591.640762739815,1201.6882454166666,6797.306711592553,7669.370520046088,517.5741359166666,36617.61519693683,1.7958841216660988,4.07930499084136,0.535924023837835,2.835455415171368,0.7795995954690239,13.1383167427206,8.31630885016592,0.2327577435581506,6.865549058831579,0.5777798040054571,6.517453926441861,0.46139738384709056,1127.2964286050833,302.503963347118,5549.624902719082,1529.8526683333332,292.25893407482425,157.996581553325,7467.63238889452,63511.0,1651.7463891666666,2175.5184526155062,29336.79401171247,1726.8721004166664,19789.8765819547,110136.37457357424,1779.2868799792,3019.572749592712,442.4859191367881,742.0177748067542,861.1870377366957,2104.116499535664,322.3296544520444,904.2860584511287,3593.166114578396,410.0258572341786,226.51710077074267,1305.9446134136458,484.2756330491418,376.58843388570057,799.9254428755902,25.23046267799578,661.4508451287023,98.95655002912599,2481.493030889976,833.9902716232657,11676.766147107424,1694.1099472916665,18790.062909084365
8,10359.649589916637,415.02148427083335,10929.739923052437,1598.13083625,19617.343002433285,609.9109516041666,18564.45111315961,1201.6882454166666,6841.499844556762,7978.223672270271,517.5741359166666,47875.44773334476,1.7269941622607314,3.91286133842428,0.5156986273059218,2.7193390164607036,0.7482439740051671,12.575695851320344,8.060156490880622,0.22319256666319298,6.5823438218314285,0.5549489784150744,6.242887566149582,0.4428517878856195,1049.6162110143318,283.54427747576034,6020.610669674935,1529.8526683333332,270.8213996816156,146.46740361405955,7011.01141908791,65877.0,1651.7463891666666,4850.551901860221,30551.819429310264,1726.8721004166664,19792.6700674908,103213.21750167418,1785.1696198595,3019.572749592712,421.295339804976,700.0534870944467,813.2854354516384,1960.7152516308806,306.86532333509996,853.5270448837757,3356.9016502885056,390.6185722026021,215.1953266591021,1225.1852225064065,458.59771723329266,351.439783650748,745.898932239959,25.050340087659126,624.8129907011355,94.0540696126924,2328.8131000140825,783.7629651964977,13308.49757765923,1694.1099472916665,19460.51756764615
9,10679.753572125921,415.02148427083335,11122.437068428135,1598.13083625,20224.456857062643,609.9109516041666,19269.193070805515,1201.6882454166666,6815.07273431853,7979.785314362918,517.5741359166666,56583.710656027106,1.6574280269448922,3.744783990920327,0.4952747123537237,2.6020828999697323,0.716580587577087,12.007552664700631,7.795193199714871,0.21353350464692597,6.296358839268469,0.531894061325529,5.965626253497649,0.42412416125752106,1098.6194434360207,295.0668728388537,6231.265542507221,1529.8526683333332,283.5517774808312,156.40522865478846,7339.31264419059,67804.0,1651.7463891666666,7368.680680342426,36166.07235031606,1726.8721004166664,19699.5509346446,108304.1203881944,1793.4036193238,3019.572749592712,430.2621298494395,719.9542093288045,829.7152305465102,2057.5008015713333,314.4769099243075,877.5539496684956,3533.1699545362644,396.72330112265325,218.03777687927413,1283.44378601457,471.8160191083784,367.1041967243316,778.3372438157544,24.098875659596214,648.4228860209325,94.37218971098287,2468.186792166874,824.9497426277705,13862.277557486854,1694.1099472916665,19861.223850025875
10,10875.11705176608,415.02148427083335,11464.468812699679,1598.13083625,20393.223345553975,609.9109516041666,19632.351176723394,1201.6882454166666,7128.180746341936,7974.459957905376,517.5741359166666,52183.231213151084,1.6074337901786084,3.623993915864248,0.48059690920742537,2.5178158924159884,0.693825452039935,11.599252205575516,7.527629213234558,0.20659194563708502,6.0908335378421175,0.5153254683115752,5.7663702843695885,0.41066540872707047,1116.1723426509534,299.30361277952466,6391.073049485704,1529.8526683333332,287.1451677502577,157.63314344996024,7417.119941437841,69070.0,1651.7463891666666,8367.135467482556,39839.073368284415,1726.8721004166664,19521.9755595366,109545.1199431282,1782.762747187,3019.572749592712,431.2401795767061,721.9464477473205,834.1186728846344,2085.47758790199,314.3708878375544,884.4390837084211,3582.501914276051,398.3630598157468,218.66083661631203,1302.9066592248575,474.54261248577336,372.4546964058851,787.7532136358444,23.41178459173867,653.8775331032447,94.08274119988504,2499.195388693199,838.464416049599,14291.908185126744,1694.1099472916665,20020.536061509567
11,11041.714952866605,415.02148427083335,11308.815066185143,1598.13083625,20635.475719183134,609.9109516041666,19705.26767009181,1201.6882454166666,6993.310879844631,8020.05044643768,517.5741359166666,55797.10842001634,1.5852107607334383,3.5703012991091527,0.47407245213779425,2.4803582110660822,0.6837105252047683,11.417757823172357,7.335342301945095,0.2035063405704003,5.999475110936287,0.5079605327863975,5.677798649807802,0.404682834071962,1063.4277359120379,287.4568798151876,6403.053595816522,1529.8526683333332,271.9413568870446,148.03807857877342,6947.71727957495,70828.0,1651.7463891666666,7914.493272655818,43022.806956170614,1726.8721004166664,19195.7848348292,102481.47406833153,1742.8360861573,3019.572749592712,416.0473935359916,697.3246993122989,804.5046559108496,1971.5546819428305,302.22402909611407,845.0908615347098,3375.9725399802905,384.5807549299289,212.86463889105778,1222.7133821577552,450.38328653709505,349.0840292524193,750.0735426011807,22.886060760704016,615.7348696351237,89.7272891560853,2348.7459476190206,785.1987203695824,14106.369308096613,1694.1099472916665,20019.10351593282
12,10990.813463130911,415.02148427083335,11200.510757247903,1598.13083625,20814.757745425428,609.9109516041666,19713.964213491054,1201.6882454166666,7003.686541986431,8103.619713293874,517.5741359166666,71639.28087156979,1.5606822469703343,3.511038447826712,0.46687112814980797,2.439014556512053,0.672546245253589,11.217434664366056,7.249868496004557,0.200100625497556,5.898638884387428,0.49983153656473484,5.580038325873136,0.3980796090198296,891.7544064016959,244.41110940871008,6366.868030751257,1529.8526683333332,230.76869121238985,122.55749342125362,5839.149109753326,68566.0,1651.7463891666666,7511.956755335268,44867.18954252267,1726.8721004166664,19658.6191781248,85848.05468420434,1801.7064718459,3019.572749592712,360.0763421698981,602.9750106543314,698.840096107789,1669.0877984122392,263.1105293962003,732.9230881798164,2849.7545335169316,336.52959953645774,186.57553648681056,1046.3142432207408,385.63461783446394,295.97579807708826,634.9764624997041,20.52811303807876,520.0065475933053,78.19540345439704,1971.1545319456873,661.2472590663921,14066.377784970897,1694.1099472916665,20068.002092989
13,10750.933533577045,415.02148427083335,11039.276229929048,1598.13083625,21078.826199561663,609.9109516041666,19839.07511313982,1201.6882454166666,6936.6686683239805,8073.867792520835,517.5741359166666,64611.2177110667,1.5615318840266557,3.5130912389170783,0.46712057301115834,2.44044664902659,0.6729329619558433,11.22437360818487,7.155527378805843,0.20021859521056454,5.902131725230659,0.5001131148326774,5.583424621294664,0.39830833648166053,1038.544315612424,279.1938862261551,6365.889531392946,1529.8526683333332,266.5364123546904,145.60455843675254,6817.98708084796,65990.0,1651.7463891666666,6965.846407731413,45884.650018153516,1726.8721004166664,18685.2174570264,100705.33019961193,1696.4431795979,3019.572749592712,400.72049239678205,672.5665230039247,772.6938402523136,1931.7343540894894,290.5865891641155,827.3894523719975,3300.7871736530265,368.94078710270895,205.3353643379979,1208.488420971543,436.9963614250615,341.6419291452686,728.3487938609558,21.387440922048476,600.8677681371637,85.70751923103408,2292.0494692835764,768.9284278965417,13990.454531546091,1694.1099472916665,20186.28017270775
14,10429.530882971012,415.02148427083335,10677.271777711961,1598.13083625,20791.61495980773,609.9109516041666,20185.023337198712,1201.6882454166666,6944.375640147764,8028.142791359888,517.5741359166666,49297.8494756031,1.5828782238266368,3.5646657033631715,0.4733876428524847,2.476426639791903,0.6826488589629609,11.39870810961386,7.1587952371800165,0.2031824743884464,5.989886098644738,0.5071875065898084,5.6685021402108156,0.40405490095351987,1125.483411763219,298.06514917984066,6167.175981010739,1529.8526683333332,285.70928331252406,159.77081525014412,7339.10995176546,64543.0,1651.7463891666666,7321.526486734801,46059.98110549402,1726.8721004166664,19383.669482638,108433.76453577935,1772.3727698672,3019.572749592712,421.9890340715314,708.4910230693283,815.8458726204191,2066.8595454580536,304.720274695419,875.8415265914384,3553.1378570999846,385.7853351390981,214.2795982690824,1298.5203483900866,466.9589965933469,368.33736998450854,783.3162014299785,22.312307031602774,647.1821601367552,91.63855637874494,2506.860607755232,837.2395667976982,13483.430867910138,1694.1099472916665,20257.944497961038
15,10387.661330746927,415.02148427083335,10749.48062566217,1598.13083625,20819.61173828459,609.9109516041666,20791.62156043662,1201.6882454166666,7171.478145344894,8188.566359976485,517.5741359166666,52783.70751457826,1.6424794982550892,3.70866714987602,0.4908859752586572,2.5768866401306276,0.7097766873993993,11.885468770194455,7.24089713557807,0.21145794352783812,6.234905738599787,0.5269399685332613,5.906047714774279,0.4200999264387972,1113.6882570082166,300.3345240778653,6204.1805890980895,1529.8526683333332,288.8878353320837,158.32248429859808,7346.8071486423105,64801.0,1651.7463891666666,6844.892300139298,43039.655238317086,1726.8721004166664,19186.5509690165,108544.59164503268,1721.817532206,3019.572749592712,425.3369302292066,713.4464112807691,823.1581997210535,2060.0428147019043,307.6656574470527,882.1430234898935,3543.694693014421,390.80078445446367,215.1182630620617,1299.787930164011,469.2527464897766,368.005792713294,786.3541050946613,22.69658015715233,643.7244998523054,91.27308435702908,2477.7224310123343,828.2112697429749,14123.975391882022,1694.1099472916665,20593.294285828015
16,10429.847394720951,415.02148427083335,11497.61861676283,1598.13083625,21851.955209198004,609.9109516041666,21358.909995151,1201.6882454166666,7502.486175913902,8392.021609111727,517.5741359166666,52479.12432249485,1.7075418035280572,3.8658628837359568,0.5099876111833209,2.6865513960010223,0.7393901322803981,12.41682939959818,7.4701344579186255,0.22049166142376114,6.50237556647679,0.5485022710373859,6.165358657983117,0.43761509463354503,1155.1623326039496,308.18644663806674,6415.773812173022,1529.8526683333332,296.7639670519622,160.85811293646654,7580.66161489621,68838.0,1651.7463891666666,6428.115333804919,42535.21907758846,1726.8721004166664,19220.5038360812,112035.7063877131,1725.6256988098,3019.572749592712,436.332430607354,732.3110604471557,845.291175366904,2130.3171335659054,315.17832507333185,904.7811515698914,3663.679183037215,400.6004346129271,218.6110516104235,1339.2487415457585,482.16472599686807,381.3929289827975,809.4499710850034,22.415755681667658,660.8919429849254,92.5167256667539,2543.1318109633553,844.6849938428289,15814.883028249975,1694.1099472916665,20719.77751674667
17,10807.534645675434,415.02148427083335,11995.691311032893,1598.13083625,21751.647838565368,609.9109516041666,21246.692722587326,1201.6882454166666,7923.083638071313,8399.656598081749,517.5741359166666,54035.2882794277,1.7637935723922562,4.001771656879307,0.5265025625742101,2.7813656893754866,0.764993415928737,12.876234813890688,7.7203758963627545,0.22830206114651685,6.733625456451643,0.5671446731403111,6.389554514249544,0.452758412854055,1121.782686326325,302.63234841576224,6775.135364439584,1529.8526683333332,287.51287693504446,159.67703980698576,7447.23050131132,71740.0,1651.7463891666666,6146.207167131826,42050.93351758373,1726.8721004166664,20122.0380919207,109913.74075567703,1805.5587313203,3019.572749592712,431.7306042196081,724.0512132535838,838.1313890796451,2085.4778149202502,314.38894157244624,892.2939254825715,3585.4474106348644,397.46405124993686,219.5130504678489,1310.0368872511258,476.2791820941413,367.22313299503446,795.5924462668513,23.427092628563067,654.1896274903308,94.52440049347011,2509.58080134073,837.7058733341898,16012.368239690988,1694.1099472916665,20638.29371320856
18,11610.028525854628,415.02148427083335,12275.350449690271,1598.13083625,21586.942774875894,609.9109516041666,21191.151964424826,1201.6882454166666,7866.434799576366,8607.014137216773,517.5741359166666,68747.40899506782,1.7960209923687664,4.079635681407265,0.535964207694219,2.835686115453672,0.7796618928775194,13.139434558980128,7.936730412184872,0.23277674766983902,6.866111731536309,0.5778251643332613,6.5179994354098785,0.4614342302724991,1022.1656711057453,274.8530344209007,7006.3061601999025,1529.8526683333332,265.4124787402529,144.1191293339564,6744.110500204354,72129.0,1651.7463891666666,6068.630177664454,41884.794124738255,1726.8721004166664,20182.2159774911,99483.86876588431,1783.3283570255,3019.572749592712,400.15934448015656,664.664078559756,771.894573659001,1896.511638359331,290.2067590626186,830.9202156082222,3254.538343356874,367.5481734619247,203.79370814293483,1206.760078919638,439.0766874315263,338.68150107977647,723.942091349075,22.62846112260707,598.2365287000495,89.12439672580544,2301.06702812504,771.4907381013687,16557.622625509986,1694.1099472916665,20671.39785883464
19,11857.363245846711,415.02148427083335,11837.120316493478,1598.13083625,21626.156428812268,609.9109516041666,20768.494176883505,1201.6882454166666,7575.312277076333,8689.140716403217,517.5741359166666,75038.90645018032,1.7761036008667321,4.031513670350292,0.5301166626457514,2.802114666248458,0.7705963890816708,12.976770207629539,8.060682920452596,0.23001127393974072,6.784231735823629,0.5712243404175068,6.438617102506317,0.45607234737125335,1048.8152378929753,282.3216065679338,6842.6688324228135,1529.8526683333332,273.0632268130787,147.64737651865588,6943.52134731096,70219.0,1651.7463891666666,5041.598874590767,43550.394457291746,1726.8721004166664,19909.8821896136,102401.72527520807,1748.7222785407,3019.572749592712,407.7508892678995,675.3679893168313,785.4944392601091,1942.4299210545687,293.8635014366117,856.3224753089611,3338.8966134332195,372.3268050037062,204.34683427209072,1243.397455294977,446.3004829095104,347.46543362192807,741.9055501903084,22.350324800767307,611.0330317087912,89.5141102047946,2337.7639108414505,782.8692585586854,15941.778887318245,1694.1099472916665,20451.387578043268
20,11878.228351286554,415.02148427083335,11273.879958162426,1598.13083625,20990.468266211366,609.9109516041666,20389.8077145823,1201.6882454166666,7482.293057424244,8784.442345527725,517.5741359166666,74230.92181674585,1.6430168056010093,3.7099653274028683,0.49104372327048007,2.5777922901636305,0.7100212456179532,11.889856932715194,7.984077016640661,0.21153254713996172,6.2371145982878575,0.5271180375930928,5.908189195529982,0.4202445728434486,973.3631710152242,264.52639592644886,6768.224788840068,1529.8526683333332,250.47278414407484,136.2625919553962,6435.07998264096,67568.0,1651.7463891666666,3829.4665151071968,41534.744627162334,1726.8721004166664,20153.7051063405,94761.82988729756,1775.7565901525,3019.572749592712,383.27219393857143,638.6293941593798,738.9451303945044,1800.664593547487,277.8940702529075,813.7731799025785,3091.2941125002667,350.5454733284535,193.950138570835,1165.5184119127891,416.773973753113,321.9063895653113,686.1348825531609,21.861707990576566,570.2792697874685,84.47821263209731,2167.0861662350003,725.6810359787105,15265.11440063638,1694.1099472916665,20211.338053650536
21,11705.793824479731,415.02148427083335,11745.234034071855,1598.13083625,19463.696467227706,609.9109516041666,19792.312115590743,1201.6882454166666,7588.5804204574915,9016.979662986767,517.5741359166666,55971.36478704732,1.3883624012999192,3.094699916857903,0.41627976129336686,2.1485635230328954,0.5941139759041779,9.810107007129984,7.472201039521686,0.17617450011474867,5.190235466035034,0.44272300614576604,4.893244005768378,0.35169005876415627,964.8123339473525,262.3363239838295,6733.14530198228,1529.8526683333332,248.85804444971697,133.20984106331147,6382.1788287371,69649.0,1651.7463891666666,2944.7236792936455,41059.96339785299,1726.8721004166664,20628.5126983457,93980.11240261493,1802.5081875559,3019.572749592712,382.603345509001,633.934686413652,737.6982853175396,1794.8520038621584,276.1513552112435,801.7102972982335,3065.5200942497318,351.75270911874196,193.27543966937756,1151.1582547831936,412.4122731882678,319.1442114901567,672.8347553923574,21.73461652530082,565.9601417982045,84.49171846407623,2128.8709703456893,715.286010591992,14530.948905274363,1694.1099472916665,19814.636760328103
22,12217.609380861088,415.02148427083335,13038.948067748395,1598.13083625,18273.62583669874,609.9109516041666,19831.344497189806,1201.6882454166666,7403.994398529774,9634.034828478785,517.5741359166666,49326.381671843585,1.090808881877993,2.3757868126895834,0.32892105224895435,1.6470268201927718,0.4586809519807326,7.3800021299974246,6.492753966887547,0.13486003174294417,3.9669989346813663,0.3441107763757871,3.7073210131432437,0.2715868420436824,953.0705754492233,256.120798900438,7185.155960426026,1529.8526683333332,245.6879670871108,134.02265219111223,6350.98609085463,70684.0,1651.7463891666666,2561.381390167022,42656.0603880603,1726.8721004166664,19577.5148795706,93666.01182794195,1723.5162336571,3019.572749592712,374.2874902614571,622.9107490961599,720.4617292388243,1774.5559779814992,270.3708515759191,788.3760315389145,3044.212871958574,341.8591542712402,188.14160727273128,1143.3796718306698,407.62865473595326,318.7759768068276,673.615220950415,20.763521675616577,558.7711484530748,82.27598501028679,2123.1716775270406,711.4256236063181,15598.437817578968,1694.1099472916665,19859.198673404302
23,12209.342107374116,415.02148427083335,12417.362647660524,1598.13083625,16829.696267008127,609.9109516041666,19282.933669233855,1201.6882454166666,7316.887299376263,9631.781946303783,517.5741359166666,45077.273144024875,0.9386240592520372,2.0080961079925483,0.2842411248645139,1.3905140613774358,0.3894132425497431,6.137116210155613,5.348309108964692,0.1137295976171315,3.341370190933665,0.2936751951551391,3.1007764135991804,0.23061776242379758,487.4968912725485,142.27541746629657,7012.338466478726,1529.8526683333332,128.48115547321103,66.44338116157677,3482.798584665035,70204.0,1651.7463891666666,2375.7726351548336,51070.33011236072,1726.8721004166664,19349.5373580797,50514.067430235926,1755.689006805,3019.572749592712,237.9138025216112,385.76314367365046,457.98853847731374,959.9871731115677,177.0726989113483,490.66922192678203,1605.5425982124818,224.87760317730513,126.07644776704737,628.9564526237243,240.86547305501338,166.138030263823,362.56306862848146,18.281665013957348,324.783617120405,58.21645058791351,1124.8902099683244,392.34113116566004,14886.403600058085,1694.1099472916665,19430.070207490186
24,15232.019958720824,415.02148427083335,11453.743361213128,1598.13083625,18523.891633913678,609.9109516041666,23300.10287276522,1201.6882454166666,7475.921395233649,9861.3890666068,517.5741359166666,39343.89891798694,0.9688286839017535,2.242228478741303,0.3031195249402462,1.4336494121368715,0.5091627936988098,6.568395744588121,5.677343199892159,0.11971119747448027,3.8381174313597106,0.33391811274239785,3.463775327467593,0.23978305255545893,528.4583172465219,157.01141508781237,6964.1596034727,1529.8526683333332,145.01354056344297,73.37421026893328,3860.948631832052,69660.0,1651.7463891666666,1513.9608419643046,51885.64876177032,1726.8721004166664,19981.4545755242,56124.31596365469,1782.4378626685,3019.572749592712,254.69485559982994,417.16738896101555,485.3730797882995,1042.7118987717065,199.23807130425766,514.04089767901,1854.3778702982345,243.94985716354108,134.36229695383875,672.3780097445665,269.411557012264,194.55823219617326,412.3037055008757,17.94946042248637,367.79925045720285,60.61796027428708,1234.4541579978152,431.98022627945545,15438.352304120524,1694.1099472916665,19977.786018199768
25,14882.306303063995,415.02148427083335,11127.335026004537,1598.13083625,17982.976349058015,609.9109516041666,23136.21296518083,1201.6882454166666,7360.141871094384,9770.588812639755,517.5741359166666,35984.81093218085,0.9603675485341551,2.2198991987421706,0.3005182358200598,1.4194788987378213,0.504070799064678,6.497133129766522,5.8430443028098145,0.1185154648408474,3.7989724621592678,0.33076009976966614,3.4272127235366714,0.2374931591273762,518.5877088009897,154.73191159028855,6807.268812446015,1529.8526683333332,142.02877737145627,70.92114826146134,3804.730380643816,68052.0,1651.7463891666666,791.0699668282759,49125.280084241276,1726.8721004166664,19671.6532249763,55306.39305179555,1743.7056753351,3019.572749592712,253.37201228340797,413.81964229854094,480.26699131415194,1026.0460551932943,198.29338392413584,508.3381563189143,1819.2959327393253,243.44676694363807,133.622408117509,661.8160164895628,266.46936794718073,191.71160237223773,406.27770732934107,17.774876730437782,363.4651912927212,60.116285021099905,1208.5894251591126,424.3585981373716,15072.693610471313,1694.1099472916665,19828.575688789504
26,14152.05096959048,415.02148427083335,10374.73215741212,1598.13083625,17465.91200895309,609.9109516041666,22614.40600005643,1201.6882454166666,7254.821775785728,9497.214078156332,517.5741359166666,34265.07053448121,1.0243120198524487,2.388651256525164,0.3201773064187095,1.526571617178548,0.5425532119666211,7.035695631316464,5.799217829235743,0.12755213518989847,4.094807979680803,0.35462657408834447,3.7035321862102277,0.2547988773640472,512.9733121402173,152.61298149866977,6393.293678769649,1529.8526683333332,141.14242699873205,69.79716876103339,3762.0017908736418,66001.0,1651.7463891666666,479.86936700704973,48312.156167619825,1726.8721004166664,20760.8137509877,54681.87629713001,1822.0929936761,3019.572749592712,250.43496078668628,408.36389174579386,473.7760809295804,1014.2498335474271,195.33076472034313,503.7192112016213,1799.575599553608,239.44857384630993,131.87243679695328,656.0181989703946,262.7892492696322,189.27288985465262,400.392943203413,17.258112279048778,359.0222616885006,58.76474806226349,1195.3812876379343,420.0173326533951,14034.746205648898,1694.1099472916665,19529.68901950294
27,13614.113718316465,415.02148427083335,9828.759763688939,1598.13083625,17325.981399277658,609.9109516041666,22273.612830625272,1201.6882454166666,6913.540364361399,9492.893070507209,517.5741359166666,33003.07229367467,1.2951419918717166,3.1033825561252115,0.40344119820467383,1.9801513769422623,0.705541357690574,9.316719529369545,6.130433506646027,0.16582598635051743,5.347787686618205,0.45571047452051605,4.873853729283942,0.3280953968157624,604.1862216680842,177.57974707673083,6110.811582314541,1529.8526683333332,165.85360338115765,85.12569321616135,4426.967504547125,64659.0,1651.7463891666666,358.6505186736176,43342.642786496916,1726.8721004166664,21189.8125204486,64549.38602664663,1833.5860305248,3019.572749592712,285.80602115773286,468.0970019419794,541.8114012280619,1190.9842900722956,223.24348102803395,570.898154097448,2125.9972349686154,273.68526849537966,150.07837883306775,760.52699668715,304.52315743430586,220.78394248262643,471.3870593994506,19.672937972445713,419.4545399426299,67.65247435414614,1410.0594143460128,493.37192281981663,13164.511580746901,1694.1099472916665,19463.112841124068
28,12700.87646100884,415.02148427083335,9637.490003451045,1598.13083625,17192.588635965825,609.9109516041666,22037.026114626962,1201.6882454166666,6737.990646911939,10010.417922657116,517.5741359166666,32923.7678702429,1.823925819682151,4.498864561460838,0.5660103521602179,2.8657462754571528,1.0237686755204674,13.770320211548757,7.533262098329257,0.2405540283425577,7.794176469452107,0.6530724260135722,7.1588560157794205,0.4712036866105955,643.679446771572,189.7627721066678,5718.50565171103,1529.8526683333332,177.77061685886142,93.26103433405696,4702.82719907712,65362.0,1651.7463891666666,201.18971805812907,38338.952363608485,1726.8721004166664,21312.2340939426,68459.94882413326,1782.0252991453,3019.572749592712,307.42144142496596,504.5976382318309,582.4426363503445,1268.0634181274706,242.41407071602148,607.3271509938755,2258.4761332145395,296.7085181657552,164.64958492338602,801.0058562149368,325.71889871583943,234.21933761409014,503.3941639727818,23.39959994672205,448.3164340043177,75.23392003605986,1500.8328337157498,522.8048845894699,12709.829629239499,1694.1099472916665,19832.383229100466
29,12486.795951798791,415.02148427083335,9540.441568107915,1598.13083625,17736.073085604025,609.9109516041666,22302.7903767936,1201.6882454166666,6507.747678398264,10529.17188343638,517.5741359166666,33174.83197401823,1.9564279812371257,4.848543149181052,0.606746780107472,3.0876578244566213,1.1035097819247632,14.886299343389771,10.272224359195295,0.2592793118553241,8.407190303614868,0.7025272009256993,7.731429771244673,0.5070636292506132,732.3746143884273,215.3568983995592,5529.909776851255,1529.8526683333332,199.28833480401119,101.4113916793376,5266.881140655635,70002.0,1651.7463891666666,360.1214099368517,34857.57060095057,1726.8721004166664,24034.4321824162,76689.58040137071,1920.592943803,3019.572749592712,346.7090386067715,571.167133612135,658.1914496394385,1439.595195605359,275.6550323183277,677.3136419402032,2556.699337694037,337.73555690386723,187.42601922585757,899.4712800324295,367.9853060670694,265.30747165135733,569.1734320130664,24.889877685844667,507.8654155146282,84.29790799260452,1713.142993655204,590.3507461671377,12290.350076226066,1694.1099472916665,21264.246397305862
30,13259.750568321937,415.02148427083335,9874.622385764964,1598.13083625,20173.776151043363,609.9109516041666,23001.13348661067,1201.6882454166666,6681.807835552359,10773.739016139116,517.5741359166666,34248.60219555343,1.8583157829976031,4.589621071866201,0.5765831929823457,2.923341788917517,1.0444648942975436,14.059964402665587,10.958550984358947,0.24541403821347813,7.953279709892263,0.6659080497878783,7.307463330669683,0.4805108714701629,1240.6974721974993,338.40259877642296,6050.811221179811,1529.8526683333332,338.01233432816684,187.2780689388871,8522.0398461279,74097.0,1651.7463891666666,717.1448810035072,30810.41117162178,1726.8721004166664,24407.9544614858,126046.2847276558,1927.6187874859,3019.572749592712,476.1051262080701,812.583176887274,918.2386584092972,2346.265338406319,366.12864210760745,989.4530344239147,4298.622925348081,453.9810819459222,246.37426000115607,1477.9913582223235,559.368184670298,441.4696129045652,937.3737836599961,26.136107373386096,791.9018884687378,109.70459929758469,2916.5432615635095,996.0622896967162,13731.716087898603,1694.1099472916665,23035.216291446108
31,14232.555916018073,415.02148427083335,10200.230042022531,1598.13083625,21614.42586599508,609.9109516041666,23455.448362443156,1201.6882454166666,7016.1189972719885,10818.289035959817,517.5741359166666,36756.77914597021,1.791888352518662,4.41431638397912,0.556160762105217,2.8120906680252715,1.004488212107439,13.500489558434007,10.450355396340703,0.2360264746134181,7.645956920787572,0.6411148420109323,7.020414403400269,0.46253317345570266,1160.0693491014413,319.9940198284014,6653.6961243438745,1529.8526683333332,317.13407126153777,173.58049261242593,7983.31791166132,76949.0,1651.7463891666666,923.2399039304437,30679.00385652925,1726.8721004166664,23971.3674994241,117858.03493950343,1901.2719789309,3019.572749592712,457.55349258346797,772.8756204654053,879.6154234366873,2205.9684440755454,351.08202217508153,948.1872601987789,4035.3371877076283,437.48612465116065,237.4396501821289,1390.013806769047,530.1533628418596,416.9065715520911,884.1786848525887,25.817844781268512,750.53312461664,106.12720054351824,2734.340111261192,931.5666163423264,15038.738157457869,1694.1099472916665,23473.92584900706
32,15174.549130633048,415.02148427083335,10917.157763419915,1598.13083625,22430.132025051593,609.9109516041666,24280.666578151333,1201.6882454166666,7111.969221322684,11050.841303092438,517.5741359166666,47900.84242989474,1.723176002367005,4.2329817002426635,0.5350358561550741,2.69701281662568,0.9631364427443462,12.921770328731576,10.106278638317487,0.2263160048194259,7.328063078706169,0.615468816538181,6.72349178786351,0.4439370924093047,1074.9298005896962,298.8581547733913,7160.980035678741,1529.8526683333332,295.561155046883,161.48330948237984,7482.69976820244,78609.0,1651.7463891666666,2060.47589304774,32433.78079286462,1726.8721004166664,24299.2511605438,110324.14694708846,1927.8380019778,3019.572749592712,434.42921313414087,730.2363365184118,833.0474982888893,2060.208070610081,334.8891649939042,893.3424934073334,3756.096755310495,414.38032312963713,225.64690299499782,1301.860763005328,499.8733890427503,390.34929646937354,824.6115574123745,25.390046959345458,700.1005400303322,100.96381355738531,2539.290842526701,864.5882225936131,16598.444541545876,1694.1099472916665,23539.013934998053
33,15482.8806617011,415.02148427083335,11153.394510280552,1598.13083625,22913.606259469758,609.9109516041666,24846.704532221916,1201.6882454166666,7123.608940723667,11053.958063586266,517.5741359166666,56629.289565065235,1.653789219593736,4.049867161416523,0.5137036028260423,2.580805441103605,0.9213787931841961,12.337370793721528,9.750366592557512,0.2165102238101167,7.007049011849513,0.5895710675229323,6.423654786520263,0.42515848516981114,1133.174928314155,310.09286348908125,7297.034231907499,1529.8526683333332,310.98701654564934,171.55242186066664,7835.32789885733,79186.0,1651.7463891666666,5877.214085207626,38313.96936215312,1726.8721004166664,23973.1602272119,115815.2257059654,1912.8746845116,3019.572749592712,443.6461605359482,753.0471361504177,853.8741416460774,2158.426519400863,341.4210064202469,921.1301731739858,3952.9826743025787,424.1081676360778,230.14258204706985,1363.0581186058557,514.1632435671969,409.15421372336897,859.8698916394803,24.66988908425128,729.2691414014722,101.15456324599457,2677.0043423258076,914.3423631864213,17129.180733863624,1694.1099472916665,23431.793089706545
34,15656.330077849609,415.02148427083335,11376.517829333749,1598.13083625,23057.616925143127,609.9109516041666,25134.98409735912,1201.6882454166666,7462.415371311838,11090.353943941998,517.5741359166666,52427.317083245405,1.6039238759079315,3.91827049347084,0.49837301533763306,2.497292119291744,0.891369338017031,11.917387585127988,9.390961161786615,0.20946322407048737,6.776349790297597,0.5709594515390364,6.208174625542657,0.41166309503192416,1156.9286684995857,316.18251954395225,7418.758687238453,1529.8526683333332,317.02596768126836,175.41596925553512,7921.22944538275,79426.0,1651.7463891666666,7807.748056493467,41204.04298972142,1726.8721004166664,23237.0852513748,117186.17038692505,1849.9436249216,3019.572749592712,446.0328510291659,756.6796718038939,854.3191786540137,2187.2060641443672,342.380115494492,929.156941044058,4008.911173256983,423.5540056367078,229.1167881740177,1382.3367173298639,521.2549977756107,413.15308966113025,871.9119388635771,23.641987044446903,735.5260178695429,100.28241516347853,2729.608120116798,925.5473976848782,17498.679556753905,1694.1099472916665,23237.872904738928
35,15760.65322779201,415.02148427083335,11365.807854676732,1598.13083625,23321.31304308426,609.9109516041666,25188.32682686588,1201.6882454166666,7339.588597318432,11095.469928822775,517.5741359166666,55812.14615243922,1.5817581409612484,3.859774218383878,0.4915583879084883,2.460169460166751,0.8780297803209886,11.730700082432763,9.132671692068762,0.20633074935253137,6.673801258203921,0.5626863681441269,6.112391145845959,0.40566423452705536,1104.6220547349556,300.44965456635236,7366.684186625183,1529.8526683333332,300.20948470219315,161.99778640217895,7427.692908676464,79826.0,1651.7463891666666,8066.1539875979215,44209.79142357737,1726.8721004166664,23869.6968170296,109639.09174304128,1914.7748379024001,3019.572749592712,429.1712845319748,725.9150293038413,825.0272855837559,2071.473473523386,329.2666607910719,886.0473770958765,3782.748260685727,409.0720224364963,221.51306138534605,1305.9945634495054,493.8098931115862,384.5820169056152,824.2351957716131,23.07044006903826,698.9497776239779,95.93503493959692,2580.3570840915363,877.1808248781117,17346.510989509705,1694.1099472916665,23034.173867908266
36,15692.708345672514,415.02148427083335,11294.041599721382,1598.13083625,23549.118499283835,609.9109516041666,25200.028974669145,1201.6882454166666,7348.850886568759,11067.65270819851,517.5741359166666,71834.68767373127,1.5572928656012686,3.7952093627191323,0.4840367904098841,2.4191955840569705,0.8633063365462157,11.524645053321755,9.017858968399217,0.202873302228973,6.560614031095581,0.5535550100448174,6.006670798140211,0.39904303408183006,928.8110572468997,256.4343492623983,7249.40783353237,1529.8526683333332,252.98227814314245,134.3147810280979,6237.69603205987,78737.0,1651.7463891666666,8138.150309487319,45546.35878304687,1726.8721004166664,22933.3062683087,91865.421236367,1842.0792976029,3019.572749592712,373.61838277993866,628.0070001520344,719.2711233372686,1753.9659873832595,287.2905449851903,766.2465896052486,3188.1449937761145,357.6476798082543,195.43271185391893,1104.1073357818402,425.1851049915984,328.74271418929936,701.304253256862,20.989985051404485,592.2088898622198,83.05141927671015,2183.7341197664655,740.3803653701652,17355.942350355654,1694.1099472916665,22943.582403221815
37,15443.139765919716,415.02148427083335,11194.083292261805,1598.13083625,23809.975069875283,609.9109516041666,25277.186319303233,1201.6882454166666,7272.667784343276,11073.907466358398,517.5741359166666,64705.44552260886,1.5581403121583532,3.7974458086138405,0.4842973291453032,2.420614867908418,0.8638163382343947,11.531782541963134,8.891135225371464,0.20299306387555363,6.564534695159548,0.553871308875258,6.010332818835207,0.3992723841888086,1066.379474840427,294.1789230734879,7225.219079230166,1529.8526683333332,291.2034473256158,160.38983269323245,7293.86450164939,77501.0,1651.7463891666666,7854.681185143985,46410.21541279491,1726.8721004166664,22627.20775473,107802.14279234657,1801.9335831192,3019.572749592712,414.05978668093144,701.9947248514619,794.7679138027003,2024.3322961156705,317.8760838248345,867.7875848960207,3692.2638285341063,395.1723057095585,214.58904564791905,1290.9662518044308,478.80274006502674,379.6931263804314,800.667547111383,21.600449528600354,679.9177396158645,92.19522909990812,2529.6407135637573,851.3651784834914,17287.79747313577,1694.1099472916665,22968.85392453224
38,15143.16194701683,415.02148427083335,10839.504753597957,1598.13083625,23521.151733981693,609.9109516041666,25396.498968173495,1201.6882454166666,7272.080220975448,10971.864245283463,517.5741359166666,49269.77253692602,1.5794316177049532,3.8536344289871445,0.4908431222412309,2.4562730529419254,0.8766296557014719,11.711105297160591,8.895524777426349,0.20600196371566387,6.663037728576377,0.5618180224309879,6.10233767847304,0.4050345920401529,1157.6187599548025,313.97921251273135,6960.529223355013,1529.8526683333332,316.5723883860937,175.11085283222434,7834.18342116028,76155.0,1651.7463891666666,7694.227891119721,47103.66074374852,1726.8721004166664,23576.4064158328,115934.6707994263,1918.2266000836,3019.572749592712,435.0640416963682,737.644012492591,838.4767618028208,2174.7160091224036,332.39234937687013,915.3333644602735,3979.971547766345,412.9213576413882,223.09928789308404,1378.5676243122466,510.15065372664526,407.66478250187527,866.0880848025092,22.95728916497889,725.1235597939406,97.82273326206966,2718.3419330138267,919.8218022157976,16722.65319724926,1694.1099472916665,22902.500709151886
39,15134.012378623915,415.02148427083335,10967.686155035342,1598.13083625,23413.179249462308,609.9109516041666,25888.085498206892,1201.6882454166666,7502.4484460369595,11031.23703698607,517.5741359166666,52918.95412116305,1.638879230584426,4.01051909464905,0.5091196799236212,2.555834537098779,0.91240581488614,12.21179369826059,9.005808184954484,0.21440313538155747,6.9380687822241285,0.5840061005688513,6.359225132688055,0.4211232955218647,1151.9921852347074,314.02897852787055,6910.007504307986,1529.8526683333332,313.56527773171604,172.37246868229184,7848.2532097596595,76629.0,1651.7463891666666,7569.998629450391,44500.66103023273,1726.8721004166664,22940.9708659604,116110.159936367,1859.4048048245,3019.572749592712,440.3878094001808,743.8536830573674,844.1644036412716,2169.0708241482203,335.85402940699714,926.9799695111616,3969.995191995104,416.8971331966177,226.06801112709118,1377.3350833943566,512.7230022795746,407.5283763665019,868.8655678659986,23.06646147033235,728.5685769305179,98.59820001191122,2703.824204488694,918.373379959898,17216.031329919013,1694.1099472916665,23131.988473877238
40,15299.618767604768,415.02148427083335,11575.780522496287,1598.13083625,24237.22363829639,609.9109516041666,26076.748829734905,1201.6882454166666,7829.972873769869,11171.297965567443,517.5741359166666,52626.059989822505,1.7037737949037932,4.18177848646282,0.5290708468520758,2.664518449276179,0.9514600031176592,12.758358212381982,9.313731308945751,0.22357407343311103,7.238299851837526,0.6082271852196351,6.639650176065216,0.43868614375642695,1188.202661409919,324.66495359696665,7112.464339676217,1529.8526683333332,322.4839538277051,178.5272257102995,8108.410004769115,80638.0,1651.7463891666666,6877.240751354664,44709.1953536136,1726.8721004166664,23084.6588063896,120021.8014733199,1845.7171417726,3019.572749592712,450.391702617452,763.5428329827677,864.605177847682,2238.2595156007537,343.1691033945208,946.9301873474541,4108.075588549298,426.53401733951335,229.9679562733982,1423.1000700691577,528.8176549952618,421.0628577939607,894.243546925025,22.810847307239126,751.4761779362168,101.08028155038397,2802.0339536766405,947.0160788811787,18369.090107364296,1694.1099472916665,23177.09804128605
41,15818.456622810012,415.02148427083335,11812.149124415584,1598.13083625,24115.014169740458,609.9109516041666,25712.019496427398,1201.6882454166666,8225.736830609838,11163.362858702594,517.5741359166666,54065.473841724415,1.7598805377761921,4.329846460441204,0.5463202883823434,2.758484721780821,0.9852255938135528,13.230908648287045,9.649868220208875,0.2315031113818819,7.497874557389205,0.6291683254036454,6.88210092627463,0.45387068533303854,1159.712547036383,317.9754538901449,7600.9787907260215,1529.8526683333332,315.51673247626945,173.99605483645067,7945.454000157835,83320.0,1651.7463891666666,6522.596714657324,45480.88347716229,1726.8721004166664,23985.6038846296,117504.67660984688,1918.8713650881,3019.572749592712,445.81475532997445,756.1752113678306,859.2217857250995,2189.0684847006114,343.27075091433727,941.1979104747592,4016.3400537545886,424.49018362933305,230.12762239847845,1389.8579522691894,520.7581532815783,411.1499905259073,876.3503714915206,23.844627426390723,739.3493775244652,100.18486341465353,2728.8608411666096,925.9426439743282,18044.149956874753,1694.1099472916665,23101.87605833364
42,16502.052807440985,415.02148427083335,12025.278514760741,1598.13083625,24045.444547738833,609.9109516041666,25552.233435993436,1201.6882454166666,8136.869552392466,11227.692929788727,517.5741359166666,68795.96370705611,1.792024870346926,4.414676660074434,0.5562027331086281,2.8123193049197988,1.0045703698816362,13.501639358902755,9.940486509243817,0.23604576739331537,7.646588512879002,0.6411657955832291,7.021004329818826,0.4625701201849743,1053.9392976352065,290.02358569451536,7834.485064148044,1529.8526683333332,289.6618574780965,157.34705063574285,7201.21760147644,81924.0,1651.7463891666666,5737.2208700513,49077.70201671904,1726.8721004166664,23527.1010074456,106284.48234898587,1875.6591510422,3019.572749592712,411.15331219193774,691.5648582018792,793.3147648433302,1999.5499621625054,314.22002430008195,874.5194292244707,3650.296914319244,390.83473136389966,212.2257282315785,1286.0669563437932,474.14195522783416,376.1126547199174,801.008500984434,23.244291931665572,671.8132551832819,94.26465014800213,2484.0088610916287,840.5567146778002,18110.634861572937,1694.1099472916665,23211.2544179406
43,16405.753343836128,415.02148427083335,11654.038478142242,1598.13083625,24247.696521907947,609.9109516041666,25025.261910944086,1201.6882454166666,7849.169823388272,10820.126388872523,517.5741359166666,74890.80617362012,1.7721588290426717,4.362249369943165,0.5500951228576649,2.779048119404193,0.9926147904791264,13.334320673172183,10.106985765048458,0.23323828673539312,7.554679384705995,0.6337510440835769,6.935158380271165,0.4571936410898827,1084.6922089368254,299.67030562690957,7607.592160116683,1529.8526683333332,295.18392494137703,162.9359581298791,7414.943655473625,78182.0,1651.7463891666666,4409.639190008107,55001.77335386846,1726.8721004166664,23387.5112267824,109541.90823486925,1860.1249734814,3019.572749592712,419.67003754595885,705.4962595243409,796.6150120125491,2042.0091135904686,318.4774150117079,899.6143140403536,3744.0510113969153,395.2086536339355,213.5877137565673,1320.7155093096164,484.4167587249332,385.24901797026854,819.4693464966767,22.841722836408298,689.363305636832,94.2958141223013,2551.858997401756,863.8968387281275,17348.78387301659,1694.1099472916665,22990.42870012055
44,16132.527960607045,415.02148427083335,11282.522207741786,1598.13083625,23780.387440381168,609.9109516041666,24580.142100313187,1201.6882454166666,7752.728707249604,10297.107056103334,517.5741359166666,73988.35718225219,1.6394151526666945,4.011933414797917,0.5092844436605557,2.5567320869804084,0.9127283380758382,12.216307419796047,10.004084854424041,0.2144788722058739,6.9405481957416795,0.58420612678456,6.361540981091434,0.4212683356850148,1004.1915286692936,276.085293641069,7419.648595905359,1529.8526683333332,271.20385380091676,148.84183312704337,6867.90922371203,75255.0,1651.7463891666666,3501.391477194964,54462.15296842273,1726.8721004166664,24251.0153476789,101338.4909136302,1934.3234980191,3019.572749592712,392.885177000534,660.9045456023756,757.198126049366,1894.6873765317387,301.8402166764716,848.6154044190631,3455.754994361316,373.8031187696187,203.18155039365547,1236.269612039732,452.48550571774473,357.0409779816399,761.6265981545466,22.390721810390744,638.883355906151,89.88836375286294,2359.8867224528576,799.8650903115104,16716.05889398022,1694.1099472916665,22658.731628591606
45,15765.54893444925,415.02148427083335,11539.839547947784,1598.13083625,22320.606231244918,609.9109516041666,23953.43403534512,1201.6882454166666,7834.4697566625,9944.928231426073,517.5741359166666,55927.92905976811,1.3854172878539743,3.341622729980813,0.43119541026462205,2.1313423502268503,0.759869920320202,10.077049362895858,9.31650724550224,0.17858374434954696,5.765441290686405,0.48940459988824364,5.263955027554859,0.35252720153308587,994.9070377728773,273.93865013697825,7251.892962942915,1529.8526683333332,270.47273282217367,146.29119969282374,6817.75024510637,77172.0,1651.7463891666666,2431.978186206892,52317.12128860518,1726.8721004166664,23405.3411637067,100548.8362885378,1860.6151893653,3019.572749592712,395.25775907896167,659.8333172452644,756.466591117639,1880.4256027338379,301.4305935083827,840.6920880302936,3423.8408118973716,373.95122760309266,202.29065778562008,1223.12166906528,449.9101825834785,357.0600612588487,752.6039757878689,22.07953812205845,635.9596645463483,89.5132623429715,2338.4840279998107,796.6863089883057,15976.53279096376,1694.1099472916665,22016.29308902463
46,16110.026410108148,415.02148427083335,12616.312383318877,1598.13083625,21244.150229302308,609.9109516041666,24102.35465175218,1201.6882454166666,7642.893763250283,10096.361866845175,517.5741359166666,48958.778126876394,1.0886309086507304,2.5583914172499016,0.339951487823981,1.6342914013364036,0.58126095299726,7.577411606661547,8.00086457741369,0.13664171843774775,4.392375718717,0.37863279504948266,3.981469596999593,0.27220592669749605,988.1297471156031,270.13614872422244,7532.460334290139,1529.8526683333332,270.1959451620346,146.9529494130347,6791.32511459991,77745.0,1651.7463891666666,1651.4974904232076,50147.780241412736,1726.8721004166664,22576.0105905712,100232.54661798898,1824.5042841288,3019.572749592712,387.4131173694054,649.6452389664638,739.237874636873,1868.171555405031,293.8508093821048,828.1349342441691,3410.2989669582107,363.94536779029465,197.17013384154075,1218.679745513746,446.01929215744497,352.326744715228,748.7721239261652,21.12299402203645,632.8361544087404,88.26421168826636,2326.0652700002515,790.2343487730542,16903.814526905604,1694.1099472916665,21715.608608372168
47,15980.147797921461,415.02148427083335,12075.831969007355,1598.13083625,19899.991913942882,609.9109516041666,23686.029242084598,1201.6882454166666,7540.134502478927,9883.445519986954,517.5741359166666,44748.69647696708,0.9427316055075375,2.173357228571342,0.295096246367551,1.3899426301277475,0.49345731477942617,6.348597104715514,6.4635885689118275,0.11602314298501563,3.717380758847036,0.3241777045656255,3.351003565803557,0.23272022638488102,508.3629502946311,147.49407325016278,7203.123280503902,1529.8526683333332,139.21433592562744,72.75611326702726,3695.366713878387,75703.0,1651.7463891666666,995.3168530030525,55496.519483888434,1726.8721004166664,22237.670336906802,53654.716429791915,1830.0190389759,3019.572749592712,249.85336439108295,400.7864873971337,466.55640120378456,998.4313658791043,193.21430998445268,514.0932617225402,1777.0533169968808,236.12227132339882,131.48109433620937,669.9292096067909,259.9694081205528,186.82179267101853,398.38643251548274,18.50137373403507,354.0957651540396,60.061562583027154,1185.5800613673337,409.77108153996255,16099.21615210388,1694.1099472916665,21046.366325330036
48,15488.731382964159,415.02148427083335,11598.96529283719,1598.13083625,19256.610305218124,609.9109516041666,23384.782898648136,1201.6882454166666,7997.436357054305,9893.780975327078,517.5741359166666,44865.862161214885,1.0844606066761273,2.3280554295168354,0.3453417134586776,1.5724186928585573,0.5397461956065688,7.631987855486159,6.045283959873651,0.13250118610283787,4.1251360347108434,0.3826208740975431,3.8708129190595946,0.28160713490529066,665.8424688433815,193.04675764763428,7213.729544133494,1529.8526683333332,180.9442660496918,94.2547821197487,4476.579345266541,75067.0,1651.7463891666666,535.4139114811987,52110.771905231064,1726.8721004166664,21450.5868943513,65201.023081540545,1802.9265986367,3019.572749592712,302.908308174339,498.85571603287246,569.6203454095353,1267.5490609197057,225.15604455879097,559.6743230637419,1964.6680420750536,268.7675632655682,153.79918666041553,726.397218672112,327.49316215266606,214.61966588456457,467.4959302351758,19.76647312153829,447.0116270092542,68.1668519006582,1339.4474749269457,543.4206914310306,15585.518402472198,1694.1099472916665,21046.177290758686
49,15191.41360671725,415.02148427083335,11194.037066432815,1598.13083625,18717.58821893632,609.9109516041666,23198.960539673608,1201.6882454166666,7883.474836286446,9808.81993580044,517.5741359166666,40958.354671445886,1.0746665598014349,2.304770629892716,0.3422526920359753,1.5566570238149202,0.534307675383694,7.548451175824485,6.228629705531533,0.1311585684485357,4.082720783829343,0.3789005999244196,3.8295726000991572,0.27883350333349766,660.8924572514329,192.3836087534367,7074.558104539215,1529.8526683333332,179.57776669039242,93.31917104943797,4448.109381828152,73534.0,1651.7463891666666,299.67205127881607,49343.721797952,1726.8721004166664,21233.2112591548,64719.81901148754,1782.2271278696999,3019.572749592712,304.21278172249976,499.35266574451236,569.5155297300486,1261.1331364697041,225.09406624355228,555.0762094810449,1935.2021056598362,268.78501787306715,153.89627298476762,717.0034102288671,326.2973434846032,211.9188004473559,461.86044113644414,19.968304154107326,444.88546940132494,68.15701630546049,1317.550936075463,541.1734635797839,15236.159642413284,1694.1099472916665,20876.490445346444
