,36278 dsm,48623 CH4,48624 CH4,48626 CH4,48627 CH4,48628 CH4,48629 CH4,48631 CH4,48633 CH4,48634 CH4,48637 H2_underground,63629 central_heat_store,63959 central_heat_store,65562 central_heat_store,65753 central_heat_store,66048 rural_heat_store,69893 battery storage,70568 CH4,70582 H2_overground,70605 central_heat_store,70606 central_heat_store,70607 central_heat_store,70608 central_heat_store,70609 central_heat_store,70610 central_heat_store,70611 central_heat_store,70612 central_heat_store,70613 central_heat_store,70614 central_heat_store,70615 central_heat_store,70616 central_heat_store,70617 central_heat_store,70618 central_heat_store,70619 central_heat_store,70620 central_heat_store,70621 central_heat_store,70622 central_heat_store
0,-297.30064735969654,6206.838378064334,61323.72686940059,4042.938843519427,6138.831833393313,10979.339027687907,37562.87232783064,20917.629733651876,-6612.018774569035,5301.33496039873,-0.011599118358717408,-0.00021255016326904297,-6.532669067382812e-05,0.00022038431980320183,0.0003912115743673894,-2.967335979797871,-3270.2764705566224,-194466.30758117884,-1299.5507600617957,0.0003122639147141726,8.216740112843013e-05,0.12296316163978283,3.5565439269191756e-05,0.00024239182813978744,2.3469889317340176e-05,-0.005466461181640625,0.00028401924573895343,0.037378104784728805,1.7682000891916516e-05,9.43342788461976e-05,-39.124573707580566,-7.759033203125,5.6163700740796685e-05,-182.2832162816173,-929.454419572372,3.1186238951264045e-06,0.13088367716544536
1,-388.8651524958009,6439.220822274685,-25796.045840912033,3077.4046388259158,3122.5099683240987,8086.007153995335,-17750.66557205096,15736.371328100562,-2662.273054409772,-6475.560272660572,-0.011546251750751635,-0.0002924203872680664,-4.291534423828125e-06,0.00023137783972515535,0.0003662435092586236,-3.173290669113134,-4595.753516868688,-33833.541009411216,-1334.902023627151,0.0003238527590472273,8.674122416785224e-05,0.07506186148842797,5.035922222695888e-05,0.0002462074492433075,2.4799957403232042e-05,-0.0048675537109375,0.00029096059834010646,0.04910268192307399,1.9574592033499982e-05,0.00010092253188265232,-40.4948844909668,-12.818283081054688,5.581944845545195e-05,-189.00129603858954,-1089.739092066884,2.7875907697705316e-06,0.12868505850915168
2,-359.9638047894847,5933.609644129872,-14030.184245134704,501.779443891719,-11791.69839803758,9761.53864222765,-43229.93131731264,10021.136943131685,-8.34534901380539,842.4179356181994,-0.011533219609429768,-0.0001652240753173828,0.0001373291015625,0.00023950080760215542,0.00035123282502524944,-1974.0407502841801,-4685.9798432963435,-8399.021140113473,-1286.8553690868744,0.0003392543950431204,9.399440177215723e-05,0.061207281279162196,6.754887661131193e-05,0.00026050071704819544,2.8025007691390158e-05,-0.003620147705078125,0.0003066601074177555,0.041106760093789774,2.080910432677996e-05,0.00010719693663396868,-42.1625919342041,-19.111831665039062,5.588714151372187e-05,-195.19099283248994,-94.27767900004983,3.043735033791961e-06,-5.602764359917152
3,-366.2325481785628,5037.022618450224,-3122.6616521137767,-480.03498998936266,3400.349445496686,-127.7470497712493,214.71855074167252,-756.4919481500983,-3197.5138253755867,-6691.520838296972,-0.0115251484891985,-0.00033295154571533203,0.0002193450927734375,0.00017445913849556405,0.0002975394711306478,-2389.181765223203,-4389.6130884559825,-33720.06873840839,-1256.982019637987,0.00019369352717468757,3.515434935597028e-05,0.02859975239834167,-3.968391220965373e-06,0.0001721407761507976,7.80899620433928e-06,-0.003810882568359375,0.00018473355122949897,0.07838778109558575,7.089321640840751e-06,5.76458413243941e-05,-16.889472007751465,0.376220703125,5.517692369494398e-05,-146.72681110269093,-835.7855366040021,3.3264300114410617e-07,0.13144826101706641
4,-361.10097738296236,4853.164037182927,5645.0548286745325,51.60438566748053,-7223.793875190197,5972.736168347299,-31187.163366623223,5322.877501897514,-1902.5728038996458,4117.45063882065,-0.011518999523453699,-0.0002728700637817383,0.0002789497375488281,0.0001405458109715596,0.00023855758621138534,-2179.7662786914734,-4235.168201754452,-20362.773801513016,-1292.903489308338,0.00013184584908376706,1.3907569975657452e-05,0.06063163929945237,-7.326917317307391e-06,0.00011928387386817008,2.8955422743948134e-06,-0.003692626953125,0.00012118409511341355,0.08901698956801596,3.7454019521376836e-06,3.541857809530313e-05,-7.333107948303223,0.514129638671875,6.832607510887101e-06,-111.68522868225352,-741.7705956147984,-3.936922476910354e-07,0.12721115216441703
5,-337.56150281453085,4599.602219037712,-3032.1379793779925,684.1550278039649,5346.603947472526,-2191.3565061688423,-4863.750598616898,-1826.0773785859346,-5413.219538409263,-4311.790899146348,-0.011518787523321139,-9.5367431640625e-05,0.0002689361572265625,8.776602248516951e-05,0.0001729111448227627,-1768.447117738604,-3813.6915458302246,-13896.702459283173,-1241.1431185874217,4.2896521101454255e-05,-5.679721192031195e-06,0.1819708263757489,-9.483778474539406e-06,5.076231924761032e-05,-1.7897021411528158e-06,-0.00391387939453125,3.124281597521872e-05,0.014420926227074915,-4.135873599153683e-07,1.0233571219764315e-05,6.370085716247559,0.3431549072265625,-3.396396568433602e-05,-76.84346380564944,-45.88516230462119,-6.911513494856081e-07,0.12444948893298502
6,-236.15034705883886,4247.485726751387,-169.35867750737816,1071.589959481731,-7913.28949722345,-1099.7607873603702,-31173.149008426815,-739.1931583285332,-579.37370499596,2459.9540500917938,-0.011516742927479617,0.00018310546875,0.00011110305786132812,-0.00010266264801472857,-0.00014721500478032112,-4.696405467695513,-3504.2308501754887,61709.29450701177,-1231.6696341916158,-0.00013244552950641975,-2.0166485445116678e-05,-0.17695147585606996,-9.948457295294588e-06,-0.00010333295211317761,-5.842190391014412e-06,-0.004558563232421875,-0.00011979977439846579,-0.1707350274269288,-3.6660016222711533e-06,-2.7839087672454355e-05,0.7051239013671875,0.306060791015625,-5.6303636704058135e-05,148.44038420207994,-720.2388187581673,-1.4220745825355152e-07,0.1213663076309448
7,-202.56682647722522,3436.5724064037204,-6420.344644165598,-1540.3001534054056,5196.010140756145,-10115.782502695918,-10179.64657291025,-8867.148930042982,-3867.2274942211807,-6612.0164439426735,-0.011510807006527735,0.0002435445785522461,0.0002608299255371094,-8.315573571948676e-05,-0.0001090250817838978,-5159.820007130109,-2920.6395212337375,57900.277526155114,-1236.6196253875714,-0.00011748259185573318,-1.979940719731843e-05,-0.000697359945907472,-1.0220298883645285e-05,-8.461524206104798e-05,-5.7842848049105555e-06,-0.00434112548828125,-0.00010549754937461131,-0.10027129170025262,-6.845320008608269e-06,-2.6134858614135226e-05,37.2690372467041,0.2873992919921875,-4.0126237379922713e-05,96.44049519823704,-2.6363068274222314,-3.2202567101791146e-07,0.11981790637799694
8,-133.988662876616,1414.5444932729006,1866.2508533801883,-2563.200180646032,133.3505768601317,16606.195287048817,-20187.665060028434,96743.51349142939,-3206.812757920474,2409.3235911021475,-0.01151898642873328,0.00037109851837158203,0.0002894401550292969,-5.8800350441146065e-05,-6.744786395174174e-05,-4929.551347293336,-435.45968751981854,-82199.4984786585,-1230.7368966437898,-9.804171560734432e-05,-1.9440892842226276e-05,0.07858744495298176,-1.0802775755713867e-05,-6.176292219794988e-05,-5.906465021965346e-06,-0.003566741943359375,-8.491219980832909e-05,-0.00382079098905308,-1.1016527482254901e-05,-2.4022506494247864e-05,6.312587738037109,0.3747406005859375,-4.013303684047287e-05,59.86229052594206,341.746235890314,-6.684605144968714e-07,0.11841951180957722
9,-70.25261274138597,2360.1751318722963,4014.5795368719846,1790.9915176937357,-5279.144113201182,19138.59884469956,13704.110022477806,8814.801557339728,11055.231313534081,4539.047555539757,-0.011510140028729188,0.0003361701965332031,0.00045108795166015625,-7.233512378235218e-05,-0.00010007550799429055,-7863.391018368788,2062.5752376712626,-43441.51050404459,-1222.5028879823585,-0.00010750309817719739,-2.0963755149594476e-05,0.009718361038634882,-1.1218232676135642e-05,-7.445538902661752e-05,-6.416700226274941e-06,-0.004489898681640625,-9.361577329070059e-05,-0.04182022673103347,-1.229853211626164e-05,-2.5839422144180446e-05,11.161466598510742,0.5033416748046875,-1.9024549274604396e-05,79.35986792130029,734.4608553899452,-5.716222029050755e-07,0.11707354619830657
10,-78.67267945893741,2195.5159016251564,-142.60213298443705,-2664.8573024757206,4948.389246671461,10656.907128997147,38805.82930726558,244.47384826093912,-1973.8327999711037,69.59383786167018,-0.011500858698147987,0.00029015541076660156,0.000335693359375,-7.504163953342413e-05,-0.00010400743229510567,-7876.596561966664,1544.2811362771317,-34224.78741582483,-1233.1437478625194,-0.00010555740042228479,-2.4174664007503566e-05,-0.061289581294481366,-1.223957621832028e-05,-7.419882682757617e-05,-6.736170180765555e-06,-0.004474639892578125,-9.578340485472125e-05,-0.03123969758166112,-1.1387956845076985e-05,-2.66230497594222e-05,12.293815612792969,1.2372589111328125,-3.5621461336177163e-06,77.4830650122343,-1079.0254969182424,-5.021639282176693e-07,0.11587277572007348
11,-69.01621004311312,3260.9111988022923,5023.581278080121,3488.3204943742603,-350.88797510717995,15699.967579171062,-961.8704514652491,13357.76495961845,8839.736821115017,2742.6541794855148,-0.011498186048717107,0.0002779960632324219,0.0001659393310546875,-5.793393837549843e-05,-7.081940557185362e-05,-8329.890239619359,391.99129741976503,-41523.30941028148,-1273.0704102335203,-8.465722391814978e-05,-2.381713183652323e-05,-0.06810004866617092,-1.2656585695935973e-05,-5.32156318007182e-05,-7.0018548994355e-06,-0.0047760009765625,-7.86992366510475e-05,-0.0008688534287770722,-9.466325159301903e-06,-2.1021583993530157e-05,1.8023176193237305,1.5005950927734375,4.516994387415707e-06,15.700770972784937,77.98649956239387,-6.463825190650141e-07,0.11483170452353164
12,-68.27942275516011,2844.541584663093,978.7551003103144,-1448.4672446083277,8701.942721657688,8546.983401633799,22865.807854559273,3432.711814522743,-3318.7967800199986,-2010.150579369627,-0.01150072984230266,0.00017559528350830078,0.0003414154052734375,1.425219327444438e-06,2.6311948861490464e-05,-9342.382783542642,362.57292761211284,-49566.814124815166,-1214.2000324601759,6.8382973079650355e-06,-1.603055806764786e-05,0.08467490644985887,-1.2863946238894641e-05,1.5990923902364784e-05,-7.785528442383338e-06,-0.002826690673828125,-3.5447202293426017e-06,0.12377202023152023,-7.554771824125339e-06,5.208771264975098e-06,1.6367225646972656,2.58624267578125,-0.00015135351528527963,-80.6947164673299,25.107733954675496,-9.64363283451064e-07,0.11406536638224907
13,-175.12994401244418,3438.72847096622,3706.5385463507846,3921.404175733216,-3739.144179839408,10930.612181723118,10869.78250856325,5893.226342909038,10115.360511302948,4876.8477029511705,-0.011498653367493894,6.604194641113281e-05,0.000240325927734375,-5.047921132828037e-05,-6.183860499220373e-05,-12089.255869500288,-1076.6249530145433,-43138.78916707635,-1319.4633269449641,-5.433745956828773e-05,-2.1999421878859948e-05,-0.03768880147357123,-1.2834690583218844e-05,-3.4612790453358855e-05,-9.144050133969017e-06,-0.004558563232421875,-5.522922392309226e-05,0.023495801385450932,-6.707044927445338e-06,-1.5488748644543193e-05,1.0737218856811523,2.54571533203125,-4.90614818104973e-05,7.490425827618083,3971.3858944233507,-7.534992878532876e-07,0.11296691665942138
14,-344.37491606543426,2290.1713499352336,2458.4640405210666,-1814.2887542750686,8528.0632624086,4827.6844546198845,38735.66710895114,-4067.6444834172726,-3675.6370069161057,-1873.0154561041854,-0.011494517765149759,0.0001227855682373047,0.0003428459167480469,-7.217938111736544e-05,-0.00011009165825726086,-11570.901813170181,-2014.228813237045,-28929.754596807063,-1243.5337429680403,-8.741061973704944e-05,-2.3986082504201534e-05,-0.08488087287898338,-9.251121784181748e-06,-5.5590107350234064e-05,-3.962727571860114e-06,-0.004985809326171875,-7.752810323591319e-05,-0.021728195980720955,-5.825111185409071e-06,-2.4711858111814422e-05,1.110121726989746,1.0382843017578125,8.840728575876255e-06,57.70322423046059,211.05895667755976,-5.686081943068189e-07,0.11209671954791389
15,-493.0946957936535,1757.0043293610215,5970.042740733363,3121.009728051722,-4899.772673776373,10880.265456095338,-3988.472651667893,11549.284253537655,9332.047218132764,4098.795570267597,-0.011521519264363844,0.00012624263763427734,0.00026988983154296875,-7.657459169507774e-05,-0.00012023446182851671,-428.63588894114946,-773.6549122771248,-21419.791841819882,-1294.089023299217,-0.00010722316236311258,-2.1726101787855612e-05,-0.05497274632050608,-9.012419237564018e-06,-7.138899103420471e-05,-3.4877242427455712e-06,-0.00634002685546875,-9.500249456628751e-05,-0.04327935245373027,-3.958455449648568e-06,-2.5708876974839256e-05,2.920656204223633,1.2588043212890625,-1.6141966902694094e-05,65.55545534771181,-833.6038885237649,-6.598773101273991e-07,0.1113693728690972
16,414.5120700802663,47.07893720269203,-6386.414434518199,-3126.0322131700814,4240.853068465367,-4721.763043045998,-6964.1915226615965,-12122.072350308299,-5457.307234995067,-4470.88644506922,-0.0013386525895744406,0.00016760826110839844,0.0003123283386230469,-8.534047993435934e-05,-0.0001329653423240984,0.21583513807854615,4631.079775259597,59420.28661930561,-1290.2293308720655,-0.00011902485221071402,-1.855322768129497e-05,-0.030443533398311295,-7.693595744484583e-06,-8.073276184639155e-05,-3.0760952309805134e-06,-0.015453338623046875,-0.00010584819360026643,-0.028354838809917737,-7.510864626247837e-06,-2.7331271686747982e-05,2.103745460510254,1.0646514892578125,1.6034989464230875e-05,95.0199205638736,-1795.967974159401,-3.4817001370868184e-07,0.11069879451474751
17,-91.84598583909747,-5.448480121791363,-3251.15701820096,727.8011772278696,-9321.578417060664,809.2768794596195,-16220.676616819575,-3806.3416959419847,8248.82209443301,2168.6718655352015,-0.0013590429921996883,0.0002617835998535156,0.00022459030151367188,-7.692162208527975e-05,-0.00012983495127016909,0.1034218059212435,3304.9755272615002,39604.98864801228,-1210.2965892805514,-0.00011346540070533706,-1.773730862897338e-05,-0.04461182479407455,-7.5457444852489175e-06,-7.879349468264962e-05,-2.968230483624268e-06,-0.002597808837890625,-0.0001014891206532198,-0.061163643942130363,-6.020194973643811e-07,-2.6327779636403648e-05,1.9956722259521484,1.0610198974609375,-4.698254322477169e-06,91.70756137128257,-119.27009203098714,-4.7322116980552664e-07,0.11011242631212603
18,796.5082002795635,-838.1316074728966,-4692.82948352769,-5478.153328661807,1581.3199970426504,-4385.983817085624,16478.519045896828,-13251.273700393736,-5833.736465249211,-2296.8665090466384,-0.0013823787829538858,9.131431579589844e-05,0.0003609657287597656,-5.138396957704572e-05,-7.53776059525535e-05,0.07543746141891461,4998.7260500058765,25943.176901951432,-1232.527081085751,-7.563534447108111e-05,-1.616631668621693e-05,0.059790783737420305,-7.668853608144843e-06,-3.541366544723701e-05,-2.611675356867238e-06,-0.0051727294921875,-5.974208353443089e-05,-0.006763512723729548,3.416854976734385e-08,-2.2401926353055046e-05,2.9138126373291016,1.597381591796875,1.024883250977382e-05,41.70730741781637,-633.6744691370986,-7.362379976783018e-07,0.10964052647238454
19,768.757470057008,-672.3167811855674,2322.0950591485016,5094.116123736836,-3249.415863099508,5740.363289318979,-23027.494145128876,4876.687199853361,4615.621910363436,779.2484446824528,-0.001385471091687629,0.00019311904907226562,0.00023508071899414062,-6.094854822435991e-05,-8.811144973108753e-05,0.06227016776392702,3829.231510540354,13735.153007879853,-1267.1331799900217,-8.553296395419352e-05,-1.6498596102643148e-05,-0.023400482012540635,-7.714075000109233e-06,-4.199421457951047e-05,-2.8155779698835204e-06,-0.007450103759765625,-6.698253920411901e-05,0.0165218960324367,7.95250270968495e-07,-2.325529189661779e-05,2.0569229125976562,1.1490478515625,1.4451779072999216e-05,56.30242948183508,-665.4879831364378,-7.267424040335868e-07,0.10916525883208195
20,1187.7553863344149,-1410.4257205426693,-860.8303975015879,-1053.8970476482064,6252.379896273138,-655.66976403445,5566.783595375717,-6508.183119319379,-8174.472029801458,-3729.1618000157177,-0.0013677096287278978,0.0002504587173461914,0.00019884109497070312,-3.093662935782504e-05,-4.633970895540074e-05,0.05242842575535178,3164.326355249039,12353.944916017354,-1240.098640089258,-4.983003386982432e-05,-1.5026323045397305e-05,0.04048647807902217,-7.796106689106352e-06,-1.0994242042094982e-05,-2.579119247059225e-06,-0.00698089599609375,-3.104100927053821e-05,-0.03564210184506322,2.768131490249459e-06,-1.8716640921567773e-05,2.1511917114257812,1.3216552734375,2.258341060468183e-05,20.46342374524187,109.31544922897592,-8.774362960650706e-07,0.10883038903142594
21,272.1963340491525,-1245.417717590928,652.4870208329521,3612.7311503803357,-6275.858975718496,1102.4770962446928,-7717.100709982216,-2588.766386844218,5368.074073210359,3105.048975518672,-0.0013660048887038645,0.00030481815338134766,0.00011730194091796875,-2.8519746571475935e-05,-3.471743848493247e-05,0.042431614274391904,1337.6366379476385,5315.493622802198,-1213.347165323794,-4.8135303384988504e-05,-1.4753006261969404e-05,0.0021666049508830554,-7.849668389958708e-06,-7.272647969180923e-06,-2.5440797477571664e-06,-0.006526947021484375,-3.294301524903176e-05,-0.05995535660465379,2.80674638020173e-06,-1.7817086364502188e-05,1.987095832824707,1.1448974609375,2.5039321933206793e-05,17.603424052277376,144.47094965400174,-8.943731160115931e-07,0.108500709979233
22,280.57999888119366,-2753.7336249500513,-2405.685021683108,-2500.121278594248,5862.070819819346,-6775.1314163059,19119.54841817543,-16006.097994051874,-8397.934993587434,-3426.6672798688523,-0.0013729103746304983,0.00023663043975830078,0.00010442733764648438,-2.409596853070184e-05,-3.675230739474955e-05,0.03750242610112764,1112.5965344107244,17121.591590449214,-1292.3391644343355,-3.449141669342737e-05,-1.4074288362309062e-05,-0.07765955962790905,-7.896028040299541e-06,4.588054800080954e-06,-2.4821501094507425e-06,-0.00662994384765625,-1.5185366216030616e-05,-0.030180991451651096,2.837909808484085e-06,-1.6792672012932996e-05,1.220149040222168,1.656158447265625,3.8687919783342295e-05,12.682767000881512,2592.3695061402395,-8.928465717872314e-07,0.10821410865286918
23,-45.44676615720823,-3109.1768937408924,2396.1127346931025,2563.5399890206754,-6213.410469908034,-3037.287953697145,-19861.90187422186,-1850.0110656395555,4888.30285173282,3229.5025596190244,-0.0013665348493152596,0.0006437301635742188,0.00040340423583984375,0.00023881027318495285,0.00037589336037768817,0.030078289040829986,757.2488815012621,-28603.68574347347,-1260.1663368538248,0.0003702830940195412,0.00010422883218996759,0.11752596643933622,0.00013879818894757534,0.0002615791763815878,2.5786187296539254e-05,-0.006366729736328125,0.0003152337039598052,0.07828731301948011,2.0150561679699308e-05,0.00010084960555190037,-40.522040367126465,-12.81854248046875,5.403260776404295e-05,-181.77411638645728,-75.16035146685317,1.6900325832125418e-06,0.11332594224170744
24,11.574982548187108,-4686.968450844288,-632.2823914447799,-3471.1413963446394,5927.821750634583,-11186.86499287188,6571.610733922571,-16261.841014243662,-8845.002326715738,-3458.422382139601,-0.0013620219188925642,0.00022041797637939453,0.00047588348388671875,0.00018850511427359606,0.00032105967324369544,0.025371419949806295,-92.59343067172449,-6559.151568770409,-1233.4174293506549,0.0002788939427293968,6.467740811277878e-05,-0.006568492693957317,2.29874613904002e-05,0.00018161516798897992,1.6859203328500882e-05,-0.00577545166015625,0.0002306475615583281,0.08338419134164354,1.0590904610197072e-05,6.399472007867502e-05,-16.56967544555664,1.502105712890625,5.394810899872482e-05,-145.49232384474516,-1472.9610130884685,5.035360821636914e-07,0.11137722917228565
25,-450.65651747306356,-4648.843156762421,439.1017565866932,1489.579884619452,-7490.043235007906,-10147.244706183672,-9740.826514642686,-12261.492211081088,5431.867080375552,3297.154604329262,-0.0013366189607482148,0.00017714500427246094,0.00047779083251953125,0.0001971769984336902,0.0003431917611393942,0.0199820665147854,-3659.1894237019587,-10222.466847784817,-1272.1494310371236,0.0002850377314178587,6.858443302615314e-05,0.001891102938786915,3.251718811103643e-05,0.00018440362384364306,1.8459287441707772e-05,-0.006481170654296875,0.00023266049220715956,0.05619203472969758,1.0551876576059271e-05,6.753654757662986e-05,-18.64351177215576,1.24566650390625,5.3927505980766455e-05,-149.29677862489564,71.3288727006875,7.153506595969361e-07,0.11163445691425267
26,-751.9066233491344,-5726.605757325888,-2990.3244255734608,-4737.694564163685,2617.7275821950752,-17796.336707249284,16753.507655132562,-27238.34631574899,-8254.304514300078,-1496.5032821493223,-0.0013197824977211337,0.00020611286163330078,0.0005788803100585938,0.0002000626676803563,0.00035338836631382264,0.014800716540776193,-7733.603222567588,5391.888998836279,-1193.7619921321384,0.00030052157832294313,7.507686531837976e-05,0.024561375584061906,4.0589437181104415e-05,0.00019406115110509603,1.982885524665079e-05,-0.006351470947265625,0.00024825907611969456,0.0672379113603867,1.3248241567787034e-05,7.202152931728989e-05,-20.52139377593994,3.001708984375,5.309160404465274e-05,-152.86570251012665,-428.96173649281263,8.327843978861438e-07,0.11177077198518326
27,-453.89060521933266,-5809.512159533799,2349.5710089355707,1219.9532215269282,-2896.2851558919065,-12205.528248816729,-31579.074233405292,-9537.269725739956,2942.316132262349,1044.6440293616615,-0.0013130248374204623,5.698204040527344e-05,0.0005512237548828125,0.00013531647176279193,0.00022193993583385918,0.008239428367232904,-8422.869975293172,22649.424220576882,-1182.268895812922,0.0001641189315799707,2.4146863168539312e-05,-0.0024046984301149266,-4.0970301089515715e-06,0.00011304189160998845,5.189519221460159e-06,-0.0062713623046875,0.00013804575124876095,0.04942804369549236,5.526037156755592e-06,3.0935678797305854e-05,0.7998685836791992,2.446258544921875,4.8231928182929096e-05,-101.9222491644249,16.07574342051521,-4.844906591472409e-07,0.10919129551924289
28,-612.2551437101249,-5905.6829183623195,-1532.4978694352321,-4711.157327936962,5886.402564723045,-18835.80988678336,-5244.262402646244,-23911.437390066683,-9230.283517885953,-3909.295511547709,-0.001322408780606743,0.00011372566223144531,0.0005211830139160156,0.00010740632578176701,0.00016352574192524116,0.0027034995291614905,-7890.632983964868,40247.50698081404,-1233.8297194662373,0.00010484972345992105,7.086439911319076e-06,0.03378472250961195,-6.2775999172259844e-06,6.53934297991654e-05,1.7790037611931098e-06,-0.006450653076171875,8.015109519377006e-05,0.1343598959963117,4.719063448455074e-06,1.6045795011798702e-05,2.3620500564575195,0.3832550048828125,-5.818629723819413e-06,-77.19161791144802,-1192.9217320578173,-7.348167088139235e-07,0.1086719932554816
29,-625.6610056506331,-3990.5632308647037,-1312.9774289662018,1146.7656971430406,-7195.091981500387,-15486.478888131678,-25811.81362431124,-16064.243818461895,5374.4934297166765,2333.8730127657764,-0.0013413175590157866,-3.063678741455078e-05,0.00031948089599609375,6.104596406331098e-05,0.00011384833842598141,-7.229695620480925e-05,-4026.446030132589,46155.655245661736,-1095.2621750268445,1.67598750069331e-05,-8.93856288097794e-06,0.16647504333618368,-7.905729362711611e-06,-6.648403638287448e-06,-1.3186436493839437e-06,-0.00628662109375,-6.222246768494699e-06,0.03236628614506287,1.66237702270422e-06,-4.701616109770157e-06,0.851222038269043,0.2266387939453125,-4.2325727683589776e-05,-26.54862557091826,279.953679789789,-9.681817250140057e-07,0.10807772198769161
30,-181.5140572876785,-2968.6343813687563,-5979.242309735622,-2812.513525798917,4011.305180428084,-21071.03700954467,1023.5844109021127,-28790.772214077413,-7266.613447595388,-4509.605538259959,-0.0013672868072207578,2.586841583251953e-05,2.1457672119140625e-05,-0.00011339771977603164,-0.00021537425907425245,-0.0031633911858079955,-1045.0018014442176,110445.52476264536,-1088.2364300638292,-0.00014540898417525483,-1.924652112883507e-05,-0.2030282116735913,-8.158445406358794e-06,-0.0001422202101251102,-4.313228174623873e-06,-0.006275177001953125,-0.0001478957759806221,-0.17100618109738264,2.0562049396488646e-07,-2.9071951408887742e-05,0.21944713592529297,0.23291015625,-7.915943461256347e-05,102.35356128190563,72.32125267246738,-2.815323796312441e-08,0.10761367936533794
31,-40.580831120322046,-528.0425298288465,-4379.975083797239,4365.237018389627,-7752.3376520255115,-15805.698956854641,-24661.533325698227,-13429.97092834115,6732.258002020419,2130.3848227949347,-0.0013654144640664612,7.176399230957031e-05,-8.869171142578125e-05,-9.99982849805292e-05,-0.00017268480900511918,-0.008191382876248099,-623.70435880078,85707.70137031376,-1114.5830795241345,-0.0001330395269061313,-1.9445695412123598e-05,-0.027733478326506855,-8.865470356056449e-06,-0.00012672770440502745,-4.634643801182392e-06,-0.00705718994140625,-0.00013726548958015172,-0.12739945617902038,-1.1161482120769506e-06,-2.865696022613662e-05,0.18575096130371094,0.2428741455078125,-7.185029522105424e-05,67.22776475824116,-317.94017839664593,-3.305448190715765e-07,0.10781483304289896
32,1232.4975818163605,51.245049975812435,1276.641287890263,-1954.8436935497448,6661.790886920644,-10595.34869093448,35344.76762731373,-7475.434942483902,-4733.243838954717,-2754.6711110642646,-0.0007391888220809051,2.396106719970703e-05,4.4345855712890625e-05,-8.116371337862915e-05,-0.00013032415171920775,0.010359724212321453,2059.081862923922,8170.230051890016,-1088.0072187581318,-0.00011469672182595758,-1.9521948497747132e-05,0.06910095565280816,-9.536167913992699e-06,-0.00010855623984618035,-4.9206172310078955e-06,-0.006839752197265625,-0.00011911082259619121,-0.043455603712402535,-4.087483053361041e-06,-2.80302806139332e-05,0.5483512878417969,0.188629150390625,-6.44743782771684e-05,52.70750019902391,740.5016803313047,-7.736234399757791e-07,0.10807753107284945
33,1353.5942862538866,74.6449318677187,6785.121460145805,4318.239378128201,-5184.12555064843,13699.356258705258,-1971.2395201399922,98583.66359769553,9679.57364005968,4460.000700993696,-0.0007414231455891152,9.465217590332031e-05,1.3828277587890625e-05,-9.276526594348411e-05,-0.00016211879614047575,0.002608428767416626,5875.833873468451,-100524.3400895223,-1102.9703021653695,-0.0001238672854988465,-2.0276557131104767e-05,-0.016652446370657437,-9.856487115378343e-06,-0.00011729064361087893,-5.696104906860455e-06,-0.006320953369140625,-0.00012863836623111524,-0.02280151059331814,-9.64344436304998e-06,-2.9344411341725163e-05,0.8393402099609375,0.57830810546875,-4.498973734712308e-05,52.30989881151447,1679.359650860075,-5.547325532262448e-07,0.10834558271834993
34,-849.8912383701735,-203.76136495172977,2352.281550955493,-2342.517958507873,4797.597524117678,11866.807169906795,21049.443763002753,7477.72029350698,-3078.463789731264,-1.9713193669449538,-0.0013435334503746343,4.172325134277344e-06,-0.00014019012451171875,-9.557667912574175e-05,-0.0001725656758964078,-0.03159451264946256,2974.6817931525875,-11217.775063373148,-1165.9109283240323,-0.00012536026673970468,-2.1199755095402395e-05,-0.09408141602459708,-1.092968238136649e-05,-0.00011680670475922028,-8.022211697600312e-06,-0.00632476806640625,-0.0001272721199496729,-0.04167562608738962,-9.852468858539964e-06,-3.169142673620229e-05,4.570253372192383,0.1974334716796875,-1.6746633960451618e-05,49.81156812118388,2926.3503197296523,-5.143115613392979e-07,0.10868634608195737
35,-120.46744157633006,898.4553174376488,-1600.0092559223995,3053.3513628868386,-460.0154120847583,5526.3842189237475,48665.44620761834,-5822.91654202342,7580.5895776972175,2654.923837725073,-0.0013058793936173707,2.2292137145996094e-05,-0.0001697540283203125,-8.161993715560811e-05,-0.00012907655658978,-0.04141952926875092,3115.72916927014,-37920.39715436846,-1101.078731954498,-0.0001052010985445051,-2.347094444576925e-05,-0.09100568198943382,-1.1251655749333622e-05,-7.594686626521963e-05,-7.784272107791423e-06,-0.00542449951171875,-0.00011256452623520374,0.04045379076481481,-6.816813534094024e-06,-2.9408390559204634e-05,0.5367250442504883,0.8156890869140625,1.3421492326415319e-06,39.636833541790224,-2218.877390695736,-6.639731617852362e-07,0.10910916777199908
36,-522.0087010991174,344.36842722445726,5214.081014084164,-1743.5786710148677,8497.643655330408,9819.326655842364,-3436.540029970929,11083.846986547112,-4285.096568189561,-2030.814326866297,-0.0013105018045524996,-3.695487976074219e-05,-0.0002193450927734375,-2.888383654919835e-05,-2.999522058289017e-05,-0.08955954642442521,3082.504309395794,-22352.193924181163,-1173.7741409290538,-1.990868514223365e-05,-1.8333807222603582e-05,0.08116044735211769,-1.1406820874526602e-05,3.3071164238229755e-05,-4.908152057225834e-06,-0.004497528076171875,-4.3139980233419806e-05,0.12346524937096603,-7.409569817262707e-06,-1.5996491306680127e-05,1.1329021453857422,4.4039306640625,-1.7993504620505973e-05,-4.3733191149331105,-475.6424500369467,-9.912649332477486e-07,0.10968145280804276
37,-346.6473494833674,1066.848612010479,1374.8485143836588,3802.309544547461,-3769.004752554465,4620.439045034349,29377.454138090834,-2194.2387439385056,9073.582727845758,4783.166774785379,-0.0013099482173610788,-9.942054748535156e-05,-0.0003809928894042969,-7.272670897151556e-05,-0.00012197052454610002,-0.1007799613289535,2988.2153185716597,-29101.2720592618,-1213.9196616832269,-8.905326791808221e-05,-2.3433940978812018e-05,-0.06556087609497308,-1.1398344144097905e-05,-4.495790390990351e-05,-7.694206366259948e-06,-0.0064849853515625,-9.686177907841653e-05,0.06428970549531954,-4.1562824755203565e-06,-2.7829865699935397e-05,1.4508323669433594,1.778350830078125,1.3810056692875605e-05,37.004172682057515,-1184.5762241473421,-6.907280996060194e-07,0.11011023325122915
38,-866.292944540576,-12.25004506111145,6160.506720378064,-1711.1165959574282,8474.087601146428,6020.351328395307,14822.383795797825,2280.6972379609942,-4552.220501206815,-1779.6391341118142,-0.001313889130389878,-5.4836273193359375e-05,-0.0004200935363769531,-9.387450607079018e-05,-0.00016939946747385193,-0.13739107106812298,-4396.452293826733,-176.29080256074667,-1097.6264693814737,-0.00011322296785198915,-2.4398139929715512e-05,-0.09527008390825742,-1.128249628923328e-05,-9.26727492105428e-05,-8.452141720738382e-06,0.27529144287109375,-0.00011587199841667228,-0.00805931064896015,-5.620595215916069e-06,-3.144109928587824e-05,3.9936704635620117,1.4757080078125,-7.096070703482837e-06,46.67351065867598,111.4214108013548,-5.204926969426538e-07,0.11066867922448287
39,-358.91711945616726,1.5939555615186691,701.0094952667132,2592.1895665740594,-4402.854132340755,2744.358770109713,47839.43090652116,-8100.429468266666,8650.122042067349,4284.179973644437,-0.0014021135654580519,-0.0002982616424560547,-0.0004153251647949219,-9.122310524389832e-05,-0.00016164156772191518,-0.3141667026793584,1319.9273031447083,-25147.816750638187,-1156.4488336990617,-0.00011705785104076938,-2.3419461557594445e-05,-0.06823890547246148,-1.0890824393428034e-05,-0.00010453358425355219,-8.038188600956175e-06,-0.00482177734375,-0.00011871052493184209,-0.05032098370822524,-3.3827266427977065e-06,-3.0168953935927334e-05,3.2675094604492188,0.889801025390625,2.524183976504446e-06,48.092358221986956,106.61283553531393,-4.786515219734611e-07,0.11132882898282714
40,384.2288899253965,-2654.2907656803727,-1408.3201320064254,-2181.1253446489573,4141.539211122319,-2419.5368592888117,-39744.589969765395,-4597.6304840147495,-6115.164869777858,-4311.394596264232,0.021547539768983492,-0.0005613565444946289,-0.0007262229919433594,-0.00011579387187765633,-0.00023296339130851607,9652.820822194379,5962.277475541225,94280.66609080881,4865.293244996406,-0.00013705002441621872,-2.1457169046001923e-05,-0.05057869173801244,-9.268435410270115e-06,-0.0001307941088573017,-5.898587070340966e-06,-0.0059051513671875,-0.0001316748454671668,-0.06428588194638252,-7.142695439554814e-07,-3.0338036435040294e-05,1.1038389205932617,0.4666290283203125,-1.3836140752232495e-05,53.99529013151505,-1046.9115174817853,-3.366536205362536e-08,0.11202576507158213
41,372.12258735482305,-2766.71073910594,-5362.631773666013,1938.9973514657468,-9380.614384758519,-4633.143435403705,-1295.6158043984324,-13061.448220387101,8057.714581113309,1966.9738959791139,0.02154626615277544,-0.00041282176971435547,-0.000827789306640625,-0.0001128629415774185,-0.00022105151794704625,9458.826553592655,5650.498379403376,57542.825622960925,4938.44746400998,-0.00013302952986560257,-2.049791716984828e-05,-0.05980999589616687,-9.101536562639012e-06,-0.00012963126005693937,-5.341981944795293e-06,-0.005802154541015625,-0.0001290381153467024,-0.05538866301669998,-1.0275311890239891e-07,-2.9425276784955656e-05,15.095451354980469,0.7367706298828125,-3.9446802837517225e-05,56.24863516033997,-614.2907488406636,-1.6691558624160052e-07,0.11284113214321811
42,571.3155688901213,-4083.8005560189486,61.35709655191749,-3900.0238627875224,1158.4530272192787,-3008.6788989678025,-15347.184637105092,-8862.49239050597,-5938.420429632068,-2653.8765386063606,0.021545447568726672,-0.0003325939178466797,-0.0008521080017089844,-9.553201917711363e-05,-0.00016907505259311506,8572.831585232037,4904.7375270740595,62357.68651365489,4895.235245693555,-0.00010247639721772117,-1.9421412822850925e-05,0.039787448979664575,-9.185877136275167e-06,-9.40415561077046e-05,-4.855022416094812e-06,-0.007213592529296875,-9.353013661517195e-05,0.0007421043032920238,-1.088640173563249e-07,-2.7021697610152273e-05,25.870667457580566,0.846710205078125,-2.548281382530604e-05,53.44581463550287,155.01748057687655,-4.0413712554254744e-07,0.11376088233651416
43,740.8068147829694,-3618.2054992988706,-6932.7778394352645,1243.4747679596767,-4607.703740272904,-9905.196916051209,15949.016180660576,-24438.07136400789,5223.174218952656,15.334363642148674,0.021544895092408645,-0.0003470182418823242,-0.0008425712585449219,-0.00010030070938427116,-0.00018621517097372475,8827.26789876903,3614.316448794212,50398.33231332898,4879.701064047134,-0.00011104893422508866,-1.9377388672303653e-05,-0.023823005147225906,-9.078364202608213e-06,-9.935607876698782e-05,-4.883752019679832e-06,-0.005458831787109375,-9.825933726403946e-05,-0.007438596959971733,-2.3799208372921044e-06,-2.748555874632075e-05,4.651156425476074,2.0717620849609375,-1.6160358015326892e-05,62.845894047175335,-89.94059071317315,-2.642683742948293e-07,0.11473657560648709
44,632.2759221425073,-4331.427322663367,2366.4901960478164,-4022.5217890758067,4705.343566707335,-3966.0763950049877,-31381.458156170323,-5325.549923881888,-7194.087780505419,-4837.6424948226195,0.02154425824872752,-0.0002313852310180664,-0.0008254051208496094,-7.964608115784699e-05,-0.00014038779145053581,8176.037124259106,2686.9068462341093,68789.65476944298,4953.899585421423,-8.246378862875048e-05,-1.8607523479374777e-05,0.031936349918752605,-9.357048432967474e-06,-7.45588689072818e-05,-4.801625462569348e-06,-0.005756378173828125,-7.016602942933048e-05,-0.015995673876304295,-4.1522415337169605e-06,-2.522761162637721e-05,4.0452423095703125,1.83087158203125,-6.349200461386317e-06,60.60633288716929,448.2643894404173,-4.7366085720312867e-07,0.11584324758258324
45,378.00944261379277,-3094.971748918295,-5687.310427712742,1138.9155011940747,-8227.26577617717,-10243.047603704035,2526.7132306490093,-18266.869256928563,7446.534195713699,1818.2224193306174,0.021544569038537853,-0.00026702880859375,-0.0007176399230957031,-7.870559726796955e-05,-0.0001323236744603662,8116.324643861986,1586.4504020333989,45633.357632897794,4880.191275610898,-8.647574035425265e-05,-1.8666822458435206e-05,0.0054791181632039,-9.540466903601441e-06,-7.440860479679401e-05,-4.948850405028793e-06,-0.00536346435546875,-7.04733563585691e-05,-0.07770463264632355,-6.3788873543302316e-06,-2.515015444792823e-05,0.4131488800048828,0.406005859375,7.639011414539709e-07,74.01517926012366,-104.27888273727149,-4.297784546025696e-07,0.11703243208385716
46,221.8691133882494,-2899.8944954946637,-3466.306310254615,-4760.252283761278,3902.4010631849524,-7696.557476453483,-33952.61814488098,-8349.613120861351,-5779.457418650389,-4720.669991506496,0.02154397565293631,-0.00030171871185302734,-0.0007195472717285156,-7.804569254687976e-05,-0.00013236272521410797,8084.86650657385,818.7617101983633,79444.8534309864,4844.080362056768,-7.82527936173949e-05,-1.852918127376313e-05,-0.07028949173707932,-9.695096830242278e-06,-6.298757471867589e-05,-5.044191761172101e-06,-0.004058837890625,-5.596056846268738e-05,-0.002917499749763408,-3.6738828885773955e-06,-2.4920288957730463e-05,34.03815460205078,1.1689605712890625,1.9149851112842953e-05,100.15359104741799,7693.074673970696,-3.138625981335963e-07,0.11834135113514055
47,79.03101627070555,-889.5903681516647,-2986.1322517292574,-4882.255122773349,-7049.285461802501,-13986.710080489516,11449.67419661209,-21148.601770453155,-210.35728837177157,3562.1777819644194,0.021543430249167717,-0.0003006458282470703,-0.0004372596740722656,0.00015022966510969127,0.00020475964094401888,4399.2023972831685,177.3926678376738,-5795.85256691277,4849.5951076173005,0.0002120691689189158,3.745705170921099e-05,0.13789371028956676,-2.5766641646995936e-06,0.0001517617920665515,3.687046095990354e-06,-0.005001068115234375,0.0002429859204422513,0.0895144113576336,-8.852871999920353e-07,6.338190411803168e-05,-0.014391899108886719,1.022430419921875,5.0266720869274195e-05,-77.5103283915741,-3185.9197105746716,-1.9712991683462633e-07,0.12177726877357786
48,245.616387697881,1483.9030438289046,12805.485196330585,2334.7054274640977,9924.6094012463,-3140.7905768603086,-22114.379485938698,-7064.059850439429,-4752.267727799714,-4399.3318786825985,0.021542521724232433,-0.00035643577575683594,-0.0004343986511230469,5.746867175204784e-05,7.488309212533295e-05,5329.218036295033,-254.9900007720571,-14834.77448104322,4822.502651046367,6.419906238175344e-05,-6.425562230738535e-06,-0.01178580091493675,-1.038962661148446e-05,6.81276767888761e-05,-1.5804099291472085e-06,-0.005687713623046875,0.00013807161266399248,0.0532933462013645,1.6413010719418253e-06,8.42110582155442e-06,20.98643970489502,1.2078094482421875,3.5638617724487176e-05,-0.006620234613279763,480.66426702961326,-3.5785128638110564e-07,0.1217602638986075
49,357.2812272696938,4571.159727938473,-23663.144879247528,3506.9892524871975,513.2237336100079,31204.593131572008,28298.14373092912,38255.62481701374,5860.636211022735,9670.546544099925,0.02154282168892996,-0.0003567934036254883,-0.0003871917724609375,8.794494402053488e-05,9.788620825901262e-05,5295.32577330754,-453.75203280418646,-128740.82802327722,4801.803035021843,9.100960910402023e-05,2.038760275269169e-06,0.0320722198326866,-2.3246801310605747e-06,0.00010559192544512541,7.482662241820037e-06,-0.00591278076171875,0.00018064419979690882,-0.021943743231695123,1.1295545798262197e-05,1.1795337573339282e-05,18.229373931884766,1.273712158203125,0.0001090874844109635,-1.243311352444337,-993.6482963957824,9.184019792662923e-06,0.12343971658671826
