,43762 coal,43763 nuclear,43764 coal,43764 lignite,43764 nuclear,43765 coal,43766 coal,43767 nuclear,43768 lignite,43769 coal,43769 nuclear,43771 nuclear,43773 coal,43773 lignite,43774 nuclear
0,0.0,0.0,0.0,0.0,0.0,0.0,0.0,0.0,0.0,0.0,0.0,0.0,0.0,0.0,0.0
1,0.1601698158299401,0.10429687876079702,0.1606822405908129,0.15882303865420475,0.1083999522750813,0.16064718964288538,0.160353087788384,0.0998544543004563,0.18188743427417461,0.16260048248133438,3.8864203963689885e-07,0.10266743071617204,0.1607503937833146,0.15881230785161077,0.10490058304904255
2,0.13677692313076523,0.09546000418475713,0.13770607853969005,0.1354129468461737,0.09653710672587959,0.1372495465841489,0.13742483427905228,0.09255746788321768,0.17702153288040137,0.15397336913241555,1.6781045788400293e-07,0.09444208848884353,0.13688179689277327,0.13575136188369563,0.09289662407371267
3,0.12350744044836022,0.08952553078848019,0.12407421816465301,0.12190521467631234,0.08992106666222202,0.12301620555109015,0.12377538831937321,0.08603110925706191,0.17982118632053878,0.15297974562598834,9.360048527724262e-08,0.08850399173339316,0.12264806482702564,0.12172509243524474,0.08476266450795529
4,0.11414462831527983,0.08532865722217059,0.1134956397874876,0.1138270843001337,0.08610671183395681,0.11370029883988245,0.11462897627778787,0.08261949662850278,0.0010501519014123441,0.12507892409899565,5.8765303975001717e-08,0.08462031514733873,0.11418727029742706,0.11305841320323438,0.078722696314452
5,0.10436582455833163,0.08268890425604941,0.10446583462067484,0.10879193997428231,0.08217037661538261,0.1045211627534732,0.10451881532293816,0.0845296908452118,0.0001045457501598474,1.4518441530674592e-06,4.0643005027531476e-08,0.08222579956362315,0.1056865879908076,0.1083887856612548,0.07367327029401685
6,0.10375562320041107,0.07884264834857174,0.10396778134262719,0.10718674261099044,0.07805018259010214,0.10397363601477277,0.1038342923710492,0.10005330756734766,4.227432277912074e-05,4.698690453409846e-07,4.414475706072863e-08,0.08001689456113394,0.10511540635170306,0.10772369437317363,0.06774635993118068
7,0.10902511864521586,0.07326755208727193,0.10928688015527545,0.10741489612513495,0.07532960655341676,0.10917575995066671,0.10917143125171726,0.07766221326325556,2.6490992783204274e-05,2.390839282392313e-07,2.7270088040332275e-08,0.07258721979596339,0.10998034031430987,0.10828365515243572,0.06564107607648163
8,0.11080472562354853,0.061416879595321605,0.11103708103270539,0.10907243532461242,0.06534391394778231,0.11093622873015109,0.11102973243525756,0.059296104728503406,1.8666397893370542e-05,1.4427781721041785e-07,1.8933906207559474e-08,0.05997593688743718,0.11146751783293747,0.10952279960827449,0.06445968751820948
9,0.11111895750598937,0.04117447729044083,0.11129312817432081,0.10978816035280457,0.04305287839063001,0.11118816222359165,0.11134409785460533,0.03792355602970369,1.4278934629877369e-05,1.047884955319084e-07,1.630308593515796e-08,0.04136453373305176,0.11161400293802726,0.10990751160840014,0.06388237141107264
10,0.11076225083152276,0.033271677435470305,0.11089513675364748,0.10990031579255909,0.035434930662235686,0.11081056172070769,0.11094332048941703,0.03418681489915779,1.1851086544051768e-05,8.175286545443296e-08,1.4590027988101426e-08,0.03346726595433136,0.11125468423530012,0.1098485925782815,0.06378555323083411
11,0.11041089750060991,0.028742694695737345,0.11052560754147778,0.1097635582243922,0.031129217334630862,0.11043592444306932,0.11058366279261896,0.034527095742868344,1.1130558170927024e-05,7.310700115646562e-08,1.3476495041358468e-08,0.0286858348780784,0.11083723483681363,0.1096895791574169,0.06450801485020746
12,0.11016379171012002,0.025299846095960695,0.11031069697028735,0.109699964094857,0.02803635421060244,0.1102139329106361,0.11034350405308468,0.034946433656050976,1.1520801866462475e-05,7.52294306458705e-08,1.3028273347578824e-08,0.025021823228012812,0.11059021516882726,0.10965966632048005,0.06446679339141928
13,0.11016717382999203,0.023527352172874307,0.11034516088271668,0.10980957018124915,0.026631461913218833,0.11025083045444066,0.11035992170175789,0.034277926953752855,1.205513619956382e-05,8.453643866031077e-08,6.848431357207258e-09,0.023079483055334537,0.11056679339091137,0.10978278008443723,0.06515286720900161
14,0.11021027019308104,0.022722839635208797,0.11041098897822262,0.10984278664262803,0.026229295901590458,0.11032114035501808,0.11041695841234049,0.031102989267705012,1.243817183167395e-05,8.93539813615106e-08,2.538523662355581e-09,0.022030865432571278,0.11067942007382445,0.10984268730672896,0.06634536883491905
15,0.11027089755497342,0.02249426499731668,0.1104516557736255,0.10994309073525735,0.026925677180189282,0.11036914010588351,0.1104482372425953,0.013543297609931159,1.2434985545906086e-05,8.885190736107456e-08,6.382529357318693e-10,0.022026583171607855,0.11100763088325283,0.1100956735610222,0.06777197871415114
16,0.11037241718101602,0.010907755889305768,0.11048090642893814,0.1100405696208771,0.013869354595736452,0.11038229161944807,0.11047004863107573,0.010608379448441582,1.1427076609207568e-05,8.026550249844677e-08,-3.4924656696396755e-10,0.009540064289145094,0.11132917393652818,0.11022748407916025,0.06957952659137531
17,0.11038870927246125,0.010852118606682582,0.1104828076579514,0.11003159130134857,0.013359630141875379,0.11038875416970184,0.11048945519209355,0.009615050811155901,2.16922207741912e-06,1.5467116888779915e-08,-8.662001314122058e-10,0.009831355375010498,0.11142463687380354,0.11009685636627162,0.07311293499026121
18,0.11037923878090684,0.011284637433168605,0.11048423298887285,0.10999588805561238,0.014026815406247782,0.1103872040696851,0.1104919964335647,0.011390578000498142,1.0349532258073877e-06,4.730461646894449e-09,-1.2281304481706666e-09,0.01037470596918171,0.11128056407134328,0.1099635497299017,0.07936893806654623
19,0.11032319416267376,0.023404667218188173,0.11048215446018857,0.10991439237191868,0.0272388116677268,0.1103686245884757,0.11047778867691796,0.025097740600754807,7.638597866369188e-07,1.1693272560875436e-09,-1.526981053376569e-09,0.0206796600854776,0.11076604881489895,0.10984215340674179,0.09004799073439418
20,0.11024769898879265,0.026730512688939757,0.11045393961407414,0.1098360701135086,0.030426344121674838,0.11032820712688197,0.11043900492278473,0.03656420676862982,6.381488699211536e-07,-3.847622463552742e-10,-1.8052651788119732e-09,0.026210069233267096,0.11037696176397532,0.10974087715800182,0.0923132624230753
21,0.11016574842827627,0.027237888465751595,0.11039898959559634,0.1097688244185614,0.02536555080739854,0.1102677360427678,0.11037831035784541,0.09849288653991776,5.589108983504118e-07,-1.345903599653637e-09,-2.1694866032792706e-09,0.026604686059883767,0.11028126603630288,0.10968015035864769,0.05080557971494433
22,0.11014670407611465,0.06656037039873708,0.11036155492229244,0.10974190224457352,0.10641963301215443,0.11023581918510596,0.11034353780664256,0.17279266288763104,4.980051477978252e-07,-1.9401503763990216e-09,-2.459406618061406e-09,0.061289240347665766,0.11030277951334262,0.1096682551345559,0.0005968197050722362
23,0.11033330239291028,0.0028019392061955323,0.11049900179947586,0.10991022677927342,0.0005641486608144421,0.11039727131941278,0.11049681576422643,7.784870788680664e-05,5.075061304591412e-07,-1.3296058969719282e-09,-1.9619406014771607e-09,0.005788391164076572,0.11049648020588351,0.10982042441058709,0.00037267254235816424
24,0.11065650642566732,0.0017861187282153979,0.110786109733929,0.11023808273226443,0.0003899737396869668,0.11070226853995771,0.11079370880382217,5.332041439494878e-05,8.109152767505433e-07,2.3812545998467855e-09,2.1534486837759225e-10,0.003921120061457247,0.11081754210684361,0.11013398555887086,0.000330474919267127
25,0.110929109343628,0.001392386283468093,0.11105264073197935,0.11057179983319675,0.0003365506641488075,0.11096701180386584,0.11106253283944822,4.535002837247753e-05,2.949957413408924e-06,2.1458349796293842e-08,1.1269690611913194e-08,0.003114257588535164,0.11107526916522217,0.11040795047304561,0.00029934060123057346
26,0.11080593443019697,0.000750052306545883,0.11096986306810692,0.1105545861420006,0.00019771304515848448,0.11084683619097564,0.11095773209181486,2.508804961571059e-05,3.553785538691294e-05,2.563268173818297e-07,7.259297806452708e-08,0.0017068462964607766,0.11099714619202489,0.11043047149118186,0.0002806269324735854
27,0.10963869490610975,0.0005234087998561381,0.10995225282830016,0.10940934997732843,0.00014764799556198576,0.10970838546102528,0.10985647206181523,1.7540769681428958e-05,2.1474383939019667e-05,1.7390841665868548e-07,4.136158046492846e-08,0.001166984397949575,0.10996282444419098,0.10946817246643221,0.0002658583626188962
28,0.10607833265832112,0.0004091464045289162,0.10679789792646291,0.10556957344308436,0.00012038895967154519,0.10623709680874487,0.10648008666279767,1.3668951042976463e-05,1.854460896702781e-05,1.537569886193422e-07,3.1990345909442366e-08,0.0008850268442224137,0.1062565265024589,0.10589364197518301,0.00023744086014879827
29,0.10733383449288379,0.00033706392392149684,0.10737053224074733,0.1068673252875187,9.626634078668429e-05,0.10734776723508754,0.10742099503081773,1.0418076527769818e-05,1.7182183672256795e-05,1.472274879406462e-07,2.7784642236554672e-08,0.0007107691520644325,0.10784559902180446,0.10727782041140659,0.0001791757104099335
30,0.11188484412777018,7.016805989836096e-06,0.11155501725734211,0.11147572077507116,1.7391723578597065e-06,0.11178556444722866,0.11176594535069248,1.5758907055732257e-07,1.627305340380045e-05,1.483425707978008e-07,1.4230208039852426e-08,1.4081031256372351e-05,0.112542058143337,0.11157172290197732,2.2366741392365043e-06
31,0.11939479222585117,2.533160482685083e-06,0.11856266067055152,0.11953747963200603,6.588350729667974e-07,0.11921415611649365,0.1190714308390103,5.900564516058705e-08,1.2879672662028046e-05,9.229026286348729e-08,2.6316929732128285e-09,4.78117501141917e-06,0.12070352669074723,0.11921242589863684,8.454059018927393e-07
32,0.13068829213385288,1.622599345884576e-06,0.12892552371964305,0.13196567389982353,4.347813379470714e-07,0.13035132145658196,0.12998618806478493,3.697283438486872e-08,1.2237560897899742e-05,8.011636338818265e-08,6.925815246221527e-10,2.971765404841005e-06,0.13334320502036964,0.13153019068623512,5.545910120430072e-07
33,0.14822267327092276,1.2225745800925287e-06,0.1448904413130553,0.1505250234106055,3.266086285638731e-07,0.14756504938487436,0.14680282431320152,2.6882848637804984e-08,1.1351089189686471e-05,7.466277110413263e-08,-4.2892809832585634e-10,2.19234402026663e-06,0.15317236773382348,0.14944213467117648,4.2405847344334437e-07
34,0.011857498392877806,9.947194610108335e-07,0.03570546759895254,1.2060360843016195e-05,2.609201709282141e-07,0.016031961786069557,0.02197829496586274,2.1024428761252926e-08,2.012256793999918e-06,1.4260108959464813e-08,-1.1135693888588627e-09,1.7517797556173102e-06,0.0008090621867386751,1.1312313542907759e-05,3.4239607835565697e-07
35,1.3514625579321795e-05,8.472598376456473e-07,3.754491604637338e-05,2.0414937428171067e-06,2.1836194544960595e-07,1.7647200351973594e-05,2.34509423923648e-05,1.7013451430398686e-08,8.560344566117552e-07,4.775855770925144e-09,-1.6113372112120873e-09,1.4675475930144424e-06,1.680728413277255e-06,1.7939545907033405e-06,2.8660073908873196e-07
36,5.83935039843056e-06,7.431575683885819e-07,1.6204807157363695e-05,1.1626928013246126e-06,1.8770650504120302e-07,7.588764263404235e-06,1.0027971453184155e-05,1.4134372190751069e-08,5.641233202248325e-07,1.2608670080514546e-09,-2.0483495953319937e-09,1.2671887629117558e-06,8.719176721549914e-07,1.0238584622102674e-06,2.47220347222807e-07
37,3.630883013955295e-06,6.645996772472565e-07,9.635757553861828e-06,8.600847752466094e-07,1.6276931871280473e-07,4.628648782172885e-06,6.002440808805957e-06,1.1894200205436173e-08,4.145328027611852e-07,-7.292691735556643e-10,-2.4355269618028574e-09,1.1168406497994996e-06,6.180472736121293e-07,7.584246211619654e-07,2.1692343770908562e-07
38,2.645550254747574e-06,6.024904655819588e-07,6.696976777932838e-06,6.986102510599159e-07,1.4283280975019722e-07,3.3150459876781605e-06,4.2255569160007435e-06,1.0135425459037241e-08,3.129680488492269e-07,-1.954507882278928e-09,-2.8091003334859188e-09,9.987740039001151e-07,4.6303174005277407e-07,6.100767027542371e-07,1.9186528335423063e-07
39,2.043110631142425e-06,5.507365268180282e-07,4.958738887313102e-06,5.665144774758937e-07,1.2533268192000757e-07,2.529110312368971e-06,3.1757899111817988e-06,8.70820186866366e-09,2.405810746169923e-07,-2.6129564093147946e-09,-3.1353502534934914e-09,9.021452180941476e-07,3.501421778179799e-07,4.91313352037518e-07,1.7054480842932547e-07
40,1.7741994624308264e-06,5.216427387491485e-07,4.168925928043885e-06,4.992300738948669e-07,1.1472274254856072e-07,2.172200509908006e-06,2.696512707392253e-06,7.845881096815105e-09,2.0142875398675696e-07,-2.422121065621568e-09,-2.8051819197676755e-09,8.476919733647895e-07,2.936084884593914e-07,4.317662700269997e-07,1.5748506352106786e-07
41,1.7663689181765584e-06,5.312547767752067e-07,4.091269795837402e-06,4.913274412189349e-07,1.1572042338242313e-07,2.1495432723582917e-06,2.657003876795231e-06,7.92857984605759e-09,2.0986004587596786e-07,-1.6825944593435208e-09,-1.9770251211264268e-09,8.612007063605796e-07,2.8334421035314357e-07,4.2339532543893234e-07,1.5902228652529443e-07
42,1.800083298557002e-06,5.389357623882646e-07,4.162112001328497e-06,5.034141651655066e-07,1.1702311967817519e-07,2.1883065636628533e-06,2.7071618166704796e-06,8.026290837591994e-09,2.210569094666753e-07,-1.3841775828104887e-09,-1.8008452935086573e-09,8.737406035086134e-07,2.900531010004989e-07,4.338988500155489e-07,1.6100547117763254e-07
43,1.8491555362449355e-06,5.379927585604846e-07,4.29239215730051e-06,5.164178308060117e-07,1.1620721824072875e-07,2.2496830651881977e-06,2.7913908249898442e-06,7.969288781093374e-09,2.2885090360707898e-07,-1.3752777050192225e-09,-1.7842329768509528e-09,8.725485672620701e-07,3.03561420712239e-07,4.4586238760572816e-07,1.6019886030902905e-07
44,1.8855376485041275e-06,5.247611708479142e-07,4.400802006304203e-06,5.247492048948727e-07,1.1161043842171513e-07,2.296848708448928e-06,2.8595212661771876e-06,7.612880829659094e-09,2.332018475193967e-07,-1.4521485114077878e-09,-1.8177096978203888e-09,8.497486980610591e-07,3.140334159727841e-07,4.5392807650090257e-07,1.5441718333186852e-07
45,1.8812126901694766e-06,4.950983233247576e-07,4.400232779949176e-06,5.269868882056582e-07,1.022270396277886e-07,2.291992066279741e-06,2.8586495716220762e-06,6.853019277260773e-09,2.3528467515176143e-07,-1.520576766434601e-09,-1.8675763462637277e-09,7.977931357024338e-07,3.1333357135653575e-07,4.565927142684699e-07,1.4209930529060798e-07
46,1.8510723403248591e-06,4.6287888952882905e-07,4.312136500886319e-06,5.204553988563402e-07,9.165104361739541e-08,2.2514848796592833e-06,2.808095415932549e-06,5.986172771815477e-09,2.362424108017698e-07,-1.550927442348138e-09,-1.919040017779696e-09,7.3990798177744e-07,3.0354713675444317e-07,4.5106605612344813e-07,1.2777636821336742e-07
47,1.7634138677262108e-06,4.3211792156275107e-07,4.061913797357289e-06,4.953768381312406e-07,8.156520610851265e-08,2.13723364642708e-06,2.6592551836360623e-06,5.1677856965735895e-09,2.3684161465584496e-07,-1.5470447200865988e-09,-1.964856340014342e-09,6.849388253283325e-07,2.7924889089275315e-07,4.288369670733215e-07,1.1404056925199453e-07
48,1.516472485953072e-06,4.0233238946865906e-07,3.395577941726941e-06,4.333359236475658e-07,7.259447503259745e-08,1.8225010031330738e-06,2.2466738456312173e-06,4.453006484867653e-09,2.3748598342986835e-07,-1.5369484126599787e-09,-2.00385125689022e-09,6.358543981777821e-07,2.2295423952767322e-07,3.723312857230615e-07,1.0174556741232561e-07
49,1.1373651609710887e-06,3.724321826893263e-07,2.4357733585369653e-06,3.294936053763819e-07,6.478684322262905e-08,1.3524017288072642e-06,1.6363846356711702e-06,3.837244673210628e-09,2.385486256818967e-07,-1.5285504676234473e-09,-2.0273056352301727e-09,5.923482634707374e-07,1.4940600844995649e-07,2.80712044172619e-07,9.099705940344885e-08
50,9.188571993135252e-07,3.4485337375553134e-07,1.8846778852003115e-06,2.5081149022638423e-07,5.7997917539294116e-08,1.080734158146286e-06,1.2870160389438586e-06,3.290397022779624e-09,2.3972099648171594e-07,-1.526025899074207e-09,-2.0311024188378387e-09,5.538401001608832e-07,1.0514705669343321e-07,2.12772200830069e-07,8.166111690638423e-08
51,7.810983921589582e-07,3.2020197280138123e-07,1.5501224299831784e-06,1.9658321013992217e-07,5.202136041449029e-08,9.127383457316214e-07,1.0729430780215952e-06,2.8056554285919485e-09,2.406165736468068e-07,-1.530013355409759e-09,-2.0242498568598778e-09,5.193601734717357e-07,7.882773898139942e-08,1.6643475610974679e-07,7.351226223250705e-08
52,6.657740330458361e-07,2.9776426785317373e-07,1.322495328768846e-06,1.584127131871696e-07,4.676902754930095e-08,7.952959144237083e-07,9.246550599100749e-07,2.3809354453889864e-09,2.411650244963073e-07,-1.538680313338184e-09,-2.0179480536269225e-09,4.879761353219838e-07,6.172194577134024e-08,1.3378177530697922e-07,6.62963771164766e-08
53,5.717719799601985e-07,2.7641053679477515e-07,1.1515601390794064e-06,1.30068948994941e-07,4.2146800501660923e-08,6.989009865064801e-07,8.10762956515183e-07,2.009677993657945e-09,2.4189132293003406e-07,-1.542098032264442e-09,-2.0109726085111717e-09,4.5862810934242783e-07,4.9703117955732585e-08,1.0962203885472234e-07,5.992959867451328e-08
54,5.203931198491171e-07,2.601923991539643e-07,1.0650301641085351e-06,1.1412460315306223e-07,3.881867218832583e-08,6.38300673497466e-07,7.521981831397936e-07,1.741692125786745e-09,2.426539866440569e-07,-1.5238847586124385e-09,-1.9919293580658977e-09,4.366466619884805e-07,4.369584040251797e-08,9.610562590764202e-08,5.528008292460135e-08
55,5.410920220124311e-07,2.6842407925029786e-07,1.1103407377680582e-06,1.1827650883816436e-07,4.002839849907606e-08,6.638731845005132e-07,7.84596916229333e-07,1.8316246841015963e-09,2.402143946614306e-07,-1.5325136129620617e-09,-1.9865407180036153e-09,4.520366818773894e-07,4.518102430012535e-08,9.964912803942501e-08,5.693751623838208e-08
56,5.560035600543533e-07,2.754597005860112e-07,1.137000697139496e-06,1.2324017981475781e-07,4.163037070525327e-08,6.825402152009163e-07,8.01231328837042e-07,1.948589822845552e-09,2.3714196518894854e-07,-1.5413587018842572e-09,-1.9774398904028406e-09,4.6245631363201897e-07,4.7010906702017995e-08,1.0380504490925974e-07,5.914294323393354e-08
57,5.65346823376852e-07,2.81309872594269e-07,1.1524182656469712e-06,1.2712306202306156e-07,4.3232543346527926e-08,6.94044094666239e-07,8.10303059426307e-07,2.0667453843223676e-09,2.345554778934826e-07,-1.5524441914109748e-09,-1.973159144439412e-09,4.7044022990148235e-07,4.8588741441238943e-08,1.0711621688263404e-07,6.134113356671122e-08
58,5.720828490545925e-07,2.872006240128253e-07,1.1644940091218584e-06,1.2978606787139346e-07,4.479093858678953e-08,7.019854897130289e-07,8.187827214989378e-07,2.178119757187068e-09,2.350204275429973e-07,-1.5394874486411143e-09,-1.957367982600195e-09,4.789414754967436e-07,4.9720740085742586e-08,1.0939652336954555e-07,6.350619108870999e-08
59,5.766446991636593e-07,2.934097550179414e-07,1.17417224649233e-06,1.3160284075555404e-07,4.6412752530039364e-08,7.075602941126243e-07,8.254929673029792e-07,2.2897024050254303e-09,2.3577904928493453e-07,-1.5349791905494906e-09,-1.9519470479025338e-09,4.882038478666079e-07,5.047350696543283e-08,1.1093555074838507e-07,6.574458660842725e-08
60,5.80779553487933e-07,3.0071227247440423e-07,1.1838389564811057e-06,1.329861367180303e-07,4.823452576211121e-08,7.128866306541094e-07,8.325626767815097e-07,2.4161723452813596e-09,2.3633276125162046e-07,-1.5377682154464242e-09,-1.9616245675114544e-09,4.99202218022667e-07,5.104439914441884e-08,1.1209193019572432e-07,6.825268346054456e-08
61,5.847391962584746e-07,3.0960184089852744e-07,1.1932709441249222e-06,1.3445407744971474e-07,5.046138807624905e-08,7.181615163995807e-07,8.393308843069885e-07,2.576585391094213e-09,2.3689903326842638e-07,-1.533358978292776e-09,-1.9930121618849747e-09,5.123501576785371e-07,5.165418691361111e-08,1.1331307378870962e-07,7.129922022330254e-08
62,5.905775711758926e-07,3.214915860558669e-07,1.2069166867188356e-06,1.3640983645676527e-07,5.3304631761608614e-08,7.264746361013749e-07,8.497707356703949e-07,2.7863118566844857e-09,2.3765095113772377e-07,-1.52019801841006e-09,-2.061948630150533e-09,5.297248649005347e-07,5.2478973516512166e-08,1.1494843962722747e-07,7.521174522675676e-08
63,5.997248315667337e-07,3.368407916484653e-07,1.227150268517506e-06,1.395305915257867e-07,5.694059959535059e-08,7.389197292641679e-07,8.645518279265336e-07,3.0590421635657654e-09,2.3902928628358144e-07,-1.5105680645649657e-09,-2.1718237537963173e-09,5.517760288672205e-07,5.3803577098245946e-08,1.1757828936572644e-07,8.020810498811522e-08
64,6.144775605458944e-07,3.560384078001014e-07,1.2569514476391983e-06,1.4486558691857915e-07,6.162377586074236e-08,7.563502774115182e-07,8.840588252152436e-07,3.414561162461446e-09,2.417225870964685e-07,-1.5006501818421364e-09,-2.1511588035683313e-09,5.782454715687204e-07,5.6060124038496165e-08,1.2209331604395652e-07,8.656037934386029e-08
65,6.404238978862748e-07,3.806708157094793e-07,1.3062866701970762e-06,1.5389069315305987e-07,6.769716023732307e-08,7.842288685859846e-07,9.152561881446267e-07,3.87729238034975e-09,2.4691001545978016e-07,-1.5283135869850008e-09,-2.1079981567638947e-09,6.112468590007475e-07,5.992417480886498e-08,1.2977969861197268e-07,9.484168068691352e-08
66,6.869370418042613e-07,4.115968588146667e-07,1.3898977200426661e-06,1.6908711483568784e-07,7.5737227696901e-08,8.299866727000414e-07,9.691070792582346e-07,4.473899348714887e-09,2.575039875348902e-07,-1.6169966166229073e-09,-2.0368490494989773e-09,6.542380059085255e-07,6.647094745762025e-08,1.427475540634653e-07,1.0583028290479756e-07
67,7.618698189922188e-07,4.4792093299069735e-07,1.5253397026291378e-06,1.9345137754989762e-07,8.676611997962337e-08,9.006840220473944e-07,1.0563686697818497e-06,5.299397719670351e-09,2.776299104002227e-07,-1.6993536233066379e-09,-1.9286269544453113e-09,7.126147715636142e-07,7.711535024155823e-08,1.6357803562702424e-07,1.2088768108735273e-07
68,8.638475349317022e-07,4.95297626699043e-07,1.750723753342866e-06,2.3349626655765754e-07,1.028271087117901e-07,1.0164185982558919e-06,1.2009731584122146e-06,6.507727535878362e-09,3.141253797916141e-07,-1.5081308777392993e-09,-1.718630570007289e-09,7.973710598471458e-07,9.495501041286684e-08,1.977477377998226e-07,1.4261992741690841e-07
69,1.0363279796392275e-06,5.682605052075433e-07,2.169501906534976e-06,3.0736352147322554e-07,1.2822339736262736e-07,1.2290283109203993e-06,1.4693056808780872e-06,8.44538652160077e-09,3.7374064514936396e-07,-1.3887067042644892e-09,-1.3238509523886958e-09,9.308167015927339e-07,1.289902659511445e-07,2.610870917403296e-07,1.7597357106211858e-07
70,1.4403219681961439e-06,7.014922904638709e-07,3.1673502888630377e-06,4.588861899519739e-07,1.7134781227898876e-07,1.7348878080097486e-06,2.1115992519313743e-06,1.1968094991052982e-08,4.720157718322198e-07,-8.401591990059726e-10,-7.951719056077818e-10,1.177060877660635e-06,2.1200238797208584e-07,3.9635804905589597e-07,2.289709314757924e-07
71,3.4268993382909343e-06,1.0055311142084116e-06,7.961530568871168e-06,9.39565484328863e-07,2.550321570796686e-07,4.21240358936056e-06,5.277305448455162e-06,1.924346491889945e-08,6.400691679517208e-07,3.6623634843867834e-10,-8.09797312698231e-11,1.744102487761268e-06,5.627727848992988e-07,8.200830690680965e-07,3.3510583808979717e-07
72,6.414830506987947e-06,9.86492871058391e-07,1.6373234180339478e-05,1.227497557012056e-06,2.544654815329129e-07,8.037028655844241e-06,1.0318196393310646e-05,1.9647356657327552e-08,1.0242361703376352e-06,3.5481456560326326e-09,1.3011633149824134e-09,1.7255452177235818e-06,1.1849644841975611e-06,1.0766286569040636e-06,3.3343991834847605e-07
73,8.067270900220837e-06,9.525526635615556e-07,2.123132077874348e-05,1.2281346606737464e-06,2.459337463616705e-07,1.0300055404292133e-05,1.334778255863822e-05,1.9142325792060507e-08,3.2917419747783083e-06,3.001560478666926e-08,1.9523271446774383e-08,1.6692963858583016e-06,1.4122982550270578e-06,1.0798155462036164e-06,3.217463673665852e-07
74,2.3148367474955355e-05,9.593370799703912e-07,6.222250635737738e-05,1.522698809996021e-06,2.477410075820352e-07,2.9752803668188018e-05,3.910434404841307e-05,1.9331593243889654e-08,0.00015650985110704803,6.935616623829951e-06,5.059277798196051e-07,1.682843362688625e-06,4.0320331788455155e-06,1.3347368918557936e-06,3.233659423801293e-07
75,0.00011003497057694712,9.060944253826289e-07,0.0003205375223676502,1.3917009814365837e-06,2.3276987801735985e-07,0.00014298446442214996,0.00019170346888295345,1.812964335558492e-08,8.607821245279448e-05,3.25155038922417e-05,2.993582355464613e-07,1.5844003676397417e-06,1.8272960901057373e-05,1.2189155135353946e-06,3.0316021320333667e-07
76,3.91960428067431e-05,8.673105952944324e-07,0.0001115923753058915,1.2544950590867273e-06,2.2154488091702614e-07,5.1039742399127935e-05,6.74347339853285e-05,1.720980274499639e-08,6.665425752262745e-05,1.238068507788632e-05,2.3731130391704436e-07,1.5127838760148317e-06,6.3532270520663065e-06,1.0986885145060406e-06,2.8800225089461083e-07
77,2.7125400882088998e-05,8.43112612539996e-07,7.56590035174769e-05,1.191613628676814e-06,2.1444917238500425e-07,3.5150195394358775e-05,4.604081305982756e-05,1.6610836664377366e-08,5.995866788260123e-05,8.074531856896992e-06,2.0313862981230447e-07,1.4688672757736647e-06,4.2201238027442135e-06,1.0441608378660453e-06,2.7823606070467644e-07
78,2.1653159807068367e-05,8.279727298515002e-07,5.954632202632223e-05,1.160550642386866e-06,2.0999186233604282e-07,2.7939828920281856e-05,3.638528673425418e-05,1.6240290873865626e-08,5.720907965410372e-05,6.0520253970602625e-06,1.8288325857601898e-07,1.442060564100717e-06,3.2500406125725953e-06,1.0171426518949536e-06,2.7213115056013884e-07
79,1.9769560798528038e-05,8.191759074180706e-07,5.414798999724191e-05,1.1469992502079767e-06,2.0744517832734478e-07,2.549770168484177e-05,3.313383937469022e-05,1.606496115613053e-08,5.6411083185075425e-05,5.251966736090155e-06,1.6918822725296493e-07,1.4272046833079734e-06,2.8960629174359384e-06,1.005144054108949e-06,2.687899661682026e-07
80,2.982686415527854e-05,8.201252325265985e-07,8.386235585046306e-05,1.1742389777713266e-06,2.0786987644026353e-07,3.8782165306771346e-05,5.085645488396901e-05,1.6175454826569852e-08,5.929023163327486e-05,7.668794054547643e-06,1.6229867785049282e-07,1.431946368926725e-06,4.283104454911665e-06,1.0286321310859946e-06,2.693097880187285e-07
81,7.39633875272074e-05,8.255730704933626e-07,0.00022057120825752003,1.2049931030408795e-06,2.0987673128164078e-07,9.761721144833707e-05,0.00013084067794709713,1.6446614564726896e-08,6.284840848276876e-05,1.862063400123085e-05,1.5920845783166927e-07,1.4459147979147774e-06,1.0367423050334152e-05,1.054829500873329e-06,2.716906224382859e-07
82,0.12330076158856702,8.37231700373663e-07,0.12498767810343778,1.2400233114885116e-06,2.1334829946129482e-07,0.12347780634342219,0.12490485080041942,1.6855966683602547e-08,6.661854929891921e-05,0.004709128886142221,1.5976748627697484e-07,1.4718841035969474e-06,0.10938438258191253,1.084437046324827e-06,2.767352855493002e-07
83,0.003863414462728073,8.521475747438462e-07,0.013738244272498973,1.2458023364460935e-06,2.1747464475912815e-07,0.005406451457620155,0.007702929076340733,1.7340440275620587e-08,6.848263742032255e-05,0.0006808134173318468,1.6319072801240304e-07,1.5036699599869267e-06,0.0005815187156904604,1.088499609450466e-06,2.828002507226595e-07
84,0.3109504997575244,8.681071800716611e-07,0.2923677230645981,1.20277304828096e-06,2.2175884670565038e-07,0.30407917661094214,0.2975082047950042,1.7848916000871805e-08,6.655276793142001e-05,0.003940995942085477,1.681975149154052e-07,1.5358230063861507e-06,0.3372738977534586,1.0505669242119294e-06,2.8950866889793173e-07
85,9.048074885000036e-05,8.93475213420015e-07,0.00026690961913622603,1.1750546388690717e-06,2.2875371465630845e-07,0.00011904927457691634,0.00015755271615819117,1.8594599865224273e-08,6.501333426626106e-05,1.6625756270126517e-05,1.7475216320727845e-07,1.585088458992755e-06,8.0062990134985e-06,1.0264940796594796e-06,2.9957893826289044e-07
86,4.861729854713188e-05,9.312387198371367e-07,0.00013696150272615645,1.1684285945942648e-06,2.3949319519083036e-07,6.397832653426198e-05,8.417608000903987e-05,1.9638402723328258e-08,6.463217737810714e-05,9.66840632554895e-06,1.8356363914013263e-07,1.657754166230124e-06,5.844497531672616e-06,1.020610952902168e-06,3.14516901046544e-07
87,3.4053310357917494e-05,9.82672510245963e-07,9.488591956352173e-05,1.1761412300728113e-06,2.5431184076151725e-07,4.4745509989048414e-05,5.8820686332597915e-05,2.107213524362883e-08,6.557023704995055e-05,7.283402355298338e-06,1.9469038484859998e-07,1.757467198807528e-06,4.847444305003756e-06,1.0273444501309828e-06,3.3475892550431254e-07
88,3.0383821683232018e-05,1.0513335653871386e-06,8.452803194146464e-05,1.2045211350422466e-06,2.7456589939678036e-07,3.9954086529396614e-05,5.2552766948482744e-05,2.2949798822559663e-08,6.877727437800278e-05,7.13936572662465e-06,2.0892612751796069e-07,1.8920711848680332e-06,5.951711804376813e-06,1.0511160819349124e-06,3.6010384377642425e-07
89,0.0024258210330036787,1.1563889969646263e-06,0.008322016477157954,1.3480819454206862e-06,3.054888487489358e-07,0.0033817397991681647,0.0047803496531916715,2.5801289079564362e-08,8.092801047671958e-05,0.00029755060135516233,2.2969833201969376e-07,2.098372236500946e-06,0.00023063787083845588,1.1743130696541144e-06,3.9607044735675287e-07
90,0.051955027796024116,1.3082883637724403e-06,0.05027693949649759,1.6240367142223913e-06,3.4720376653379237e-07,0.05104241977803538,0.050445383911139105,2.988487507076859e-08,0.0001052715928899432,0.0007379471109917772,2.5703139050606267e-07,2.398767015484025e-06,0.05613297914599142,1.4131722369257633e-06,4.4532303279148506e-07
91,0.045060913764380844,1.5427254938793817e-06,0.04381415056557912,2.134393881158857e-06,4.0547907998192543e-07,0.04450216928584561,0.044053840957815664,3.613348596788995e-08,0.0001549165808281988,0.0006829804594916202,3.012933511077493e-07,2.8648637621955896e-06,0.05032357068245124,1.852303179751125e-06,5.191236257351023e-07
92,0.04140845626737404,1.9519979456238497e-06,0.03818761488700556,3.252511453415372e-06,5.030462852655717e-07,0.040326226254625355,0.039198469583564516,4.696910301581841e-08,0.00026985218482441175,0.0006213042699410209,3.875104678951971e-07,3.6824011789715056e-06,0.041876492227199066,2.8126064059580974e-06,6.456555676415821e-07
93,0.7019341600337807,2.827898277510025e-06,0.7087008798702517,7.827609624420196e-06,7.088932996518148e-07,0.7066383645807812,0.7103281895368786,6.71732024139079e-08,0.0006558684369632464,0.9954795263106442,5.630266699074682e-07,5.435106757907956e-06,0.680493828780318,6.895387874944364e-06,9.125095501346692e-07
94,0.03454980357670242,4.675872131596963e-06,0.03369890971725557,2.566466317354702e-05,1.1376333819535272e-06,0.03385225253075635,0.03337197697263657,1.0699919165623047e-07,0.0024238105354537952,0.0005253733034061031,9.143497736806582e-07,9.165650113825447e-06,0.03383888694445184,1.9456432163657983e-05,1.466920107774205e-06
95,0.037927587623148476,1.9614155194420455e-05,0.03708737766971123,0.9999289034740133,4.775491579327806e-06,0.037318423888536754,0.036899311894747384,4.6625272180967573e-07,0.9939481004836195,0.0005700623547657617,3.82689456856954e-06,3.9663610889272425e-05,0.0479442702526125,0.9999399720070143,6.075397979730295e-06
96,0.04457268199267657,0.11608046441079013,0.0440804727325575,8.172938489012942e-06,0.11902099301961298,0.04397994540203563,0.04364873591055759,0.10908378781508526,0.000716026746815996,0.000663611201397742,0.003707586444317206,0.11366670249566459,0.05574804353923203,7.506869987229366e-06,0.10569851936082954
97,0.053062650295709626,0.059884445443768246,0.0527615702198015,4.335458555631129e-06,0.0750282239264253,0.05251121124306958,0.05218927785850365,0.18308994163995015,0.00037951523218725236,0.000847371810506694,0.28385972690771694,0.05803785678563623,0.060295514027723596,3.5980541656993574e-06,0.057351273628789445
98,0.06834303079134275,0.004459384375683178,0.06816403133880475,4.047132770190203e-06,0.0009024213442897918,0.06767421684610486,0.06749612075411668,0.0001456427453016858,0.00037173394164802265,0.0012682360038446974,0.22641611544516232,0.008937722817728503,0.07085879890182631,3.2985981327951154e-06,0.0011930675320223853
99,0.13346531710086856,0.0007599980950921468,0.13436118326513782,6.056147271160319e-06,0.0001384974808031325,0.13384355945027052,0.1343933018086769,2.232074459648532e-05,0.0006058509894531106,0.1513226954070213,0.00015990407436014255,0.001795795878047646,0.13009329245146503,5.0737423549886276e-06,0.00018399137924818529
100,0.12226349044355775,0.0004084758907922824,0.12264153573576517,1.0141716262877246e-05,7.727728520804674e-05,0.12242221486769357,0.12269499834957731,1.09064586689685e-05,0.0020468997619950886,0.13083822306815301,8.028580891003713e-05,0.0009860050849497398,0.11786226654580197,8.156298837396956e-06,0.00010140985561094565
101,0.11502130881200731,0.0002794082520567101,0.11522180439153862,0.14983226568671926,5.4603598763599024e-05,0.11511373466600555,0.11527034214232647,6.840754483570773e-06,0.1542779247081155,0.11859379636190415,5.453658823324825e-05,0.0006746318165464296,0.11510978730879265,0.15058404678536264,7.099746425919618e-05
102,0.11053308061217469,0.00020294386114421924,0.11066565292624807,0.13147680669113826,4.085291004157717e-05,0.11054935763492366,0.11066029881820522,4.7295077231210685e-06,0.13388600276247484,0.11115076595736317,4.144680872551061e-05,0.0004883894018652731,0.1110731399398243,0.1316713786567866,5.2639145956704366e-05
103,0.1082464965642874,0.00017002659876336483,0.10835843333363362,0.11926597583248101,3.477888043103634e-05,0.10825948545547306,0.10834070607727,4.027422956944735e-06,0.12114397213209328,0.10678051803567543,3.312856080536075e-05,0.0004071744082178003,0.10854502492107251,0.11897057648649982,4.456150040881433e-05
104,0.1081046711610342,0.00022187888201443122,0.10825573629228588,0.11135215737374407,4.361070399343087e-05,0.10814987787406696,0.10823383746316775,5.45225046878702e-06,0.11284749770501426,0.10550862745399485,3.544704590901899e-05,0.0005385421398969372,0.1082452873491008,0.1110521706660468,5.5683650361272556e-05
105,0.11005932853153408,0.0003897365391691296,0.1102461139025855,0.10677766248085252,7.06719237767395e-05,0.11011804564014534,0.11023006078125158,1.0163886873692638e-05,0.10793287159248593,0.10930241545042668,3.879577737953036e-05,0.0009469328466768156,0.11006765092234033,0.10667506866642759,8.992366796595952e-05
106,0.1107006885138005,0.0014488294307751898,0.11086405841970484,0.10557251372009821,0.00022163016047361563,0.11073075901417957,0.11084879014226175,3.735164015530496e-05,0.10657564230126002,0.11055372303763465,4.51526699271597e-05,0.003164520300509635,0.11058185673471468,0.1056620593748348,0.00029897682618012286
107,0.11074581430694969,0.19761107618425727,0.11088030029130991,0.10929814223455457,0.25285522857845677,0.11074151421931668,0.11085756932189642,0.39061601233637183,0.11078336658737835,0.1107540168177986,4.705419337437944e-05,0.18603334203451374,0.11099699932972765,0.1094648480613298,0.11600510205407512
108,0.11054256466878387,0.10018746752517702,0.11068731728628481,0.11052111859600429,0.12506132281388824,0.11054507750465027,0.1106595002860341,0.20680828412313207,0.11210731956485784,0.11047071889806867,2.4864366116447046e-05,0.09136031768664177,0.11132043073777637,0.11064226144748511,0.2183726359626652
109,0.1103339714904198,0.0010137452507702378,0.11049902253043067,0.11062979845200648,0.00016005245794541663,0.11035661682470845,0.1104681976980316,5.700894743256784e-05,0.11219647144572267,0.11002766594040855,1.529336851257535e-05,0.0024702468192506133,0.11127697226386525,0.11068317811822487,0.00020563017045863643
110,0.11020863108491676,0.0004109844073127699,0.11041100235405511,0.11026395107775172,7.876138240573148e-05,0.11027023669692783,0.11037709363734999,2.2586310543285294e-05,0.1118182245091169,0.10967143737438298,1.072953238209725e-05,0.0010680700501615684,0.11054533073901086,0.11020695197673812,9.794190285287649e-05
111,0.11020538722765164,0.00039642474693100775,0.11042917562257838,0.10985715100357189,7.309928672802069e-05,0.11028985849820658,0.11038861241588875,1.59903705267554e-05,0.11138185099713489,0.10979300198720812,8.474507048742186e-06,0.0009970521634973112,0.11001750494737944,0.10974440343684531,9.2965337862396e-05
112,0.11024326735716013,0.001007883906079963,0.11046700058708596,0.10965205780738833,0.00016194312412342457,0.11032363781069893,0.11042351133831381,2.094565279093445e-05,0.11113763157533334,0.11021943910155153,7.2875784986013104e-06,0.002459112208582551,0.10992015462570379,0.10955946977416216,0.00021091205794824617
113,0.1102879867858651,0.0012690625283866795,0.11048791777206203,0.10971726350590984,0.00020891675100336888,0.11034622592562912,0.11046266262153283,3.118018486331173e-05,0.11136899624090055,0.11073479204276819,6.911553201875822e-06,0.003132259175279119,0.11026419807711521,0.10968642831360144,0.000276173498644727
114,0.11030918245512114,0.001941348935674888,0.11049140168634643,0.1098356621481281,0.00032003466223525846,0.11034412350640954,0.1104766856667552,5.3422659349777336e-05,0.11179657423046943,0.11163684800841896,6.777672539445194e-06,0.004870035058439629,0.11092469983233054,0.1098340734956907,0.00041481578888496117
115,0.11033044671289328,0.21508925321194342,0.1104919405413267,0.10995489852553135,0.18149807545559457,0.11034392973940345,0.1104830009211771,0.07953479433352217,0.11215036751284205,0.11194967027772268,6.821568656339609e-06,0.22501534809477355,0.11160065332418587,0.10996739243893447,0.22622722779399596
116,0.11033303864656833,0.3375720929849344,0.11049289428556833,0.1099969330151922,0.3451162034239514,0.11036777289194775,0.11048423990682071,0.2944872815605794,0.1120704321683782,0.11037855982241344,7.0864053133872725e-06,0.33095470331830124,0.11171383765991584,0.11003405424024215,0.3461402669151652
117,0.11032203532005785,0.15882751364418404,0.11049700350484755,0.10998176853713532,0.11703335052584776,0.11039239560027576,0.11048238932426911,0.05655946061146902,0.11078918428026227,0.10976490410649424,7.321509877619431e-06,0.16217762826029777,0.11140399938564192,0.1101152865400109,0.11241642067040863
118,0.11029773178329481,0.032581643480385586,0.11049421604127019,0.109963113128692,0.042011114367650176,0.11040798472750785,0.11048309572409072,0.20082010296569433,0.1066965221558007,0.10857845345980835,7.409911918636415e-06,0.030867789149593646,0.11096455450854972,0.1101151819700425,0.03757824323198175
119,0.11029026246389237,0.03223574198110513,0.11048924604338593,0.1099855572122398,0.042638811642981944,0.11042851377880325,0.11050558472118287,0.15742255196323612,0.10818377754150242,0.1053589981398011,8.867126272529627e-06,0.030872979563221853,0.11073237829657327,0.11016384379667643,0.03456344054355569
120,0.11027688791648346,0.03248277823921869,0.11047173147804817,0.10994756932558593,0.042134720339525505,0.11039705873635847,0.11050536972484933,0.056588559602902135,0.11311295977198457,0.1067784934114691,1.1353045316946754e-06,0.03150499803473325,0.11068730031626947,0.1101280755144511,0.033724657261573636
121,0.11027431299573381,0.03378707408859451,0.11045289334156771,0.1098191259678524,0.04171261153747073,0.11038039246309404,0.11049856828448004,0.03010238565420734,0.1210495727402396,0.11165342317038564,2.536590912120435e-08,0.03322304095306678,0.11070087920470331,0.10997304822275934,0.033902754461001244
122,0.11027583175962984,0.03512190716636869,0.11045707411084693,0.10977261117880625,0.04100788847557936,0.1103663251865414,0.11049017064816682,0.028387588117930608,0.13308188518436243,0.11952359686961622,8.34598101706446e-09,0.03545425418664111,0.11078780403970447,0.1098921236087533,0.035335396087584695
123,0.11027836194391084,0.03691965585199538,0.11046107338278038,0.10976121562282919,0.041471987241380286,0.11037591835137282,0.11046268557969037,0.0290548555424377,0.1529605001059572,0.1316049557114614,3.556440260296121e-09,0.038129875753899506,0.11083059269795378,0.1098414411379674,0.03840411154635836
124,0.11027967605333464,0.04038538931061607,0.11046451528400904,0.1097614842542782,0.044274073918476035,0.11037963055891006,0.11045377236959507,0.03170636633645273,0.0010060184393874626,0.14102439073966155,7.641520122770312e-10,0.04131751990289694,0.1108427860656831,0.10984911624721852,0.04494728448315431
125,0.11027828461499019,0.05277935484428279,0.110465626309625,0.10977807466199471,0.055720695475637745,0.11038319133611262,0.11050349636261589,0.043936477987797096,2.267392030514535e-06,2.8711123999380962e-08,-4.510366302764095e-10,0.04894249585218912,0.11086145448472692,0.10991393785033234,0.0705006632063564
126,0.11028195986206209,0.04792112962882089,0.11046799279010379,0.10986421432888555,0.05313069585329961,0.11042349581082148,0.11052343640656427,0.04784464057123314,9.22955344520845e-07,7.4204896278972826e-09,-1.5374563157683766e-09,0.00026511385074592063,0.11089530219893627,0.10998206371280664,0.07878136679821604
127,0.11029124919125866,0.041583542021452834,0.11047320555549327,0.10996983986220538,0.04618820142884218,0.11043660236345193,0.11052856746894991,0.04452039417002817,6.0143734692299e-07,1.5904468027368832e-09,-2.550602492029559e-09,0.00011121673448375934,0.11091023982707543,0.11003683179753465,0.07715180617453238
128,0.11030452606232248,0.03830337037739097,0.11047848082633079,0.10998025840754797,0.04084806646504325,0.110450995715379,0.11053705655028237,0.12093762294439923,4.3255473171787657e-07,-1.2465543635232139e-09,-2.994987300154378e-09,7.656026124403929e-05,0.11087399637813117,0.10999590757129195,0.07291881609843717
129,0.1103080484573691,0.03689484523065042,0.11047868973962131,0.1099144421469616,0.03724873696527005,0.11043760142821707,0.1105274535888582,0.08008718563910869,3.228372355440952e-07,-2.284804172129142e-09,-3.236513823522718e-09,5.86578435242754e-05,0.11079316883704954,0.1098499948017791,0.07018709798880719
130,0.11030567949241318,0.03677529775451315,0.11047834701343918,0.10990408914981412,0.03710528469736986,0.11041883472415338,0.1105054303494708,0.02366387360796435,2.437016418391538e-07,-2.758836667503376e-09,-3.4351255028183343e-09,4.742908682681949e-05,0.11072670931609796,0.10962018385069108,0.06820019952097414
131,0.11030514622955356,0.015879238190723042,0.11047356235486654,0.10994667708669201,0.017230414402377683,0.11039624179009039,0.11048513354577345,0.005412162654425955,2.0072105414665928e-07,-2.5008028873963644e-09,-3.0500704711884433e-09,3.729787252916993e-05,0.11079295558114428,0.10963907210264479,0.06664211680800602
132,0.11030362005490009,0.01658471053392659,0.11046722944860675,0.1099687117905427,0.016849235214813643,0.11037135353727952,0.11047746656879046,0.0052440011511950685,2.0918404772746478e-07,-1.7443344329731158e-09,-2.112838658126527e-09,3.4162346263420764e-05,0.11102524077239309,0.11011760537644223,0.06535783316307381
133,0.11030354644395798,0.017444951849690454,0.11046150512278015,0.10989034707859795,0.017678593170818928,0.11034271207809164,0.11046648591722083,0.005384294763246778,2.2140169803084923e-07,-1.4065406776225476e-09,-1.819647675658364e-09,3.1582712730731107e-05,0.11125198382310852,0.11081812211072199,0.06449883853160591
134,0.1102998572156062,0.018374496963421093,0.11045731405038377,0.1098982294418598,0.017854402799333487,0.11033597569910474,0.11045660946959825,0.005188523444948123,2.3033553684611078e-07,-1.4287852030382907e-09,-1.747100776819182e-09,2.9345711403444547e-05,0.11147664648499334,0.11079329796345573,0.06429968679114864
135,0.11029788276134386,0.019435723418836797,0.11046059639613572,0.1099108445922168,0.018041584628874275,0.11033841990666421,0.11044393389574676,0.004789638153095241,2.351201560898642e-07,-1.4606908634829568e-09,-1.7666037473319153e-09,2.7250271583570457e-05,0.11157071198896208,0.11059798512081784,0.06552533551053664
136,0.11029911185466797,0.020806256565459064,0.11047184930089797,0.10987313487298268,0.019414440559526933,0.11034233948461723,0.11044130685776693,0.005305288399325588,2.34482384599692e-07,-1.5237660969863362e-09,-1.8433986266811245e-09,3.133602038607073e-05,0.11116932640473738,0.11009175363305206,0.06672920770934553
137,0.11030382909323945,0.03736119246460858,0.11047380927408039,0.10984523954254238,0.02860085535353361,0.11035300368060579,0.11045846661281193,0.007324937967982351,2.3575248493699633e-07,-1.5475808379428297e-09,-1.931183288579315e-09,0.00023917228858541677,0.11066296866649179,0.10974891882304491,0.06872596932693253
138,0.11030791327779686,0.07035040484748266,0.11047469333383621,0.10983914075134853,0.06094293397712744,0.11035730237431332,0.11046817007002406,0.05814662781124457,2.3722268085219247e-07,-1.535322112806427e-09,-2.0552963988730295e-09,0.1634376127104209,0.1103505230496206,0.10967989859797575,0.07104442268305582
139,0.11030903318551306,0.09071996001750762,0.11047556506031753,0.1098465136950458,0.07858107681671274,0.11035690411390459,0.11047334278856949,0.04877566259372397,2.3879549236310095e-07,-1.5119959225889589e-09,-2.205461413473804e-09,0.18028022940565136,0.11035925934804525,0.10971026462580427,0.07347884624199148
140,0.11030993668001329,0.10119244867800058,0.11047569095227333,0.10986616174266291,0.11644308894064778,0.11035465864156033,0.1104732834320114,0.17485486420933397,2.414239147947508e-07,-1.5033986322431983e-09,-2.1986023015509026e-09,0.13009426396675655,0.11064604374779448,0.10979541974754746,0.07579691370227223
141,0.11030907705097491,0.10024017995761766,0.11047503814194361,0.10989357373318183,0.11549877383198634,0.11035292588814892,0.11047144824245271,0.1958415838277323,2.467578020224378e-07,-1.5351913421467073e-09,-2.1107814286170595e-09,0.10933336609689313,0.11101324185851978,0.10989006846839564,0.07327199280993782
142,0.1103076052121603,0.11238018300768703,0.11047317805218557,0.10990486843595909,0.12127224575992862,0.11035185064968663,0.1104677572326652,0.17016632285218267,2.574716322054925e-07,-1.6438219051751809e-09,-1.987910721741186e-09,0.11441886848089497,0.11122867803645436,0.1099409760621605,0.06717618915053465
143,0.1103088271958724,0.25276263899017737,0.11047540637371757,0.10989609966319214,0.259712181252349,0.11035337499009915,0.11047048519852397,0.1820827990341777,2.778891010405497e-07,-1.7372256962907235e-09,-1.8382774657427897e-09,0.2731526209926156,0.11120088319251951,0.10997592674938275,0.05987165373809792
144,0.11031084690278394,0.025783258654254355,0.11047588889570781,0.10984366786601099,0.02154772667149519,0.11035430207937343,0.11046906580442324,0.007911870931643207,3.149038049257599e-07,-1.5632648227332364e-09,-1.6441387991185653e-09,0.0033033652804657304,0.11087103889376827,0.10988730905637345,0.05405255961670674
145,0.11031201293639628,0.022038136537257582,0.11047688695019728,0.10980309034077712,0.01925907681671583,0.11035542460987217,0.11047217227533278,0.0059891507940708685,3.7498387850470106e-07,-1.2622601837839519e-09,-1.2323051060280232e-09,0.00129345981687372,0.11054691854007838,0.10993349564240941,0.04423543872526064
146,0.11031612048474197,0.02121875572599503,0.11047608453913718,0.10979799558654856,0.018484860770029487,0.11035429135828646,0.11047237202073258,0.005626301140627117,4.7363490786361446e-07,-6.464342930061515e-10,-7.142840063511643e-10,0.0022456032147757403,0.1102044659189054,0.10991341122905085,0.0377666186853118
147,0.11031618306164662,0.02116608714063605,0.11047067005844526,0.10987028931612623,0.018317802462907682,0.11035101654767454,0.11046794327324713,0.0057837599621363206,6.421038647726682e-07,5.139966227769312e-10,-9.954517529614149e-11,0.005629010653621323,0.11015609654164345,0.10969690879536226,0.0342331934997285
148,0.1103095944664582,0.02236876599433579,0.11046306069022223,0.11001240957482063,0.018413812503508476,0.11034781416334385,0.11046318279082964,0.006421571652373463,1.0305005024213458e-06,3.469601612401529e-09,1.1530599687211e-09,0.019062756396174767,0.1106934816647966,0.1094499647303926,0.03158304567414238
149,0.11030915193700953,0.010231867767896898,0.11045740043203549,0.11018363906978074,0.009554336683594405,0.11034808537648291,0.1104600217265851,0.0025378074881001224,3.3476079624765795e-06,3.032567247601983e-08,2.050521224404978e-08,0.009688741540025097,0.11187417337030814,0.10948172726054523,0.02898564758138093
150,0.1103284813966114,0.011412899570556367,0.11047578745629337,0.11031310929144866,0.009385712500612237,0.11036924279005497,0.11047677641377636,0.0021772353199613803,0.9980985133121807,0.9999768059917956,0.0005572098573422864,0.01118875822930825,0.1132689913911799,0.11005430807760515,0.012446959715459033
151,0.1103801521512138,0.01307490340963638,0.11053093165543278,0.11032040950627871,0.010757948265633574,0.11042495931647268,0.11053278317183858,0.0026795464493269768,0.0003614610451306929,2.911078766249276e-06,0.00024350517361094635,0.012840724628558278,0.11344520119187676,0.11134047513341319,0.011846627510027727
152,0.11042919371821877,0.014839147066150103,0.11057808353853145,0.11025848408436632,0.01242856834207384,0.11047866258692939,0.11059258154260311,0.0038365162022574086,0.00018835840147179446,1.8311454071602163e-06,0.00016417864463547246,0.014448342649793828,0.11153865614209515,0.11221364020131792,0.011473553015253962
153,0.11041306553554807,0.016249732447936698,0.11055926088100974,0.11015761687934043,0.014457029076677633,0.11046960233153197,0.11059128795750564,0.005706051407067228,0.00013751854497706697,1.4198309958769472e-06,0.00010036302454806012,0.015644051416239597,0.11037190864214108,0.11123474380952589,0.011307839458555012
154,0.11026871714944246,0.015848278859670755,0.11041832216064,0.11006135224799526,0.014247568009887988,0.1103222601096358,0.11043249259674996,0.00632535987738992,0.00011650106565334238,1.2570149915827738e-06,6.016529334333752e-05,0.015294177240360893,0.10997163608073454,0.10993194697443728,0.011204664196561404
155,0.10999283967167352,0.017956143899563345,0.1101337412924433,0.10983763939077419,0.016583552543940613,0.110044699246989,0.11014115490425884,0.008796232693950612,0.00011009313844280166,1.2680148083440604e-06,4.547033964222459e-05,0.017543638010066736,0.1098089682497417,0.10941877769450604,0.01106501591534163
156,0.10976094124938379,0.018314503126329876,0.10989169361454489,0.10961310205088784,0.018709651986948225,0.10981310320336946,0.10988574372515196,0.01884163754701307,0.15210485210085997,0.14686002075858443,3.690398801147719e-05,0.017565312782449927,0.10980681657654283,0.10923489062352783,0.012737346053114424
157,0.11046653793817034,0.017994229594800733,0.11062293021515378,0.11028470404114155,0.020291275904171548,0.11050639285360508,0.11059833882841273,0.05420128031811047,0.13298598658903713,0.1307876844802614,3.051581915083622e-05,0.016878091059493342,0.11077603324630382,0.11015980668087472,0.01231284994291379
158,0.11159978095535927,0.01421463736814708,0.11180373995108628,0.11141840835699911,0.014965089394008283,0.11163737216519369,0.11176714402623057,0.026230459440416208,0.12238469644027601,0.12070191852297764,2.2430681764938524e-05,0.013280478487479338,0.11169401248354952,0.11141537457934196,0.009637992812417694
159,0.11259747975815651,0.016222732504556168,0.11287729824072763,0.11236328513520531,0.016811963715252752,0.11264047606306858,0.11283162409611454,0.02124810646225305,0.11556216994101458,0.11384226629399521,2.3221022861394845e-05,0.01516807628791779,0.11258661830053455,0.1123382129488458,0.01037792527549183
160,0.11248252351442677,0.018910155776969972,0.11286879222683924,0.11213334747659487,0.01962477084341506,0.1125396821799038,0.11283131047942542,0.025283664792733834,0.11060217458091719,0.10885656767211373,2.388286006329295e-05,0.01764774981869101,0.11267883037581294,0.11213061460753979,0.011880928233410075
161,0.10891823959869792,0.027986210967985686,0.10935269061663341,0.10851675391724015,0.04055988344158885,0.10896825637571046,0.10934568674487541,0.0458451583192506,0.10543565858729453,0.10413920566243945,2.4508908163411748e-05,0.022438495226374484,0.1092219205059275,0.10900298928715721,0.016108705447497994
162,0.09066651361315954,0.05346482245841336,0.09015499697217935,0.09037303814781829,0.05562231663965535,0.09075321352229371,0.09027466683344508,0.07017265335562949,0.08951247627602034,0.09072391537924315,2.5156157712726723e-05,0.05035165597828326,0.08972095556881966,0.09044748024662531,0.03839009483374311
163,0.10179688928008665,0.06535783584072731,0.10128433038267383,0.10202322892451134,0.0721839063611366,0.1017756924891599,0.10113900945091162,0.13198289179646414,0.10172822284156632,0.10298398336027824,2.9718037671210917e-05,0.06140516786822453,0.10123974531301087,0.10230298280525175,0.048811684547657934
164,0.1165833718814048,0.08657637167108181,0.1160686059562681,0.11681637762292586,0.10505781204385062,0.11658954750365425,0.11609410294632176,0.23685646492362233,0.11643181193247384,0.1173878232019206,0.00012816847275286817,0.0806839979390652,0.1167968636334548,0.11715486461002766,0.06996236703283204
165,0.13718138324293666,0.13785209836266166,0.13672409354814338,0.1371848644646066,0.1970454304395855,0.13713089524505412,0.1368742982522456,0.24538956609321355,0.13642653662152218,0.1373782490017131,0.00033047615794586907,0.12526542501889285,0.13853983707976075,0.1373700720187816,0.12749298954007282
166,0.16992486052813022,0.4085280454802431,0.1699824667446987,0.16935735248089037,0.3693286009004535,0.17006630829001226,0.1701869500988549,0.10054505230469364,0.16932648704520584,0.16925512863141717,0.0004290778609991477,0.3499184304916451,0.17205579881785718,0.1694526269281218,0.462350458919368
167,0.2428352606486389,0.13328619005944728,0.24902283757731813,0.2404394867557249,0.07850838642779766,0.24322567562417696,0.2474313179072033,0.07903266580795187,0.25238079917641976,0.23983106192764256,0.0008084993581961252,0.22506021239460164,0.24315116756726424,0.24053006528649118,0.1768371042218166
