,1389,1441,1566,1832,2102,2491,2571,2670,2723,2770,2794,2832,2851,2884
0,1.0,1.0,1.0,1.0,1.0,1.0,1.0,1.0,1.0,1.0,1.0,1.0,1.0,1.0
1,0.00011272941916037515,2.244454585964988e-05,9.949789126924257e-05,0.0003295194735699867,1.8078789299446642e-05,3.7018222901395275e-05,1.8830852998077074e-05,0.00032673643340388504,6.19895166398658e-05,1.8729597595679525e-05,2.8010270935963106e-05,3.696327699784704e-05,2.1739150343643764e-05,1.3478675231004721e-05
2,0.0001021009963961337,2.0538752137000182e-05,8.891967880426847e-05,0.00029073938688662797,1.6630316579870956e-05,3.33875446491917e-05,1.7279694370726263e-05,0.0002872994741014062,5.555161871669088e-05,1.6664540837531574e-05,2.550479656911611e-05,3.332628495694234e-05,1.9864957486685673e-05,1.2283159635619648e-05
3,0.00010319334003080005,2.036630398968423e-05,8.763682284997507e-05,0.0002892032281329826,1.6563792866727026e-05,3.2993455029050735e-05,1.7113647698151952e-05,0.00028605559444568247,5.498532081910777e-05,1.6708528936909632e-05,2.5371584034887738e-05,3.2895508545762585e-05,1.968893371244534e-05,1.2185486143947371e-05
4,0.00010199167915911894,2.0359386508292822e-05,8.730192076808363e-05,0.00028273269941240457,1.6566456804503387e-05,3.2932661646099816e-05,1.7106199913667328e-05,0.00027925722867289175,5.345981525430864e-05,1.6772371807937345e-05,2.537003842525521e-05,3.283235942469491e-05,1.967859497284483e-05,1.2181620256767996e-05
5,0.00010197726688070585,2.0364362593249832e-05,8.729906346749639e-05,0.0002874199780509657,1.6571962294487643e-05,3.292284848852022e-05,1.7108473296664105e-05,0.00028422379655376685,5.461044131054587e-05,1.6781018981697718e-05,2.5373741216061967e-05,3.2819467986688266e-05,1.9680419937894335e-05,1.2184032636105546e-05
6,0.00010208790146299803,2.036155801736988e-05,8.730503620936114e-05,0.0002883365146747967,1.6574071334412906e-05,3.2918052413596736e-05,1.7105439243442786e-05,0.00028516483175444654,5.486562156629872e-05,1.67784799784819e-05,2.5366904090682392e-05,3.281496716689452e-05,1.9674894418458173e-05,1.2181488926790426e-05
7,0.00010213593840883252,2.0339642979490268e-05,8.729287497868398e-05,0.00028840454887524205,1.657461845091699e-05,3.2899638251546014e-05,1.7087812523316696e-05,0.0002852840259934549,5.4885646906237055e-05,1.6766016615761134e-05,2.5345415841867873e-05,3.280574317190901e-05,1.9651166680280488e-05,1.2166259803225972e-05
8,0.00010218351075623426,2.0322327331210774e-05,8.730604165931849e-05,0.00028843567571191136,1.6561079676100457e-05,3.2888046051520305e-05,1.707888336919215e-05,0.00028532892388366234,5.4881019508030545e-05,1.6754437773086847e-05,2.532694167278415e-05,3.2793183842621786e-05,1.9636548071162394e-05,1.2160468500438455e-05
9,0.00010223682575768051,2.0331810774051953e-05,8.730272528076394e-05,0.00028846415721693836,1.6574878845661997e-05,3.2893372980660556e-05,1.708543336439607e-05,0.0002853388147899458,5.4873470162883894e-05,1.6764083069420867e-05,2.5334280091683867e-05,3.279692975536038e-05,1.9643254006687464e-05,1.2169777977006574e-05
10,0.00010226471279295446,2.0350113823823776e-05,8.729773786040322e-05,0.00028848005751253876,1.6597095759036128e-05,3.289535960779385e-05,1.7090870488410606e-05,0.00028532976479120234,5.4864858734869185e-05,1.6770530657780705e-05,2.534927836408774e-05,3.278019778187239e-05,1.9649814775610293e-05,1.2168424753866553e-05
11,0.00010227281645918593,2.0344736620265646e-05,8.727506290869275e-05,0.0002885087337180223,1.6601637891354846e-05,3.290103887648577e-05,1.7097181552514083e-05,0.0002853363209419315,5.486734577545715e-05,1.6775399950691283e-05,2.5352027595330376e-05,3.2791217045729085e-05,1.9654456208321657e-05,1.2180164394233946e-05
12,0.0001022716870054077,2.0344457265591653e-05,8.729320764171288e-05,0.0002885002573368743,1.6597028883578784e-05,3.289616986961491e-05,1.7094465399266183e-05,0.0002853318357673939,5.486001755313702e-05,1.6771179131624128e-05,2.5346728367507944e-05,3.276894299890155e-05,1.964858479139279e-05,1.2176177327015673e-05
13,0.00010227591342667732,2.0349834428852974e-05,8.726097181981676e-05,0.00028850339345590855,1.6599243499422413e-05,3.2904895999835194e-05,1.7100567453075165e-05,0.00028535162403540396,5.487179756818756e-05,1.6776590471889814e-05,2.5349740799853004e-05,3.2772934362158016e-05,1.9655265411020582e-05,1.2179975679517966e-05
14,0.00010230170928044566,2.0339417050997425e-05,8.732269927098078e-05,0.00028858994539352444,1.6591871349197684e-05,3.2927361672700664e-05,1.709114630182447e-05,0.000285457530348901,5.489446833780061e-05,1.677283137330571e-05,2.535385241355732e-05,3.2795420011017136e-05,1.965480478814575e-05,1.2177283695210263e-05
15,0.00010252574483955092,2.0310494488648915e-05,8.752090220702799e-05,0.00028921938135271813,1.6562481089307113e-05,3.298222876534143e-05,1.7074665055129334e-05,0.0002861262198649516,5.5010194358895043e-05,1.6753992162950197e-05,2.534104517085711e-05,3.284941320015308e-05,1.9623870709443177e-05,1.2151122222300935e-05
16,0.00010398401579498348,2.048581106480871e-05,8.876218194473531e-05,0.0002934077103351026,1.6721268605686394e-05,3.3411958091514175e-05,1.7234803349405287e-05,0.0002903108894096995,5.576086402582823e-05,1.690681273384862e-05,2.562096541851614e-05,3.328995900511157e-05,1.9798524588109405e-05,1.2256778257037427e-05
17,0.00010368539633591425,2.038969672890606e-05,8.856130890856132e-05,0.00029236271400923054,1.6628345587624206e-05,3.3330028487729314e-05,1.716153859312079e-05,0.0002893045226900125,5.56235781015299e-05,1.683301484909315e-05,2.552901551454823e-05,3.320173968685347e-05,1.9711770559372133e-05,1.220275056619796e-05
18,0.00010366223422527654,2.0336840237103615e-05,8.854601824290862e-05,0.0002921449202129549,1.6590083191367253e-05,3.3307126572482345e-05,1.71216104173893e-05,0.000289104580148171,5.559835624914107e-05,1.6794148808628e-05,2.5514071060953745e-05,3.318272308947143e-05,1.9660533164551237e-05,1.2174977200116408e-05
19,0.00010370715516513205,2.03384519525465e-05,8.859760208145803e-05,0.0002923080560585394,1.65915826924083e-05,3.331992915149781e-05,1.7124227579281145e-05,0.00028927087227977017,5.5621789869698803e-05,1.6797756912419964e-05,2.55734996232035e-05,3.319508339185005e-05,1.9661598580896733e-05,1.2181967685638752e-05
20,0.00010364662673289959,2.0336249885387423e-05,8.856033160301422e-05,0.00029217405559684237,1.6585106282347474e-05,3.330688150890632e-05,1.7118500717571526e-05,0.000289133513165477,5.559453928404723e-05,1.679208491967384e-05,2.554655531162596e-05,3.317884579428358e-05,1.9658539617591676e-05,1.2180765491179108e-05
21,0.00010360167537403479,2.03458170459874e-05,8.855832727090438e-05,0.000292067251939678,1.6590762452162782e-05,3.330329301570799e-05,1.712537428943528e-05,0.0002890194658334233,5.5577800529979125e-05,1.6799124724123393e-05,2.5614893997797936e-05,3.317278748861183e-05,1.966700952562588e-05,1.2182763518967995e-05
22,0.00010359699532937285,2.033631868921619e-05,8.856046940478778e-05,0.0002920632408723666,1.6582625726859268e-05,3.329669799615506e-05,1.7116324442131987e-05,0.0002890094513583198,5.5574171564831054e-05,1.6789868987605677e-05,2.5597510992683757e-05,3.3165853214520586e-05,1.9657981337147477e-05,1.2176447218865361e-05
23,0.00010360996229268509,2.0342516648304043e-05,8.858900869663071e-05,0.000292104560806267,1.6587955650649037e-05,3.3304056520064614e-05,1.7121752589388108e-05,0.0002890445790178248,5.55836902593574e-05,1.6797111529891905e-05,2.5607387724265702e-05,3.3171625403986483e-05,1.9663972549603688e-05,1.21797232253856e-05
24,0.00010360126375888597,2.0340172809318425e-05,8.857796298393568e-05,0.0002920760720869668,1.6585280004378358e-05,3.330121137070956e-05,1.7120238087292095e-05,0.00028901778604111314,5.557999922508679e-05,1.679418603388503e-05,2.558454614417504e-05,3.316814614304063e-05,1.966159438406118e-05,1.2179165139811968e-05
25,0.00010355212355475206,2.0331661567322763e-05,8.852316219299053e-05,0.0002919411667752081,1.6577834790510116e-05,3.328513899961175e-05,1.711266976938924e-05,0.0002888773422308195,5.5554709176110174e-05,1.678745649771514e-05,2.5515955786322197e-05,3.31530946472156e-05,1.9652837880686668e-05,1.2172905471976018e-05
26,0.00010358441129877854,2.0333882000316576e-05,8.854404037758539e-05,0.0002920056995110033,1.6580642570657355e-05,3.32936419883137e-05,1.711406372680294e-05,0.00028893970110034276,5.5571259142415955e-05,1.678887294716037e-05,2.555037929025028e-05,3.3163830983091536e-05,1.9655011527976196e-05,1.2174913221685197e-05
27,0.00010360021338735788,2.0323070349450795e-05,8.853957513653906e-05,0.00029202759666345507,1.657350440447498e-05,3.329414017144159e-05,1.7105860287400955e-05,0.0002889614185026279,5.557466130598643e-05,1.6781737465047773e-05,2.5482419109574317e-05,3.31658074593037e-05,1.9644676411438034e-05,1.2167478221612379e-05
28,0.00010361052300341073,2.0286798056690534e-05,8.853951598436656e-05,0.00029202591142135,1.6551752779995394e-05,3.32833477651419e-05,1.707923624988654e-05,0.0002889512970967198,5.556635311306479e-05,1.6758283656216596e-05,2.5454023724463445e-05,3.315715167228706e-05,1.9610059211305425e-05,1.2149149089669767e-05
29,0.00010368967278736924,2.023296413400835e-05,8.86049106945481e-05,0.0002920784808180412,1.652251816512891e-05,3.329248245280726e-05,1.704200749933314e-05,0.0002889862274085863,5.559161254603226e-05,1.6726357770753634e-05,2.5428141129216577e-05,3.316811122244425e-05,1.955907835779148e-05,1.2126470219762444e-05
30,0.00010389526821462643,2.014754630848318e-05,8.8783594971275e-05,0.0002923211475993117,1.6471180927833122e-05,3.332755397257005e-05,1.6979522720323685e-05,0.0002892110655009288,5.567492293379297e-05,1.666955040978277e-05,2.539676410519402e-05,3.320320932379665e-05,1.9475948626930855e-05,1.2088298949640618e-05
31,0.00010400842095832576,2.00134207754102e-05,8.885868977299994e-05,0.0002924698947563622,1.6387962818238085e-05,3.3306193859934307e-05,1.6871682006931122e-05,0.0002893498036193914,5.5686709373144123e-05,1.6570883455937643e-05,2.5325055709197244e-05,3.319002509178886e-05,1.9342728284914833e-05,1.2015248991826044e-05
32,0.00010435513687463677,1.9993571096401187e-05,8.916296529792959e-05,0.00029321984426518017,1.6371497054753557e-05,3.339628780000657e-05,1.686406609268929e-05,0.00029008805250765396,5.5849952875351127e-05,1.6559515355143036e-05,2.536193557714769e-05,3.3269895628228126e-05,1.9324398459634144e-05,1.202174586526297e-05
33,0.00010400477844424616,1.9930795121298203e-05,8.880960983319104e-05,0.00029215894604863406,1.6330616867226585e-05,3.327418665646908e-05,1.6809868779879923e-05,0.0002890208989683237,5.562996384032104e-05,1.651040335144071e-05,2.528970178451986e-05,3.314484699962573e-05,1.9257852184570877e-05,1.1991560843471556e-05
34,0.00010412614839339714,2.0004693043949564e-05,8.886043285707105e-05,0.00029247515755973126,1.638924507172466e-05,3.332920707853248e-05,1.6855140083313385e-05,0.0002893349091845892,5.568395999579178e-05,1.656445735411687e-05,2.5348733328783608e-05,3.318020751386203e-05,1.932014906327545e-05,1.203051463509985e-05
35,0.00010412719687495297,2.001197462278941e-05,8.887248631881798e-05,0.00029244494611665593,1.6399461906057535e-05,3.33250894640026e-05,1.6872671341974024e-05,0.00028933003815779655,5.568615611663611e-05,1.6564788030479452e-05,2.538895702018505e-05,3.317667684682473e-05,1.9333841989908086e-05,1.2032900315453087e-05
36,0.00010418522777770854,1.9982763333415912e-05,8.892875411828371e-05,0.0002925567893602056,1.637405702191148e-05,3.334126363549747e-05,1.684448151636937e-05,0.00028945512591298033,5.572237225049622e-05,1.655083467024105e-05,2.5399507465243335e-05,3.317731550447514e-05,1.9298032946358543e-05,1.2019177720831544e-05
37,0.00010451786642271015,2.0002552881087262e-05,8.924311110387355e-05,0.000293419657856143,1.6395368615297365e-05,3.346770834643512e-05,1.6864394779902487e-05,0.00029033941420121356,5.59497179683969e-05,1.6566018966539944e-05,2.542861940306302e-05,3.3295988078777054e-05,1.9319684886863425e-05,1.2045191096798183e-05
38,0.0001069595330824576,2.037307532881278e-05,9.152357065304387e-05,0.00030008399900625904,1.6687856899581854e-05,3.438622836629115e-05,1.7162419938033135e-05,0.00029704048431600374,5.7508377670403054e-05,1.6872344683023098e-05,2.6187433418221416e-05,3.42214640387546e-05,1.96781661785986e-05,1.2268724453809491e-05
39,0.00012700879349207946,2.423525884812573e-05,0.00010969053549090615,0.0003554643623995679,1.9570905290838784e-05,4.1986492740684756e-05,2.0132175581819778e-05,0.00035283068128222773,6.981850497064764e-05,1.9794759423448057e-05,3.1852141241513235e-05,4.1730234917144767e-05,2.3331059660280775e-05,1.4288895272160047e-05
40,0.0005986326606406168,0.00010653358723642797,0.0005125079747165679,0.0018293215659730862,8.519099725357821e-05,0.0001884795172169427,8.736304422636625e-05,0.0018153044605901895,0.0003245677284078182,8.614984056475054e-05,0.00014327357400305282,0.00018844612072336703,0.00010240787593011769,6.117599047693811e-05
41,0.00042436165837319434,7.271348150498284e-05,0.00036168884346205333,0.0013249927449267866,5.616567950680421e-05,0.00013044220201256885,5.788190605478336e-05,0.001313425196049498,0.00022734906174624127,5.6910170865619595e-05,9.819199343277983e-05,0.00013024984688800976,6.956392067862009e-05,3.985336178142893e-05
42,0.0004010734345771938,6.90319714402874e-05,0.0003423651417972633,0.001246687713638581,5.276342027614984e-05,0.00012439707903990632,5.4500628131672615e-05,0.0012354277583765036,0.00021466916741486318,5.352277781955516e-05,9.257019338664874e-05,0.00012418504505893105,6.59984586924059e-05,3.6882373599344566e-05
43,0.0003975474591987228,6.840035160558418e-05,0.0003394690087970485,0.0012335581555031688,5.2423136768356016e-05,0.0001233000797379659,5.415313370898919e-05,0.0012222702730142836,0.00021260820625142242,5.31892013161711e-05,9.16987296437487e-05,0.00012302056384737978,6.54355015877815e-05,3.656480726282417e-05
44,0.0003975846438775177,6.848042822689352e-05,0.0003395776246073657,0.0012313634141568129,5.259140558253156e-05,0.00012333213777517146,5.431672421268173e-05,0.0012200633461911326,0.00021273160777012635,5.3362785417488265e-05,9.185803164760495e-05,0.00012306606410143896,6.552311866351695e-05,3.6761547512043294e-05
45,0.0003975937788546106,6.875213818048032e-05,0.00033964398950878555,0.0012280028120822111,5.288792254729451e-05,0.00012349245431058116,5.4620665196076e-05,0.0012166810922610248,0.00021289942981313683,5.365694007426338e-05,9.21269749248126e-05,0.00012321792932960918,6.579005095147357e-05,3.7161489538809885e-05
46,0.00039756629083087443,6.862758840623132e-05,0.0003396105843621938,0.0012280661464205062,5.274910341151391e-05,0.00012336625913541316,5.4477669496085564e-05,0.0012167297223198764,0.00021277730063956775,5.352262788193845e-05,9.200392462724767e-05,0.00012308579233893865,6.56646605004444e-05,3.70288188507715e-05
47,0.0003972016508888976,6.859132399621451e-05,0.0003393372596373574,0.0012255568471025032,5.272076618536618e-05,0.0001232604701328743,5.445104708439609e-05,0.0012142140764462139,0.00021262219659620577,5.34915471707288e-05,9.192904073334041e-05,0.00012297319139559264,6.562950728411092e-05,3.703376752942617e-05
48,0.0003971663587214578,6.850439704409261e-05,0.00033929521088887644,0.0012263809611138664,5.260848297355905e-05,0.0001232103677228848,5.433462981343878e-05,0.001215032145571855,0.00021256188358170257,5.3384514225701065e-05,9.184634521655291e-05,0.00012292992526897876,6.554113891921359e-05,3.6857464679603535e-05
49,0.00039742602051354197,6.854496139793782e-05,0.00033954770688089393,0.0012270535816417294,5.262992683727979e-05,0.0001233414375522804,5.435749555488906e-05,0.0012157178991710812,0.00021275325666502532,5.3403884522158897e-05,9.19212273945385e-05,0.00012306752150079435,6.558199765927759e-05,3.678068315834691e-05
50,0.00039946268635506524,6.881950696206367e-05,0.0003412445478879316,0.0012336992232449377,5.283907690706152e-05,0.00012403051192971226,5.456844008504149e-05,0.0012223686565440695,0.0002138760860576475,5.361945430848385e-05,9.238043097802025e-05,0.0001237697209590064,6.584605389270266e-05,3.667392053668555e-05
51,0.000414685487134888,7.109408443000026e-05,0.00035395966775209563,0.00128184870641272,5.458344358564851e-05,0.00012883711933897251,5.6364453175553864e-05,0.001270423479053474,0.00022198957905613124,5.538425545910042e-05,9.584649190829088e-05,0.00012857099564876281,6.801191114225107e-05,3.71579486010516e-05
52,0.0005524018679613565,9.32308642318987e-05,0.0004703681355929895,0.0017202793189575426,7.129266994991412e-05,0.00017164340829581935,7.381699401338945e-05,0.001707313587380391,0.0002950359615058028,7.236515705512246e-05,0.00012801752537918104,0.00017125372408522023,8.90758023659541e-05,4.673837317927113e-05
53,0.999067501643839,0.9998369269466929,0.9992015603836158,0.9971199580221785,0.9998732802718504,0.99970257909725,0.9998703976652809,0.9971305704018432,0.9994883702589631,0.9998716458709327,0.9997742322732924,0.9997016208428687,0.9998440081185309,0.999917098977881
54,2.9619069675060337e-05,6.1307091262879115e-06,2.5300493483248553e-05,7.98571636538688e-05,5.041418174075262e-06,1.0082702235565961e-05,5.062982986812124e-06,7.874481958508258e-05,1.651518603452463e-05,5.071966813801046e-06,7.908481973312677e-06,1.0178826511208429e-05,5.938161761778499e-06,3.612275087220087e-06
55,1.9383172993997654e-05,4.5224832774233815e-06,1.6665590766053044e-05,5.2649552975916234e-05,3.807884499388817e-06,7.021363027093802e-06,3.8463946741356905e-06,5.194866464150189e-05,1.0961229613693651e-05,3.840043247703659e-06,5.557532938726964e-06,7.000109559294907e-06,4.40816108270364e-06,2.76088942386259e-06
56,1.8253597343074808e-05,4.748355721186113e-06,1.5805856853841158e-05,4.877515670108258e-05,3.930697099491663e-06,7.131881142699524e-06,3.984501840146707e-06,4.811290383105117e-05,1.0702795048781112e-05,3.961589362455455e-06,5.76621858537405e-06,7.111983198753417e-06,4.611904961410742e-06,2.7345929986474794e-06
57,1.8048919017326047e-05,4.791871784924479e-06,1.5651456960089115e-05,4.792876955003528e-05,3.9486568771389305e-06,7.176532480505856e-06,3.997313796476508e-06,4.728332344529899e-05,1.0691833250297826e-05,3.976507528243201e-06,5.812579042790194e-06,7.1608200476770085e-06,4.650928294159949e-06,2.715813554930545e-06
58,1.7922125213649293e-05,4.741264417367604e-06,1.552829592616103e-05,4.7725778202989314e-05,3.916260128631769e-06,7.1149251273431115e-06,3.964951047648473e-06,4.708444925838205e-05,1.0591104130913867e-05,3.942324743193718e-06,5.753930258276837e-06,7.096549403072298e-06,4.600637681673783e-06,2.699193262623749e-06
59,1.7865233567995798e-05,4.698850590079363e-06,1.5463325366064702e-05,4.7710869235706677e-05,3.88874355736041e-06,7.065839106415518e-06,3.937386577386333e-06,4.706855641669495e-05,1.0522388333993107e-05,3.914796832414068e-06,5.708316780002122e-06,7.043066179849536e-06,4.557562278103739e-06,2.686646687377062e-06
60,1.786056852485171e-05,4.67504234493976e-06,1.5452765363663655e-05,4.7746616373936144e-05,3.873483604733727e-06,7.037381794500712e-06,3.919480698634407e-06,4.710407190905696e-05,1.0493047345874484e-05,3.8974880443160456e-06,5.683788797993919e-06,7.00935762269472e-06,4.533317944991714e-06,2.6785291350648367e-06
61,1.78504658363939e-05,4.66809319071095e-06,1.5441446709183248e-05,4.775003905207265e-05,3.868664345410282e-06,7.032318184341291e-06,3.914231831901925e-06,4.711134976595665e-05,1.0482040221079233e-05,3.89194245561684e-06,5.679207743823262e-06,7.001124115011696e-06,4.527110585649509e-06,2.6762867801635765e-06
62,1.784467178626143e-05,4.645938901937648e-06,1.543227898863636e-05,4.7747517541326806e-05,3.857200420975861e-06,7.0096049266853615e-06,3.9011144062490164e-06,4.7114545278664035e-05,1.0457981957764284e-05,3.880594213776198e-06,5.662906036371053e-06,6.977234553689267e-06,4.50847741983782e-06,2.670434635215309e-06
63,1.7869224820982185e-05,4.677847344913153e-06,1.546571691812569e-05,4.772086208097884e-05,3.878172556588028e-06,7.04382739041693e-06,3.925965326644388e-06,4.709099596851224e-05,1.0500323770894561e-05,3.905251127467379e-06,5.698030855121255e-06,7.013237789828991e-06,4.544216752675236e-06,2.6845789817645052e-06
64,1.7900670533257633e-05,4.739566485675577e-06,1.5523597681530732e-05,4.768735573375056e-05,3.908355976461589e-06,7.110146337832519e-06,3.966579660245985e-06,4.706114212953621e-05,1.058503040579586e-05,3.943633115844798e-06,5.761239542341015e-06,7.081823028868168e-06,4.605691697303099e-06,2.6988422213420527e-06
65,1.7943622774201862e-05,4.7763419206134635e-06,1.557653159453254e-05,4.768889930832225e-05,3.923385243260526e-06,7.152114064045647e-06,3.987970996483538e-06,4.706555329360308e-05,1.0646941956589754e-05,3.963017122543869e-06,5.800027129038659e-06,7.125633451190081e-06,4.638948243686982e-06,2.703500879671303e-06
66,1.7964521449603945e-05,4.789718854340396e-06,1.5599302634256703e-05,4.768886284053958e-05,3.929687549943544e-06,7.1697796347293665e-06,3.995847285286101e-06,4.706931992067347e-05,1.0672998592896045e-05,3.969672676391066e-06,5.814108314692875e-06,7.1457287830610075e-06,4.650446366383752e-06,2.706447143660808e-06
67,1.7941831437119914e-05,4.7748353476400545e-06,1.5576923127414246e-05,4.768907302990265e-05,3.9207527403698255e-06,7.156292362565105e-06,3.987484286148492e-06,4.707444193390556e-05,1.065154752304335e-05,3.961120055313009e-06,5.795298608777517e-06,7.131764025656821e-06,4.637550207901631e-06,2.7063401988561167e-06
68,1.7924734531455062e-05,4.746838877217418e-06,1.555259696439248e-05,4.777282221678697e-05,3.905627265410772e-06,7.129776049439238e-06,3.97308020575303e-06,4.716055757790749e-05,1.061233690469924e-05,3.946218939704147e-06,5.765764598618387e-06,7.103467091590523e-06,4.611046859685511e-06,2.7049188992522695e-06
69,1.8044151824796372e-05,4.725178490123328e-06,1.563981810473261e-05,4.829039669233798e-05,3.896473885715248e-06,7.13159305580789e-06,3.975577584860724e-06,4.7670019981510766e-05,1.0622755944789907e-05,3.9384440937713845e-06,5.752344988422777e-06,7.1049849817272254e-06,4.590709158415558e-06,2.714546199085061e-06
70,1.901187164733446e-05,4.76468310943148e-06,1.6401936767968864e-05,5.1379071920789905e-05,3.977830067203946e-06,7.306315240692299e-06,4.047596061755165e-06,5.0717393145116e-05,1.0974019028778118e-05,4.0205541856019976e-06,5.872616947103733e-06,7.2726674453930565e-06,4.624345427429108e-06,2.7950948576722083e-06
71,1.8340746587136623e-05,4.43326888058585e-06,1.57139228066677e-05,5.092988047799005e-05,3.7213339985887926e-06,6.686474238526422e-06,3.7589845432040133e-06,5.0222942514150915e-05,1.026403828421421e-05,3.750368398939422e-06,5.430240630289803e-06,6.619548268029422e-06,4.287924923474993e-06,2.6875207374889848e-06
72,0.0003332081664657434,5.832302155378773e-05,0.00028578637811602905,0.0010144894629879875,4.487136741284999e-05,0.0001048435740921064,4.627997827895929e-05,0.0010044638782358195,0.00017974562416292304,4.554608360179661e-05,7.834093345049947e-05,0.00010457479108142047,5.5822095703795104e-05,3.121940974894741e-05
73,0.00032506579078733376,5.588395523417879e-05,0.00027882984311729394,0.0009782824096923578,4.328330819589011e-05,0.00010050433623276136,4.4636503467406794e-05,0.0009676669387402319,0.00017529293567016604,4.3916206248257166e-05,7.550718802904014e-05,9.995939077494327e-05,5.342875860451806e-05,3.163317208800817e-05
74,0.00016091700977339764,2.8761731909413594e-05,0.0001384703917308479,0.00046605779291941174,2.2728319560501477e-05,5.099988240910621e-05,2.343342680920538e-05,0.00046101838175196207,8.73568644904503e-05,2.3047446827902035e-05,3.848442656730246e-05,5.0687265919126804e-05,2.7579739032690155e-05,1.6846439204476903e-05
75,0.00018361039018741624,3.282986486953441e-05,0.00015770622530317122,0.0005347759549112696,2.600315868642661e-05,5.813334737430865e-05,2.6807982430093673e-05,0.0005291999083035734,9.965805729517604e-05,2.6356900816277908e-05,4.389669167682217e-05,5.783610052878948e-05,3.1505892223078396e-05,1.919447716620855e-05
76,0.00018762559251829508,3.360756187102701e-05,0.00016113966098100867,0.0005468730606894224,2.660571035456384e-05,5.947523224307902e-05,2.742720884137834e-05,0.0005412380419690007,0.00010195042316150913,2.6964589292860285e-05,4.494188174537728e-05,5.919403693926601e-05,3.2254095798256345e-05,1.9591239619595338e-05
77,0.00018838082031324028,3.373432737307242e-05,0.00016178147432807286,0.000549278651602113,2.6671703749348756e-05,5.97152621651228e-05,2.749093553034924e-05,0.0005435981731957396,0.0001024030638290573,2.7027781919252698e-05,4.5134685587283036e-05,5.9443825285956605e-05,3.236930944783552e-05,1.964069473863379e-05
78,0.00018986865885276246,3.39629677954727e-05,0.0001630482695776428,0.0005540329036743123,2.678902121848495e-05,6.019334977542158e-05,2.760054149314875e-05,0.0005482755040443796,0.00010327020141191219,2.714199127281128e-05,4.5516140106118773e-05,5.992809987941794e-05,3.25707916867148e-05,1.973011536055256e-05
79,0.0001992720769088028,3.545874151312074e-05,0.00017100812665329576,0.0005838740328076626,2.789279778841022e-05,6.301588198785596e-05,2.8706871488021836e-05,0.0005777217789885857,0.00010834104789722668,2.8240789958054463e-05,4.7698524099813424e-05,6.277720305562774e-05,3.3977660873480205e-05,2.0496019359150166e-05
80,0.00019667388371827585,3.489294106887224e-05,0.00016878138525075391,0.0005757617154324484,2.743568202870338e-05,6.213236665818836e-05,2.822337759924912e-05,0.0005696653400103287,0.00010683406720209748,2.7767705202727126e-05,4.713800203105673e-05,6.189717752510464e-05,3.342380846108768e-05,2.0156062793911314e-05
81,0.0001954748548431341,3.491211020398872e-05,0.0001676678883781785,0.0005715168361990983,2.7651372499523482e-05,6.184216153872182e-05,2.8425256989740228e-05,0.0005654201715711903,0.00010601632386875677,2.79718202699553e-05,4.690091568410866e-05,6.158254638169547e-05,3.346771499197193e-05,2.0307320979321617e-05
82,0.00018877724371870106,3.380613423919915e-05,0.0001618424422858074,0.0005503525306496682,2.699371469997292e-05,5.9721876026896836e-05,2.773135999252921e-05,0.0005444090119698713,0.00010209939994003004,2.730232426347575e-05,4.532329064360166e-05,5.944253424418641e-05,3.2444186051962224e-05,1.9815935787181975e-05
83,0.0001795544341271774,3.233509386714895e-05,0.00015390081743674503,0.0005212775736315844,2.5998974340077598e-05,5.682071840887625e-05,2.6710513118320125e-05,0.0005157412472052028,9.681544479000584e-05,2.6319796780620794e-05,4.295834953266799e-05,5.652873836685483e-05,3.107276346106098e-05,1.9115309061811532e-05
84,0.00018228736826187634,3.2952724972664555e-05,0.000156239946019129,0.000529500106474399,2.6552998616020617e-05,5.778336554693597e-05,2.7284975036416374e-05,0.0005238925874842826,9.831305216022868e-05,2.6859777743666603e-05,4.372974989132402e-05,5.7483450597163475e-05,3.168236169827403e-05,1.951096877509185e-05
85,0.00018270153445466952,3.312461877841805e-05,0.00015654402905052324,0.0005308023719925682,2.6699249703498804e-05,5.7926945037194795e-05,2.7450584347378492e-05,0.0005251732049077098,9.855349371025557e-05,2.704178149094568e-05,4.371355268080153e-05,5.762721605871322e-05,3.185839812232497e-05,1.9601350780035702e-05
86,0.00018290285519724058,3.312457194232554e-05,0.00015673037563930593,0.0005315459675374842,2.6670566217217586e-05,5.8011709199624744e-05,2.7438595145535105e-05,0.0005259291025397139,9.871292886519144e-05,2.702690966972767e-05,4.3752749326572644e-05,5.7688574428437956e-05,3.1856511878585364e-05,1.959565302910935e-05
87,0.00018413502212251772,3.327357593824276e-05,0.00015784542540038342,0.0005355150839177128,2.6738079410232314e-05,5.838865386929076e-05,2.7506921928579306e-05,0.0005299397603851432,9.946410285531153e-05,2.7102630247775544e-05,4.404095304547124e-05,5.810028402779171e-05,3.198936582424107e-05,1.9669245302229885e-05
88,0.00019250073101776665,3.463295710911381e-05,0.0001650125130096908,0.0005620350434901533,2.7798170686861645e-05,6.0954532356099964e-05,2.859923391579848e-05,0.0005561919160031071,0.00010402146688623708,2.8169547791369012e-05,4.5976621816557624e-05,6.068062972004627e-05,3.329371886619093e-05,2.0439169321604323e-05
89,0.00019021053654333595,3.428920057405755e-05,0.00016311283696534242,0.0005551280420658528,2.749677593000298e-05,6.027534573856507e-05,2.8328257203526547e-05,0.0005493804158453948,0.0001028338490523411,2.7890253008557158e-05,4.5442064258875676e-05,5.9997542875215323e-05,3.2966070820342825e-05,2.023553622250291e-05
90,0.00018980003967512723,3.4283640580130725e-05,0.00016277007628520928,0.0005536797641615236,2.753229335424473e-05,6.015565437959668e-05,2.836795166849182e-05,0.0005479769806877298,0.00010256854086861152,2.7932207982547562e-05,4.533411753764729e-05,5.988269300733475e-05,3.2972049316626055e-05,2.0235200140883005e-05
91,0.00018909113944029434,3.43058592545124e-05,0.00016218474384865517,0.0005509976080306606,2.7629491790575324e-05,5.991707585342051e-05,2.8481239912799256e-05,0.0005453502790048401,0.0001020348298350295,2.803630984216487e-05,4.512012778350156e-05,5.963991243596069e-05,3.301978028861263e-05,2.0266095472370192e-05
92,0.00018433600540814198,3.364756958164228e-05,0.00015805906402975266,0.000535222611378415,2.7206213087496734e-05,5.825440435220648e-05,2.8060658856365555e-05,0.0005297460642673816,9.901979394963382e-05,2.7609100664160258e-05,4.383104067188186e-05,5.797395480536461e-05,3.242506475762487e-05,1.993474593446861e-05
93,0.00015639594764482495,2.892875095831855e-05,0.00013394374109893415,0.0004482823365592059,2.3466325808110263e-05,4.950233818262027e-05,2.4213648371872197e-05,0.00044379527473222333,8.3694264328975e-05,2.3817659739580044e-05,3.723670732526887e-05,4.924419924036858e-05,2.7900554361866254e-05,1.7188709136438134e-05
94,0.00015295063835070696,2.8601866111438214e-05,0.00013069500449247208,0.0004366310950958982,2.3239957205141788e-05,4.837774111092648e-05,2.4001764306728322e-05,0.00043209304233939483,8.153669367568983e-05,2.359727633362426e-05,3.6453350119411184e-05,4.811569865825078e-05,2.760618118226389e-05,1.706849823910381e-05
95,9.16550140435351e-05,1.7678349720909617e-05,7.832561875552516e-05,0.00025708621379832807,1.4390693451753613e-05,2.9355094353540076e-05,1.4856462229370436e-05,0.00025438960551441524,4.90197878414734e-05,1.4612339082617856e-05,2.2245632298398676e-05,2.9186746731494067e-05,1.7069675230580375e-05,1.0578362828690025e-05
96,0.00010189475674573224,1.9853212223205424e-05,8.703233518189853e-05,0.0002865734695717124,1.618228787844205e-05,3.269249527319958e-05,1.6715837729742795e-05,0.0002836287673196312,5.4556934122353204e-05,1.64248585274828e-05,2.487665058183907e-05,3.254136050545773e-05,1.91832429106602e-05,1.1915458729943122e-05
97,0.00010340183013785758,2.0209775098644572e-05,8.833585935750837e-05,0.00029118937814065504,1.6470479640647027e-05,3.3206351321738133e-05,1.7011881528241994e-05,0.00028822731884333336,5.54325629144831e-05,1.671604269715713e-05,2.530622543777105e-05,3.306637039990264e-05,1.9528327324530924e-05,1.2114964464443616e-05
98,0.00010347488874967178,2.0251512571007292e-05,8.840934230836815e-05,0.0002915434147545705,1.6500781965830603e-05,3.3241902436380935e-05,1.7044264026211316e-05,0.00028857841036399756,5.548962175839194e-05,1.6745644351039315e-05,2.5347884019236106e-05,3.310491023354081e-05,1.9569260883920354e-05,1.2131582529818983e-05
99,0.00010352029105442938,2.0274169237423987e-05,8.844803047031241e-05,0.0002917179589474981,1.651753987723844e-05,3.3259895961638636e-05,1.7061165652722633e-05,0.00028874423095662986,5.5518313584075176e-05,1.6762656514832518e-05,2.5369338225102795e-05,3.3125844881980504e-05,1.9590522082965524e-05,1.2138319556501023e-05
100,0.00010354247837295674,2.028730632744261e-05,8.846496717839413e-05,0.0002917602359523463,1.6528896726085234e-05,3.327046938696227e-05,1.7070372178209063e-05,0.000288773398220768,5.553154010474682e-05,1.6773215381079688e-05,2.5381347649965537e-05,3.314018281983005e-05,1.9602067839977935e-05,1.21434662859162e-05
101,0.00010356007135783737,2.027866000132528e-05,8.847530876539739e-05,0.00029180554238342036,1.6528551992903865e-05,3.3267643466525247e-05,1.706743523941732e-05,0.00028879902872091113,5.553416299543359e-05,1.6772863894570597e-05,2.5371812271198753e-05,3.314295205832027e-05,1.9594058237088877e-05,1.2139882926645269e-05
102,0.00010361805304571499,2.0254059487098823e-05,8.851345486784463e-05,0.0002919364931717642,1.651981229810625e-05,3.326454647170441e-05,1.7050603993531538e-05,0.0002889066396828013,5.554733463569378e-05,1.676195405770341e-05,2.535244764173614e-05,3.314693478026399e-05,1.956965110824101e-05,1.2130271081502908e-05
103,0.00010386763251775143,2.024823494117552e-05,8.867904291373083e-05,0.0002925769070386938,1.6541161292113037e-05,3.33011838924955e-05,1.705039139261211e-05,0.00028952293484799644,5.563917683352103e-05,1.6767176942700828e-05,2.5364214119029188e-05,3.319807370790471e-05,1.956117756089762e-05,1.2132313592535508e-05
104,0.00010390210854348953,2.023664644048752e-05,8.869746100660571e-05,0.00029255731188319026,1.6522057821418486e-05,3.3296554170610796e-05,1.7046256721229154e-05,0.00028949730296468133,5.56407703729384e-05,1.6759156753550976e-05,2.534769478666288e-05,3.318205848534101e-05,1.9550259066753975e-05,1.214152388135485e-05
105,0.00010386168445032336,2.030757223243296e-05,8.862504688393509e-05,0.00029245653461933157,1.6585637582732366e-05,3.33144013755724e-05,1.70928112427987e-05,0.0002893573065079274,5.560276697883621e-05,1.6813790123519776e-05,2.541362399670896e-05,3.31980015974099e-05,1.9615572204185558e-05,1.2180380834095642e-05
106,0.0001037910122050463,2.0341939695892744e-05,8.853374700461785e-05,0.0002923000310570161,1.6607117657182844e-05,3.3300378999600254e-05,1.7116348115202643e-05,0.00028922419635554313,5.5562800382536555e-05,1.683008372691508e-05,2.5418665887066996e-05,3.3160106752884874e-05,1.964561997176902e-05,1.2187412130976282e-05
107,0.00010345248190595356,2.0349047578065905e-05,8.825797137038905e-05,0.0002915742674990766,1.6603726834811017e-05,3.320435616505922e-05,1.711910181136425e-05,0.00028850104417719677,5.540341809620661e-05,1.682574564590547e-05,2.53879075905014e-05,3.306612665615871e-05,1.9649125562143668e-05,1.2189574821096487e-05
108,0.00010347117230024808,2.0386596966547343e-05,8.82535064533455e-05,0.0002917640547004368,1.6629356975049746e-05,3.322615036611894e-05,1.714074954499448e-05,0.000288695097381158,5.542269652007703e-05,1.685301496162559e-05,2.5417159878667262e-05,3.3075664985867225e-05,1.9684709892891558e-05,1.2207361223564996e-05
109,0.00010342022781029965,2.0417678915666562e-05,8.824881795123683e-05,0.00029173589241159807,1.6648786891097936e-05,3.3228244085009475e-05,1.7167872975263678e-05,0.00028867193055546515,5.5409498962332624e-05,1.6874240113683278e-05,2.5439603169784947e-05,3.308095535634349e-05,1.9716693820500292e-05,1.221892897845584e-05
110,0.00010342578758226103,2.0412804745993402e-05,8.822426648751747e-05,0.00029177662098912275,1.6642309171330594e-05,3.322600929103443e-05,1.716510120953566e-05,0.0002887146966153089,5.5418987181529376e-05,1.687104985790704e-05,2.5431789932415928e-05,3.308627634597452e-05,1.971645423848032e-05,1.2214678152016435e-05
111,0.00010347962275686763,2.038698440416445e-05,8.831091015099964e-05,0.00029190820832063614,1.661699663672047e-05,3.322210177605653e-05,1.7146743248385518e-05,0.00028887092988562666,5.545731755074165e-05,1.685176828412014e-05,2.540234733020225e-05,3.3090638165157224e-05,1.9695359799238943e-05,1.219995779721728e-05
112,0.00010365997391241585,2.0370794910693855e-05,8.849580402933146e-05,0.00029258590031022843,1.662608386217826e-05,3.3268563625871866e-05,1.7144949105218914e-05,0.00028951117938702243,5.555664255963065e-05,1.68548064662326e-05,2.541619880352804e-05,3.3149077733248634e-05,1.9681453756462166e-05,1.220119321428142e-05
113,0.0001035637127897993,2.0413449922439873e-05,8.845588244597067e-05,0.0002924012131919255,1.6629937024585195e-05,3.327690922354294e-05,1.717896592368458e-05,0.00028935545632827425,5.556475892160502e-05,1.6873837928079325e-05,2.5444069075608893e-05,3.316277819202763e-05,1.972654058604684e-05,1.2223097556629136e-05
114,0.00010347240816992034,2.043230076874375e-05,8.838266528270742e-05,0.00029222279029295556,1.6639806405282022e-05,3.32580349722913e-05,1.7189727614738982e-05,0.0002891728658149675,5.5528553211279216e-05,1.688726882447081e-05,2.5456465769371614e-05,3.3152269077708476e-05,1.974313999981282e-05,1.2229512843361334e-05
115,0.00010308947344432284,2.0418122627616408e-05,8.807194047146517e-05,0.0002912951571445516,1.661760328244195e-05,3.315487377384612e-05,1.7171492330263186e-05,0.0002882524494023445,5.53440862204174e-05,1.686666448790592e-05,2.5410305549558124e-05,3.304969760168476e-05,1.972730914512279e-05,1.2217188414363947e-05
116,0.00010271718457959728,2.039763996342763e-05,8.776135589308254e-05,0.0002902984899441151,1.6592533047645713e-05,3.304209352455034e-05,1.7150227066569432e-05,0.0002872469880684312,5.5154590280898766e-05,1.6842292485568597e-05,2.5357427095469296e-05,3.293460414047004e-05,1.97063367171416e-05,1.2205730018565176e-05
117,9.983895002152247e-05,1.9860099355411217e-05,8.529882397153032e-05,0.0002821456046340077,1.6146938943210598e-05,3.210050095072504e-05,1.6690594400444952e-05,0.00027916995111166285,5.360050231084753e-05,1.639205626281118e-05,2.4666858880013423e-05,3.199289658761075e-05,1.9185340774947953e-05,1.1880545959131761e-05
118,0.00010058279445620492,2.0073184257175207e-05,8.593334705099301e-05,0.00028420440008733797,1.6319443238399472e-05,3.2354254837020507e-05,1.686949568741115e-05,0.0002812065236882183,5.403246231645406e-05,1.6567158784134664e-05,2.490237046139018e-05,3.224660496070709e-05,1.9391527963221737e-05,1.201520847121273e-05
119,0.00010071296802993224,2.0206070047850603e-05,8.605807033967027e-05,0.00028453801258076345,1.6428169681032245e-05,3.2452154882011276e-05,1.6980313501697465e-05,0.0002815297111550916,5.416060509227256e-05,1.6679452140410538e-05,2.5032590952184963e-05,3.234235530991557e-05,1.9519772746571335e-05,1.2104339447656644e-05
120,0.0001007322651395471,2.0279747579249028e-05,8.609045366253466e-05,0.0002845663169106569,1.6481869500650496e-05,3.250747195822743e-05,1.7033106451822063e-05,0.00028155697311155724,5.420729197076721e-05,1.6742756999056453e-05,2.5110176950617067e-05,3.239348213339601e-05,1.958939623361169e-05,1.2143809920647339e-05
121,0.0001006950694200947,2.0283984943693634e-05,8.605242399833221e-05,0.0002845491127906072,1.6486117631318346e-05,3.249031171024506e-05,1.7034046918204517e-05,0.0002815385299986512,5.418321140757982e-05,1.6780258836835034e-05,2.5110082507880873e-05,3.2375919200695487e-05,1.9592711406827797e-05,1.2144838101800585e-05
122,0.0001006907633636123,2.0313516374587048e-05,8.604721381417864e-05,0.0002845514723030518,1.6512904112702545e-05,3.250492014834222e-05,1.7059659119223523e-05,0.00028153907453447584,5.419287645409577e-05,1.6765584086938286e-05,2.5133632590699697e-05,3.238871483157073e-05,1.9621649129866606e-05,1.2165998605913216e-05
123,0.00010071933389522815,2.0346415550218e-05,8.607667752197095e-05,0.0002845709948995006,1.6545841169289694e-05,3.254037942719765e-05,1.709125503575514e-05,0.0002815575598691414,5.4228065812796696e-05,1.6808659739236016e-05,2.5178232301561845e-05,3.242257565074422e-05,1.9654483325929435e-05,1.2189844872903021e-05
124,0.00010071641162990441,2.033109450073954e-05,8.605869339887775e-05,0.00028458150510873826,1.6533354637848705e-05,3.253198501354116e-05,1.7074123868705406e-05,0.00028156038878966234,5.4213223753072986e-05,1.6755444472083824e-05,2.5186168337227634e-05,3.2414347551804724e-05,1.963874709359015e-05,1.2179420680709416e-05
125,0.000100708140573054,2.024794737018209e-05,8.604274162927699e-05,0.0002846005969194954,1.646906944316253e-05,3.247533549354036e-05,1.7006141465399754e-05,0.0002815681006696281,5.415446994341721e-05,1.6727110755612212e-05,2.5098182925458153e-05,3.235786121944105e-05,1.955816973899737e-05,1.2120546455300029e-05
126,0.00010070760692052969,2.0143966397043166e-05,8.601465436914317e-05,0.0002846328420665873,1.638639039365566e-05,3.2410724967409573e-05,1.691639550576968e-05,0.00028158532967953193,5.4092212889739545e-05,1.6596609384223084e-05,2.5025425027839162e-05,3.229565734986881e-05,1.9457605526096224e-05,1.2049074967706326e-05
127,0.00010075015015949962,2.0069227543058648e-05,8.602493191252484e-05,0.0002846956332654559,1.6343403792442255e-05,3.2378007477278346e-05,1.6858040556444176e-05,0.00028163465807434855,5.407240782482807e-05,1.653988499330837e-05,2.495972358559641e-05,3.227119833223362e-05,1.9384749011644967e-05,1.2001764146387159e-05
128,0.00010090305044425905,2.004017655096582e-05,8.613564701854107e-05,0.0002850780030992044,1.632816432217279e-05,3.240592071064895e-05,1.6838726197632993e-05,0.00028200491917420754,5.412077858588617e-05,1.6518550000993452e-05,2.495788727090026e-05,3.2303442264780475e-05,1.9356862473377814e-05,1.1976281412745122e-05
129,0.00010108077520172811,2.0076484314653187e-05,8.629533852919502e-05,0.00028543023227673207,1.6360053844403192e-05,3.24933734389457e-05,1.687534235311309e-05,0.00028232856888271176,5.422035609929524e-05,1.655623690751749e-05,2.501335874232654e-05,3.2378958272600486e-05,1.9395987244496683e-05,1.2005588643452342e-05
130,0.00010110071210609084,2.002892486230546e-05,8.62659227646813e-05,0.0002854709971891247,1.634482763403574e-05,3.247187015009899e-05,1.6834293732146802e-05,0.0002823556619891958,5.419654438194745e-05,1.6520713982460425e-05,2.4978839832432866e-05,3.236470644076735e-05,1.9345555188564337e-05,1.1970885636162558e-05
131,0.00010448972442543714,2.0672811900111657e-05,8.915668496883415e-05,0.00029495777957697447,1.6882258181523915e-05,3.3562918056967336e-05,1.7388363061845294e-05,0.0002917115219163668,5.6008117733432856e-05,1.706310330861269e-05,2.5796668267732514e-05,3.3448902395609153e-05,1.997052348758367e-05,1.2364095297917807e-05
132,0.00010370135445458217,2.04567319907048e-05,8.8476814278452e-05,0.00029264725294535573,1.6710302509986944e-05,3.328170562129646e-05,1.7211117130807174e-05,0.0002894131906499869,5.5556455930564056e-05,1.6888004640539694e-05,2.5549070542188212e-05,3.3164609240927506e-05,1.9762532136319036e-05,1.2240139052085587e-05
133,0.00010357201217441855,2.0442079181310944e-05,8.836476087864157e-05,0.0002923046465184292,1.6696992437564472e-05,3.3249476723608654e-05,1.7198269564506263e-05,0.0002890844770202972,5.54902638156788e-05,1.6876118499565953e-05,2.5529874591759162e-05,3.3131178217270204e-05,1.9749069553185077e-05,1.2234141505967378e-05
134,0.00010354953840433795,2.0416574795445418e-05,8.835637547717194e-05,0.0002922480333141686,1.667390215525289e-05,3.324026898010513e-05,1.7179869251356963e-05,0.0002890471875910248,5.548159106794479e-05,1.6858549089248428e-05,2.550703921834628e-05,3.311639184334961e-05,1.9727700774633935e-05,1.2218291229562719e-05
135,0.00010354897131510003,2.0377938082552255e-05,8.838114000018539e-05,0.00029224435868377234,1.663441351670962e-05,3.323138115343086e-05,1.7154320845092565e-05,0.000289094627233393,5.5489873510024475e-05,1.6829792740026232e-05,2.5470198066981817e-05,3.3100962775079074e-05,1.969387438075306e-05,1.2206343088228844e-05
136,0.00010348219879769118,2.0344546421493085e-05,8.833076320846408e-05,0.00029215830457903044,1.6625764431278857e-05,3.321016065603706e-05,1.7126683783560154e-05,0.0002890416962045491,5.547060689416587e-05,1.680845819953439e-05,2.5445303871473663e-05,3.308648460213604e-05,1.9665045786423236e-05,1.2185293738192274e-05
137,0.00010346023412713462,2.0356678714013708e-05,8.836824536299237e-05,0.00029215125801195993,1.660732548990867e-05,3.322987051815497e-05,1.7142142036113132e-05,0.00028907703946056665,5.550414613848369e-05,1.6813885569947217e-05,2.5452434572439123e-05,3.309697249572855e-05,1.9678551715735757e-05,1.2197599441686686e-05
138,0.00010344065253488278,2.034647902098992e-05,8.834579141718939e-05,0.00029210874586269215,1.6599432106240175e-05,3.321663869189462e-05,1.7133668069525417e-05,0.0002890460707230732,5.549433264616498e-05,1.6806740759695704e-05,2.544630623751276e-05,3.308920979863751e-05,1.9668834650282417e-05,1.2191339230672836e-05
139,0.00010342220134757856,2.036800018898543e-05,8.833685562524468e-05,0.00029208446067335674,1.6611727676248292e-05,3.3226580456841586e-05,1.714885145703601e-05,0.00028902837262260035,5.549628879152113e-05,1.6822653660049335e-05,2.546386424682366e-05,3.309969674915752e-05,1.968970759882289e-05,1.2202416201342668e-05
140,0.00010341619184541323,2.0379328953749673e-05,8.834060131008874e-05,0.0002920758523712899,1.6616424166976535e-05,3.3233284968703256e-05,1.715675433991531e-05,0.0002890209264000083,5.550097949195269e-05,1.682717772750736e-05,2.5475265006184073e-05,3.3105152269662424e-05,1.9701443584336668e-05,1.220750382648344e-05
141,0.00010340404343333557,2.039881620099968e-05,8.833637009922113e-05,0.0002920583039027568,1.6628015440374416e-05,3.3240908457696236e-05,1.717135106181249e-05,0.00028899855222831646,5.5504754108857386e-05,1.6840336324709315e-05,2.549372367257565e-05,3.3112865250384786e-05,1.9719175964007578e-05,1.2215253796657033e-05
142,0.00010335976991430426,2.041522075378697e-05,8.830724377465523e-05,0.00029193949540392693,1.66357246520767e-05,3.323982924333313e-05,1.7180881473752193e-05,0.00028887635866248944,5.5492583575284115e-05,1.6848873450058515e-05,2.550716263808578e-05,3.311138859521158e-05,1.9734529618594858e-05,1.2223150525411244e-05
143,0.0001030793928097994,2.0391427440289603e-05,8.807392760945914e-05,0.0002911844290369259,1.661040595281981e-05,3.3167558505578925e-05,1.7155747024562998e-05,0.0002881305042967665,5.535143287771081e-05,1.6823509490841048e-05,2.5466428938251423e-05,3.303876788948801e-05,1.97107997592631e-05,1.22029654897259e-05
144,0.00010316193833746594,2.041178509088366e-05,8.814754396825672e-05,0.0002914217510169623,1.662731748835074e-05,3.3195965091153616e-05,1.7173619705127325e-05,0.0002883663201413893,5.539950245005121e-05,1.6840336456195012e-05,2.5489009899859113e-05,3.3067745273893624e-05,1.9731181955967286e-05,1.2215162484927384e-05
145,0.00010317198261983144,2.040420325343887e-05,8.815366580216219e-05,0.0002914402225726886,1.6622211028701096e-05,3.319386542384489e-05,1.7166436087886503e-05,0.00028838295918447306,5.5400486859214996e-05,1.6834478292812316e-05,2.548094512125877e-05,3.306641632893606e-05,1.9723758711489987e-05,1.2209875411529492e-05
146,0.00010317971062250276,2.0395590323067627e-05,8.815483088982977e-05,0.00029144910746762073,1.6617937655303276e-05,3.319060439424386e-05,1.7162567532384277e-05,0.0002883883741350041,5.5400220819434744e-05,1.683097251648368e-05,2.5472316421838956e-05,3.306453242254307e-05,1.9715497913879767e-05,1.2205334947197064e-05
147,0.00010319343431209829,2.0387436614834958e-05,8.815776648956879e-05,0.0002914743591443971,1.661375764286211e-05,3.3188952566213484e-05,1.715645412076852e-05,0.0002884093277594915,5.540270317596699e-05,1.682798517681382e-05,2.54565794022517e-05,3.306423587696765e-05,1.9707549957624393e-05,1.220151457751144e-05
148,0.00010325130630480017,2.0378422769595808e-05,8.819579279155637e-05,0.00029160001579873075,1.6610151820399292e-05,3.3200562143058076e-05,1.7149381359890262e-05,0.00028853363772441857,5.542587748124592e-05,1.682329979243756e-05,2.5416160569358372e-05,3.307567179220931e-05,1.970003564560127e-05,1.2198837280258977e-05
149,0.00010354305144572365,2.0386082883430985e-05,8.842979403470061e-05,0.00029238180406895034,1.6626867857930143e-05,3.32726672552489e-05,1.716380813844944e-05,0.00028929094879685607,5.5563889711432576e-05,1.6843571466096898e-05,2.546799237191405e-05,3.314995955477178e-05,1.9708388375385693e-05,1.2208975557503296e-05
150,0.00010352653340233703,2.028353215210847e-05,8.83980350786715e-05,0.0002921957340299125,1.656299984930938e-05,3.323189479535604e-05,1.7092255453296454e-05,0.00028909242672009255,5.552158128948195e-05,1.677512848364396e-05,2.5340745134258154e-05,3.3110412761001187e-05,1.961112891718024e-05,1.2156664822344258e-05
151,0.0001035608859674473,2.0127891737339934e-05,8.83971482236822e-05,0.00029220843275197593,1.6459691069976885e-05,3.316532364569798e-05,1.6968320223647726e-05,0.000289091706890956,5.547267169910121e-05,1.6664517109492835e-05,2.5220030923149806e-05,3.304968655959643e-05,1.946074690594892e-05,1.2076040290532115e-05
152,0.00010361272126830666,2.0004382984935954e-05,8.840207756857408e-05,0.00029221346161978237,1.6385740762574612e-05,3.311208266799254e-05,1.6878578846545755e-05,0.0002890978234264335,5.544321250765459e-05,1.6581270582722795e-05,2.5127800313523496e-05,3.300353160019614e-05,1.9343106636345046e-05,1.202658744201668e-05
153,0.00010362291365959552,2.002214565188419e-05,8.839476896158685e-05,0.0002922363015162487,1.6393426032999525e-05,3.3124032087197215e-05,1.6895891899056973e-05,0.00028909787758783626,5.5436903354450253e-05,1.6597303507390116e-05,2.5149946034270337e-05,3.300499419474923e-05,1.9363624224986904e-05,1.2054637776764404e-05
154,0.00010366109318502363,2.008032447897117e-05,8.837961979543165e-05,0.00029229568436542883,1.645709279744515e-05,3.314092608520823e-05,1.6936837483579107e-05,0.0002891304923597716,5.5440683972239866e-05,1.6642804088021828e-05,2.520372952445862e-05,3.303003738982042e-05,1.941591693650761e-05,1.2077512687018285e-05
155,0.00010367419808271495,2.0099342636059687e-05,8.839834608442989e-05,0.0002922844079827672,1.6465366574407906e-05,3.3152041152184264e-05,1.6949037397974166e-05,0.0002891352642810431,5.544755739479352e-05,1.66494682209843e-05,2.5214864431058926e-05,3.303583718331927e-05,1.9431283172509425e-05,1.2094508938170043e-05
156,0.00010367043559697733,2.0116983209842476e-05,8.839107499117786e-05,0.0002922968821575986,1.647202317377765e-05,3.314680544201923e-05,1.69589640567388e-05,0.0002891430645759754,5.545186305812081e-05,1.6656771827034113e-05,2.5226957366701136e-05,3.303306600001611e-05,1.9449525461743707e-05,1.2095531264437328e-05
157,0.00010366968298037812,2.0259990757631857e-05,8.840562505507738e-05,0.00029229448126497976,1.6569689516345127e-05,3.321936089392067e-05,1.7065163454918187e-05,0.00028912703039045147,5.5495418290975983e-05,1.6758891306606793e-05,2.5350368684003685e-05,3.310342386389954e-05,1.9586123823583106e-05,1.216979974973395e-05
158,0.00010365374936595312,2.0281532276035237e-05,8.841249306391728e-05,0.0002922869355537382,1.657521031800605e-05,3.322877378745646e-05,1.707980745300081e-05,0.0002891320544827773,5.550168534459487e-05,1.6771575910770715e-05,2.536083232422281e-05,3.310302772372243e-05,1.960857339782215e-05,1.2171519365478627e-05
159,0.00010363221903771777,2.028432382170905e-05,8.842880707198356e-05,0.0002922733142900315,1.6559840029114914e-05,3.323425749432809e-05,1.7081975946364e-05,0.0002891535234128544,5.551534672566705e-05,1.676579048864149e-05,2.5354594775351713e-05,3.310287878391592e-05,1.9611541743001396e-05,1.2167051560306286e-05
160,0.0001035423297522854,2.0280685391076964e-05,8.836882737939069e-05,0.00029216731095287204,1.6569653105249607e-05,3.3220218852333375e-05,1.7074197252321417e-05,0.00028907400463603066,5.549869103214895e-05,1.6763987785132893e-05,2.5353587625031275e-05,3.309565967286384e-05,1.961063660505425e-05,1.2166040485337395e-05
161,0.00010349367799909699,2.0317621594578373e-05,8.839340704079882e-05,0.0002921306946656241,1.656825122585071e-05,3.324195899121957e-05,1.7111151227962078e-05,0.0002890746476920498,5.553411928303008e-05,1.6787498587404822e-05,2.53804688880956e-05,3.3109354141634133e-05,1.9646299360431492e-05,1.2179330490005259e-05
162,0.0001034427766809087,2.0333525558422164e-05,8.837374583249334e-05,0.0002920148546071705,1.6573436262411303e-05,3.323272314696563e-05,1.7136713695621637e-05,0.0002889816654970139,5.55295647289001e-05,1.6796344339251384e-05,2.5395062717225564e-05,3.310343689728933e-05,1.9662053760722124e-05,1.218436503245676e-05
163,0.00010335877997979536,2.0377366339083145e-05,8.8423442415264e-05,0.0002916733910171414,1.6599669783816546e-05,3.320225261630803e-05,1.7234593374263676e-05,0.000288735212952592,5.553619662618177e-05,1.6820112808019854e-05,2.544333259500222e-05,3.307704861381903e-05,1.9702318565895494e-05,1.2204074214589488e-05
164,0.00010314444096162737,2.0400069747680994e-05,8.813221227110518e-05,0.00029130472133774175,1.6596602347087913e-05,3.313721385075451e-05,1.7288266339095636e-05,0.0002882981280474628,5.556818228291208e-05,1.6817720867657523e-05,2.5441753709152866e-05,3.2980865092017816e-05,1.972294926160173e-05,1.221523789419502e-05
165,0.00010216399357537327,2.0394012532818897e-05,8.662579902929542e-05,0.0002894558569759516,1.6449278753347463e-05,3.304794882716774e-05,1.6665953259419403e-05,0.00028664180064635935,5.4939948948546265e-05,1.6743210178183812e-05,2.604297216694898e-05,3.281582497432089e-05,1.972007183669885e-05,1.219588536094143e-05
166,9.626330853245994e-05,1.9635114534701416e-05,8.16934595543169e-05,0.00028056186010412337,1.631126133089147e-05,3.1134794476662264e-05,1.6229052152337638e-05,0.00027819939895607686,5.270729565909836e-05,1.6094801348035128e-05,2.496122299606766e-05,3.093463572629472e-05,1.899707410655177e-05,1.1788667347101982e-05
167,6.182736584376207e-05,1.3230357911544203e-05,5.258459970682544e-05,0.0001800934805748192,1.1457979948194984e-05,2.02547114017794e-05,1.183323753026308e-05,0.00017847434664234037,3.449070806490596e-05,1.1689173153805058e-05,1.7201584540709182e-05,2.0187955024599383e-05,1.2827358714686472e-05,8.162244602750402e-06
